{
    "title": "동물행동학", 
    "author": "유정칠 외 역", 
    "publisher": "(주)범문에듀케이션", 
    "department": "외과", 
    "disease": 
    "어린 강아지 앞에 소리를 내는 새로운 장난감을 던져주고, 무슨 일이 일어나는지 살펴보자. 어린 고양이와 어린 강아지는 이러한 사물들을 가지고 노는 것으로 나타날 것이다. 또한 두 마리의 어린 강아지를 가져다 한 방에 두면, 이번에는 두 강아지가 서로 노는 것으로 나타날 것이다. 애완동물의 주인들은 그들의 동물들이 분명히 논다고 말한다. 실제로, 애완동물들의 놀이에 대한 이야기들은 아주 유명하며, 예도 매우 많다.\n이 장에서 우리가 살펴보겠지만, 놀이는 많은 유형을 가질 수 있다. 행동학적 증거들은 모든 동물들이 놀이에 참여하는 것은 아니지만, 놀이는 매우 일반적이고 특히 어린 개체들 사이에는 그렇다는 것을 보여준다. 어린 동물들은 서로 다정하게 엉켜 놀고, 그들의 환경에서 발견하는 물체들을 두드리고, 차고, 밀고, 특별한 이유 없이 서로를 쫓고, 점프하거나, 나무를 계속하여 기어오르고 내려오고, 실제 하지 않는 먹이를 사냥하는 연습을 하기도 한다.\n영장류들과 같이 큰 뇌를 가지는 척추동물들에서 놀이가 더 일반적이지만, 놀이가 이 그룹에 한정되지는 않는다.\n• 놀이는 어떻게 정의되는가?\n• 놀이의 유형들인 사물놀이, 운동성 놀이, 사회적 놀이와 그들의 가능한 기능들\n• 놀이의 내분비학적, 신경생물학적 기초들\n• 놀이의 계통발생\n| 놀이의 정의\n이 책에서 우리는 행동학 문헌들에 이미 존재하는 정의들을 가능한 사용했으며, 종종 이러한 정의들은 우리가 다루는 사물들의 일상적 의미와 맞아 떨어졌다. 예를 들어서, 개들이 물고 흔드는 행동은 일반적으로 싸움이나 포식과 같은 위험한 활동 동안 나타난다. 그러나 물고 흔드는 행동은 또한 어린 개들의 놀이행동이기도 하다. 베코프는 “인사(bow)”와 같은 놀이표식들이 물고 빠르게 옆으로 머리를 흔드는 행동보다 먼저 일어나, 그것들이 위험한 행동들이 아니라는 것을 나타낸다고 보았다(Bekoff, 1995). 즉, 인사는 다음의 행동이 새로운 놀이활동이라는 것에 대한 의사소통인 것이다. 다른 하나의 놀이표식은 특별한 종류의 소리일 것이다. \n“어떻게 동물들이 그들이 놀이에 관여하고 있는지를 아는가”의 다음 질문은 분명히 “놀이 시간이 언제인지를 아는가”와 “왜 놀이가 공정한가”이다. 할퀴거나 무는 것을 포함한 사회적 놀이 동안 실제로 짝에게 고통을 주는 속임수는 상해를 입히는 동물에게는 많은 실질적 순이익을 가져올 수 있을 것이다. 그러나 그러한 사회적 놀이 동안의 속임수는 다른 개체들이 속인 그 개체를 외면하게 만들 것이다. 만약에 사회적 놀이로부터 얻는 이익이 충분히 크다고 한다면 따돌림을 당한 개체는 상당한 부정적 영향을 받게 될 것이다."
}