{
    "title": "소동물 무릎관절의 정형외과병리",
    "author": "권오경 옮김",
    "publisher": "(주)범문에듀케이션",
    "department": "외과",
    "disease": "\nChapter 3\n무릎관절과\n관련된 뼈의 골절\nFractures of the bones\nrelated to the stifle joint\n \n먼쪽 넙다리뼈 골절의 분류\n이 부위 골절은 내고정연구회(AO)의 골절선에 따른 분류 시스템에 따라 분류된다. 그러나 실제 임상에서 여기에 나타난 분류는 광범위하며, 덜 학문적이지만 직관적이며 실용적이다.\n무릎관절에 가까운 넙다리뼈의 골절은 다음과 같다:\n• 관절위돌기 골절\n• 성장판 영역의 골절(Salter-Harris Types I-V)\n• 관절돌기사이 골절(T 또는 Y )\n• 넙다리뼈관절돌기 골절(단일 관절돌기)\n넙다리뼈 원위 말단의 골절\n이 골절은 말단 또는 관절돌기의 골단 부위 및 골간단 또는 관절위돌기 골절을 포함하며 모든 넙다리뼈 골절의 약 7%를 차지한다. 이 부위의 뼈 구조는 매우 강하지만, 가령과 함께 약해지며 어린 동물에서 고에너지 외상을 겪을 경우 뼈의 탄력성과 성장판의 약함으로 인해 뼈의 변형을 초래할 수 있다.\n넙다리뼈의 골간에 비해 뒤쪽으로 돌출된 관절돌기는 뒤쪽으로 갈수록 넓어지고 비대칭적 모양이 된다. 따라서 관절면은 수평면에 대해 약간 기울어져 있다(약 24°). 관절의 앞쪽에서, 무릎위오목(suprapatellar recess)은 넙다리뼈네갈래근 인대를 넙다리뼈에서부터 분리한다. 이를 통해 인대가 미끄러지듯이 움직이며 무릎관절의 굴곡과 신전을 확실히 할 수 있다.\n넙다리뼈네갈래근과 넙다리뒷부분의 햄스트링 근육의 작용은 골절부를 당겨 단축시키는 경향이 있다. 장딴지근육은 관절위돌기 결절에서 유래를 하는데 이는 원위 골편을 뒤로 당겨 골변형을 증가시킨다. 관절돌기가 골절 선에 의해 분리될 때, 그들은 또한 서로 독립적으로 회전하는 경향이 있다.\n부상의 병인론\n가장 흔한 상해(75%)는 고에너지 외상, 자동차 사고, 낙상 등으로 인한 것이다. 나머지 25%는 노령 동물에서 저에너지 부상으로 인한 것이다. 전자의 경우 더 많은 관절 손상과 혈관, 근육 및 인대 닿는 곳과 관련된 손상을 많이 보게 된다. 무릎관절의 이러한 부상은 꽤 흔하다.\n임상 검사\n다발성 외상으로 병원에 오는 환자에서 골관절의 온전함을 평가하고 혹시 모를 혈관 손상 및 구획 증후군(compartment syndromes)을 배제하기 위해 먼쪽 넙다리뼈, 무릎관절 자체 및 근위 넙다리뼈에 대한 임상 검사와 방사선 검사를 해야 한다.\n구획 증후군은 근막으로 둘러싼 구조물(주로 근육 구조물)이 외상으로 인해 염증을 일으키는 심각한 상태이다. 유연성이 없는 근막은 염증이 있는 구조를 수용할 수 없기 때문에 이 근육 내부의 압력이 증가한다. 압력의 증가가 높고 그 시간이 길어지면 이 구획에 수용된 신경 및 근육과 같은 구조물이 손상될 수 있다. 또한 근육 관류에 문제를 일으킬 수 있다. 그러므로, 즉각적인 조치가 취해지지 않으면, 영향을 받는 구획의 근육 또는 근육 다발은 구축이 되어 그 기능을 잃을 수도 있다. 절단을 해야 할 수도 있다. 이것은 어린 동물의 고에너지 부상에서 특히 중요하다. 또한 수술적 처치 과정에서 연조직은 극도로 주의를 기울여 조작해야 하며 폐쇄 전에 그 조직의 기능을 확인해야 한다.\n방사선 검사\n넙다리뼈의 원위부 골절에 대한 방사선학적 평가를 위해 보통 전후 및 외측 기본 X-ray 사진을 찍는다. 일반적으로 골절이 관절돌기 사이에 발생한 경우, 사선으로 X-ray 촬영을 해야 한다. 이러한 경우에는 CT (computed tomography) 촬영을 하는 것이 좋다.\n첫 번째 징후로서, 반대쪽 무릎관절에 비해 관절 공간이 넓어지는 것은 병적인 상태로 고려할 수 있다는 것을 명심해야한다.\n모든 대학 병원과 정형외과 전문병원에서 사용하는 CT 촬영은 수술 전 골절 평가에 유용하며 수술 치료 계획을 수립하는 데 엄청난 도움이 된다.\n치료\n항상 그렇듯이 치료의 목적은 다리를 보존하고 그 기능을 회복시키는 것이며, 보다 구체적으로 무릎관절의 기능을 회복시키는 것이다. 여기에는 다음이 필요하다.\n•\t혈관과 신경 손상 및 합병증의 사전 진단 및 치료\n•\t관절의 생체역학이 골절 전과 동일하도록 기계적 축과, 해부학적 축 그리고 관절라인의 24°의 경사유지를 복원하기 위해 골절된 골편을 알맞게 정렬\n•\t연골 손상 및 외상 후 골관절염을 일으키는 스트레스를 방지하기 위해 관절 표면의 해부학적 재건\n•\t관절낭막 및 인대의 섬유화나 유착으로 인한 강직을 예방하고 기능의 조기 회복을 통한 연골 손상의 최소화\n궁극적으로 해부학적 환납, 단단한 고정 및 기능의 조기 회복과 같은 모든 골접합술의 요건을 충족시켜야 한다.\n국소 골절부위의 배열을 맞추는 것은 어느 정도 쉬운 편이나 근육의 작용과 특이적인 해부학적 형태 때문에 단단한 고정을 유지하는 것이 쉽지 않다. 특히 T 골절에서 그러하다.\n노령 동물에서 골치유는 느리고 좋지 않다. 임상 경험에 의하면, 적절한 처치를 통해 조기의 다리 사용을 가능케 하는 안정적인 내고정이 보존치료보다 기능적 회복이 우수하다고 알려져 있다.\n혈관이나 신경손상의 합병증이 없는 경우 골절은 응급상황은 아니지만, 동물이 몸상태 및 다른 부상이 안정화되는 초기 24~48시간 이내에 처치를 하는 것이 가장 좋은 결과를 얻는다. 이러한 골절에서의 골접합의 원리는 다음과 같다.\n•\t골절 처치를 위해 사용할 이식물을 정상 다리의 X-ray 사진에 겹쳐서 비교해본다. 이는 수술 계획에 도움을 주며 특히 플레이트를 사용할 경우 미리 플레이트 모양을 잡은 후 멸균을 할 수 있게 한다.\n•\t괴사나 골편의 부골화를 막기 위해 혈행 보존을 최대한 유지하여야 하므로 골편 사이를 조작할 때 연부조직을 최대한 조심스럽게 다루어야 한다.\n•\t골절로 인해 골이 여러 조각 나 있는 경우 배열 교정을 위한 직접적인 조작을 최소화하고 넙다리뼈의 골간 부분에서의 견인과 같은 간접적인 조작을 통해 환납한다. 정확한 환납을 위해 연부조직을 과도하게 조작을 하는 것은 연부조직 주변 혈관의 혈전을 발생시킬 수 있다.\n•\t자가 해면질골 이식은 어떤 예에서는 붕괴된 해면질골의 재건을 도우며 골편들 간의 접촉을 통한 국소 안정성을 증가시킨다.\n•\t안정적인 골접합을 위해 큰 동물에서는 플레이트 사용이 이상적이다. 나사나 핀은 골절유형에 따라 다양한 병용 고정 방법에 도움이 된다.\n•\t어쨌든, 고정은 다리의 조기 사용이 가능하도록 해야 한다. 다리 사용에 관한 물리치료방법은 물리치료사의 판단하에 골치유 과정에 맞게 처음에는 수동적 다음에는 능동적 다리 움직임, 이후 짧은 거리를 부분 체중부하로 다음에는 전 체중부하로 걷게 한다.\n요약하면 말단부 골편이 다소 작을 수 있어, 외과적인 처치 없이는 적절한 환납을 할 수 없으므로 보존적 처치는 충분한 안정성을 제공하지 못한다고 생각해야 한다.\n이 골절을 치료하기 위해 가장 보편적으로 사용되는 것은 K-wire이며, cerclage wire나 나사가 결합될 수 있고 큰 동물에서는 플레이트까지 사용할 수 있다.\n골간단에 여러 조각의 골절이 있는 경우 플레이트를 이용하여 교정해야 한다.\n \n외과의는 스스로 자기의 한계 및 경험, 수술을 위한 재료에 대해 잘 알아 두어야 한다. 수술전문병원을 가기 전까지 보존치료를 하는 것이 오히려 부적절한 수술을 받는 것보다 낫다. 보존처치 후 2차적인 수술을 하는 것이 초기의 부적절한 수술 후 다시 하는 것보다 훨씬 안전하고 쉽다.\n염두에 두어야 하는 관련 손상은 다음과 같다.\n1.\t인대 손상은 대개 기능적 회복을 위해 고정이 필요한 정도와 기간을 고려할 때 초기가 아닌 이차적 처치를 통한 방향으로 치료한다.\n2.\t무릎관절에 직접 충격으로 인한 부양 무릎관절(Floating stifle joint)은 정강뼈 근위 1/3의 다른 골절과 관련된 먼쪽 넙다리뼈 골절을 일으키는 것으로 재활을 촉진시키기 위해 두 손상은 바로 고정처치를 하여야 한다.\n3.\t손상을 입은 같은 편 다리의 골절들은 조기 부중을 가능케 하기 위해 다 같이 고정하여야 한다.\n4.\t골절을 환납한 후에도 신경손상이 호전되지 않을 경우 고정을 하는 과정에서 직접 검사를 하여야 하며 손상이 지속되는 경우 신경검사 및 근전도를 실시하여 상태를 평가하여야 한다.\n합병증\n수술 결과는 골절 유형에 따라 다르지만 현대의 골접합 기술의 발달로 대부분 만족스러운 결과를 얻는다. 위에서 언급했듯이 결과의 성공 여부는 80% 이상이 수술 팀의 경험에 좌우된다. 대부분의 저자에 따르면 성공률은 약 60~70%이다.\n강직은 가장 흔한 합병증이다. 부적절한 골화로 인한 뼈에 기인하거나 또는 관련된 연부조직의 영구적인 손상 결과로 발생할 수 있다. 일반적으로 이러한 강직은 무릎관절의 굴곡과 신전을 제한하며, 원인에 맞게 외과적으로 교정해야 한다. 다리 움직임을 제한하는 골성연결(bony bridge)이 생긴 부정유합의 경우 골성연결부위를 정리함으로써 치료한다. 연부조직(인대 및 힘줄)의 작용이 영구적으로 되지 않아 생기는 경우에는 반드시 교정해줘야 한다.\n관절 유착은 관절낭막인대의 수축 흉터 또는 근육의 섬유화로 인하여 무릎위 활막 오목(suprapatellar synovial recess)의 기저부에서 가끔 볼 수 있다. 이러한 유착은 마취하에서 관절경을 이용한 관절박리술(유착부 절개) 또는 반흔조직에 의해 넙다리뼈 피질에 붙어 있는 근육을 분리시켜줌으로써 해결된다. 거꾸로 된 V 형태의 건 절단술을 이용하여 넙다리뼈네갈래근의 힘줄을 연장할 수도 있다. 이러한 처치로 현재의 관절가동 범위보다 굴곡 및 신전이 개선될 수 있다. 그러나 모든 넙다리뼈네갈래근이 구축된 경우 예후가 좋지 않다.\n감염 및 불유합은 드문 경우이며 혈관이 잘 형성되어 있기 때문에 약 5% 정도 빈도로 발생한다. 그러나 요골과 같은 다른 뼈의 이러한 원위부 골절은 혈관이 잘 형성되어 있지 않아 불유합이 되거나 지연유합이 될 확률이 높다.\n내반(varus) 또는 외반(valgus) 부정유합 발생은 특히 수술 능력에 달려 있으며 적절한 절골술로 치료해야 한다. 절골술을 하지 않을 경우 다리의 역학적인 축이 바뀜으로써 시간이 지남에 따라 근위 및 원위 관절이 모두 손상된다.\n정강뼈의 근위부 골절\n넙다리뼈 말단부의 골절과는 달리 정강뼈에서는 골절선이 관절면 자체에 직접적으로 영향을 미치며 인대와 반달 손상도 가끔 발생한다.\n넙다리뼈의 원위부 골절에서와 마찬가지로 연관된 신경 혈관 손상이 예후와 강직 발생을 결정한다. 불완전한 골 유합으로 인한 관절면의 변이는 속발성 골관절염의 원인이 될 수 있다.\n병인론적 발병학\n넙다리뼈에서와 마찬가지로 골절의 유형은 뼈 구조의 상태(동물의 나이로 결정됨), 외상의 에너지 및 힘의 방향(관절의 내반, 외반 또는 양쪽으로의 강제적인 움직임; 압착; 등)에 의해 결정된다. 정강뼈 고원 골절은 고에너지 외상을 필요로 하는데 이 부위는 해면질골 구조가 튼튼하기 때문이다. 정강뼈 고원 골절은 또한 연관된 인대와 반달 손상이 동반되는 경향이 있다.\n이들 손상에 대한 분류는 두 가지 중요한 골절선을 다루고 있다: 하나는 한 고원을 분리하거나 양 고원을 횡단하는 세로선이고 다른 하나는 성장판을 포함하거나 포함하지 않는 가로선이다.\n임상 검사\n통증, 기능 장애, 비정상적 움직임을 가진 골변형 및 염발음은 수의사에게 골절의 가능성을 시사한다. 다음과 같은 관련 손상을 배제하기 위해 적절한 검사가 수행되어야 한다.\n•\t신경 혈관 손상: 정강뼈 신경에 영향을 줄 수 있으며, 손상 정도(신경 절단, 축삭 절단 또는 신경 압박)에 따라 뒷발목관절의 신전 및 발가락의 굴곡을 제한하는 다양한 정도의 손상이 나타난다. 만약 영향받은 신경이 비골 신경이라면, 뒷발목의 굴곡과 발가락의 신전 능력이 제한된다.\n•\t근육 부상: 이들은 정강뼈 근위부 골절에서 덜 일반적이며 근육의 수동적 움직임과 특히 장딴지근 및 앞정강근의 긴장으로 인하여 통증이 동반된다.\n•\t무릎관절의 곁인대 손상: 내반이나 외반의 작용과 관련이 있다. 그러나 이러한 손상은 촉진 시 통증 이외에 큰 임상적 정보를 제공하지 않으며 곁인대 손상으로 진단하기가 쉽지 않다. 스트레스 방사선 검사는 완전한 파열을 진단하는 데 유용하며 초음파는 염좌를 진단하고 염좌의 등급을 결정하는 데 유용하다. 어떤 등급의 염좌이든, 관절낭막인대의 섬유화는 적절한 해부학적 환납이 뼈 표면 사이에서 이루어진다면 안정성을 회복하기에 충분한 조건이 된다. 통증이 인대의 경로를 따라, 그리고 닿는 곳에 존재할 경우 인대 손상을 의심할 수 있으며 내반 또는 외반이 되도록 하는 스트레스 X-ray 검사를 통해 확인할 수 있다.\n방사선 검사\n때로는 일반 촬영(전측 및 외측) 이외에 사선 및 스트레스 투사로 찍어야 한다.\n넙다리뼈 원위단 골절에 대한 장에서 언급했듯이, 반대편 무릎관절과 비교하여 관절공간이 확장되어 있는 것은 병적인 상태로 고려되어야 한다.\nCT 스캔은 수술 전 골절 평가에도 유용하며 수술 계획하는 데 많은 도움이 된다.\n치료\n이 손상의 즉각적인 치료는 약간의 굴곡(약 30°) 상태로 관절을 로버트 존스 붕대로 고정시키고 소염제를 경구투여하는 것이다. 소염제는 염증을 완화시키고 통증을 줄이며 환자를 편안하게 한다. 그리고 수술 전까지 운동제한시킨다.\n수술은 속발성 골관절염을 예방하기 위한 안정성 확보뿐만 아니라 관절기능의 회복을 통한 운동성 회복을 목표로 하는 치료법이어야 한다. 배열이상은 강직, 관절 부조화 및 궁극적으로 골관절염을 발생시키므로 생기지 않도록 해야 한다.\n목표를 달성하기 위한 원칙은 골접합의 고전 원리와 동일하다.\n•\t허용되는 한도 내에서 해부학적 환납\n•\t조기 가동이 가능한 골절부의 단단한 고정. 조기 가동은 근육과 관절의 강직을 예방하고 관절연골의 영양화를 촉진시킨다.\n•\t수동적 관절운동과 지속적인 재활. 연골조직을 보호하고 골유합 동안의 2차적인 골절을 방지한다.\n•\t이러한 재활치료의 원리는 Salter-Harris 골절 또는 곁인대 손상에서 보존처치를 선택한 경우에도 적용 가능하며 또 적용해야 한다.\n보존처치\n보존처치가 지시되는 경우\n•\t미약한 변위가 있는 Salter-Harris 골절\n•\t곁인대 신장이나 파열이 있으나 불안정성이 심하지 않은 경우\n•\t분쇄골절이나 피부 손상으로 인해 골절에 대한 수술이 불가능한 경우\n“미약한 변위”의 정의에 대해서는 논쟁의 여지가 있다. Type I 및 Type V Salter-Harris 골절 모두 보존처치를 해야 하는 것으로 받아들인다. 다른 모든 경우에 변위가 3 mm 이상인 경우에는 보존처치가 적절치 못할 것이라고 한다.\n사용할 수 있는 보존처치 방법은 다음과 같다.\n•\t미약한 변위: Cast를 이용하여 4주간 고정시키고, 이후 4주간은 살짝 굴곡시킨 상태로 로버트 존스 붕대를 하여 약간 움직일 수 있게 해준다.\n•\t변위된 골절: K-wire를 이용한 고정 후 물리치료를 통한 관절움직임을 셋째 주부터 시작한다.\n외과적 치료\n보존 치료에 포함되지 않는 모든 골절에 지시된다. 즉, 골절부의 변위가 3 mm를 초과하는 골절의 70%, 압박 골절의 24% 및 붕괴된 거의 모든 골절, 뿐만 아니라 T 및 V 골절의 65%는 외과적 처치를 필요로 한다. 원위골간단이나 골간에 골절선이 있는 골절에도 수술적 안정화가 필요하다. 관련된 혈관의 손상과 함께 있는 골절도 수술적으로 안정화되어야 한다.\n사용할 수 있는 골접합 방법은 다음과 같다:\n•\t분리된 골절에서, 핀을 이용한 고정이면 충분하다.\n•\t다른 모든 골절, 특히 대형견의 골간단 골절에서는 지지 플레이트(buttress plate)를 사용해야 한다. 지지 플레이트는 골간단 피질을 지지하고 체중 부하 시나 근육의 힘에 의해 움직이지 않도록 하기 위한 것이다.\n•\t전단력에 의한 정강뼈 고원의 쟁반골절이 닥스 훈트에서 보고되었다. 이것이 유럽 전역에서 흔한 품종이라는 것을 감안할 때, 저자는 이러한 유형의 골절을 관찰하고 수술 후 오랜기간의 경과를 관찰할 수 있었고, 따라서 이 특정 품종에서 최상의 치료법은 골절부를 정복하고 골편을 견인 나사(traction screw) 하나로 고정하는 것이라고 단언할 수 있다.\n•\t골간단 골절과 골간 골절에서는 압착 또는 중화 플레이트(compression or neutralization plate)를 사용해야만 골접합이 일어날 수 있다.\n•\t정강뼈 조면 손상은 물리적으로 버팀대로서 기능하는 tension band로 고정해 준다. 성장기 동물에서 정강뼈 조면 골절은 항상 무릎뼈의 근위 변위(“patella alta”)를 동반한다. 정강뼈 거친면 성장판의 해부적 구조로 인해 대부분의 경우 박리는 완전하지 않고 부분적이다.\n따라서, 골절을 적절한 해부학적 위치로 환납시킨 후 반대편 피질에 도달되지 않게 K-wire로 고정해주어도 충분하다. 이러한 고정은 골단 연골의 성장과 정강뼈 조면의 지속적인 움직임을 허용한다. 무릎인대의 부착부가 원위로 이동하면 근골격계 장애가 발생할 가능성이 매우 높다.\n•\t성장판 골절은 넙다리뼈의 성장판 골절에 제시한 동일한 원칙에 따라 치료한다. 매우 흔한 정강뼈의 II형 Salter-Harris 골절에서 보존처치가 가능하다. 앞서 말한 바와 같이, 보존처치는 넙다리뼈의 골절에서는 만족스러운 결과를 얻지 못한다.\n골간단 골절에서 골편의 변위가 발생하는 것이 매우 일반적이므로 더 문제가 된다. 이 골편의 변위가 일찍 진단되지 않으면 무릎뼈의 탈구 및 관절 변형과 같은 심각한 합병증이 발생한다.\n \n무릎뼈의 외상성 부상\n타박상\n이 손상은 이 뼈의 표면적 위치 때문에 매우 일반적이다. 관절혈종과 어느 정도의 골연골 붕괴를 일으킬 수 있으나 대부분 감지하지 못한다. 때로는 오래 지속되는 통증을 유발한다.\n탈구\n외상성 무릎뼈 탈구는 해부학적으로 취약하지 않다면 발생이 드물다. 이는 관절낭막과 내측광근의 찢어짐에 의해 생긴다. 확실한 외상에 의한 무릎뼈 탈구는 쉽게 진단할 수 있지만, 그렇지 않은 경우 검사에서 반달이나 내측 곁인대 손상과 일치하는 증상 및 징후를 나타낼 수 있다. 외상성 탈구는 흔히 관절 내의 골연골 골절을 동반한다. 치료는 찢어진 구조물의 회복을 돕기 위해 탈구를 환납시키고, 2~3주간 관절부를 고정시킨다.\n골절\n무릎뼈는 두 가지 역학적 이유로 골절될 수 있다.\n•\t간접적인 기전에 의한 골절은 낙상을 하는 동안 넙다리뼈네갈래근의 갑작스럽고 심한 수축이 있을 때 발생한다. 무릎지대(retinacula)가 찢어지거나 찢어지지 않는 견인력으로 인해 횡골절이 일어난다(각각 변위 또는 비변위). 이 같은 기전으로 넙다리뼈네갈래근(무릎뼈 근위단의 작은 조각을 포함) 또는 무릎인대 파열(때로는 무릎뼈의 말단부는 붙어 있음)이 발생할 수 있다.\n•\t개에서는 직접적인 기전에 의한 골절이 일어나지 않는 경향이 있다. 이러한 골절은 교통 사고로 인해 사람에서 흔하다. 이는 차량의 대시보드가 무릎에 부딪히면서 생긴다. 보호자가 무책임하게 개를 잡지 않고 이동할 경우 교통사고가 날 때 앞 좌석 또는 차량 대시 보드에 부딪히면서 개에서도 발생할 수 있다. 갑자기 차가 제동되는 동안 창문이 열려 있는 차량에 탄 동물들에게서도 볼 수 있다. 이러한 사건들은 골연골 손상과 관련하여 일반적으로 분쇄 골절을 일으키는 경향이 있다. 항상 좋지 않은 예후를 보인다.\n임상적 검사\n무릎뼈의 골절은 무릎뼈 부위의 피부 손상을 동반한 통증, 부종 및 관절 삼출물저류가 보일 때 외상성으로 의심한다. 골절의 특징상 변위가 심하지 않기 때문에 염발음이 흔하지 않다.\n무릎관절을 완전히 신전시키는 동물의 능력이 평가되어야 한다. 왜냐하면 이러한 능력은 넙다리뼈네갈래근과 햄스트링 근육에 의한 조직화된 굴신 운동을 이용하는 무릎지대의 온전성에 달려 있기 때문이다.\n방사선 검사\n골절선은 X-ray 사진에서 볼 수 있다. 골절선에 대한 적절한 투영은 전측영상이며, 무릎연골의 움직임 및 손상을 평가하기 위한 적절한 투영은 외측영상이다. 접선영상(tangential)은 무릎뼈 모서리의 골절을 진단하는 데 매우 유용하다\n.\n치료\n변위가 있는 무릎뼈 골절은 외과적 치료가 필요하다. 무릎지대의 파열을 수복하고 골유합을 위해, 일반적으로 K-wire와 와이어를 사용하여 tension band를 만든다. 분쇄골절의 경우 큰 골편은 보존해야 하고 넙다리뼈네갈래근 신전기구의 연속성을 반드시 유지해줘야 한다(부분 무릎뼈 절제술). 그러나, 심각한 분쇄골절의 경우 유일한 선택은 무릎뼈 앞쪽 적출술일 수 있다. 흔한 후유증은 외상 후 골관절염의 발생이며, 무릎뼈 적출술에서는 신전력의 상실이다.\n무릎뼈의 횡골절을 안정화시키는 가장 좋은 방법은 골편을 붙이는 것으로(일반적으로 와이어 및/또는 K-wire를 이용하여) tension band를 적용해주는 것이다. 이 방법은 무릎관절을 수술 후 바로 움직일 수 있게 한다는 장점이 있다.\n무릎뼈 전면에서의 cerclage wire는 모든 견인력을 중화시키고 이를 압착력으로 전환시킨다. 이 와이어를 무릎인대를 거쳐 무릎뼈의 근위 및 원위를 통과시켜 고정하거나, 무릎뼈에 2개의 가로로 된 구멍을 뚫어 여기에 관통시켜 크로스로 고정한다. 와이어는 골편을 약간 과도하게 환납시키는 정도로 고정을 한다. 와이어를 이용한 경관절고정(transarticular fixation)은 무릎인대의 파열 교정술과 같은 방법으로 한다.\n고정을 위한 또 다른 옵션은 하나 또는 두 개의 K-wire를 무릎뼈에 적용한 다음 와이어로 감아 고정하는 것이다. 무릎인대를 이완시켜 안정성을 확보하기 위해 일반적으로 정강뼈 조면 부위에 나사를 삽입한 뒤 여기에 와이어를 고정한다. 저자는 대부분의 경우 와이어가 5~6주 후에 마모되어 파손되는 것을 발견했다. 그러나 처음 몇 주간의 고정이 골치유에 중요하다. 골절부에 작용하는 힘은 경관절 외골격고정(transarticular external fixation)을 통해서도 상쇄시킬 수 있다.\n이 장은 여러 종류의 골절을 보이는 개 사체의 CT 및 MRI 스캔으로 결론을 맺는다.\n \n그림 3-1. 전후측 영상(a) 및 외측 영상(b)에서 넙다리뼈의 원위 성장판 골절.\n골접합을 시도하는 지시사항과 금기사항\n절대적인 지시사항\n• 골절과 관련된 혈관 손상\n• 다른 동측 또는 반대쪽 골관절 부상\n• 개방 골절(외고정)\n• 비환납성 골절 :\n• 관절돌기위 골절\n• 성장판 영역의 골절(Salter-Harris Type I-V)\n• 관절돌기 사이 골절(T 또는 Y)\n• 관절돌기 골절(단일고랑)\n금기 사항\n• 수술 위험도가 매우 높은 환자\n• 직접적인 관절 고정술을 고려해야하는 심각한 파열이 있는 골절\n• 수술을 위한 재료 부족, 경험 부족 또는 그 두 가지\n \n\n 정강뼈 근위 성장판의 Type II Salter-Harris 골절의 전측 영상(a). K-wire를 이용하여 해결하는 방법은 그림(b)와 같다. 골간단 부위의 압착 나사를 이용한 해결방법(c). 저자의 견해로는 두 가지 방법이 모두 유효하지만 나사를 사용할 때 동물의 나이를 고려해야 한다. 아주 어린 동물에서는 피질골이 너무 부드러워서 나사가 풀리게 되므로 고정역할을 할 수 없게 된다.\n근위 정강뼈 골절의 분류\n• 정강뼈 조면 골절\n• 정강뼈 고원 골절\n• 성장판 골절(Salter-Harris Type I-V)\n• 골간단 골절\n \n그림 3-6. 정강뼈 근위 골간단의 변위가 없는 골절(a). Cast 고정하여 보존치료 하기로 결정. 변위가 골절부에서 관찰된다(b).\n\n그림 3-7. 골간단 골절에서 적절한 K-wire 사용(a). K-wire가 비스듬하게 삽입된 경우 그림(b)에서처럼 수직으로 배치된 경우보다 성장판과 접촉하는 부분이 훨씬 크다. 결과적으로 후자의 경우 성장판의 손상이 더 적다.\n그림 3-8. K-wire로 해결한 골간단 골절(a). 이식물 제거 20주 후의 이미지(b). 이상적으로 이식물은 관절주위 골절에서 항상 제거되어야 한다.\n\n그림 3-9. 압착 나사와 지지 플레이트로 근위 골간단 골절을 처치한 다른 예, 전측 영상(a) 및 외측 영상(b).\n \n그림 3-10. 강아지에서 정강뼈 조면의 견열골절(a). 수술 후 영상(b)과 8주째의 영상(c).\n\n그림 3-11. 무릎뼈 끝의 골절.\n \n그림 3-12. 외측 영상에서 무릎뼈 가장자리 골절. 방사선 투과성의 공간만 보인다. 신체 검사에서 무릎뼈 손상이 의심될 경우 접선 X-ray 사진으로 확인한다.\n \n그림 3-13. 접선 촬영법은 무릎뼈의 골절을 진단하는 데 매우 유용하다(프리츠 기술). 다른 위치에서 무릎뼈를 평가하려면 각도가 60°에서 80° 사이여야 한다.\n \n그림 3-14. 접선 영상은 무릎뼈 모서리의 부상을 나타낸다.\n \n그림 3-15. 무릎뼈 골절의 치료. 1개 또는 2개의 K-wire로 고정한 다음 와이어로 이를 보완한다.\n \n그림 3-16. 고정물을 제거한 후 18개월 후의 영상.\n \n그림 3-17. MRI 스캔(시상면 슬라이스). 우측 넙다리뼈의 골절. 영상: T1 TSE.\n \n그림 3-19. MRI 스캔. 왼쪽 정강뼈의 골절. 영상: T1 TSE.\n \n그림 3-21. CT 스캔. 왼쪽 무릎뼈의 골절.\n \n그림 3-18. CT 스캔(다중 평면 재구성). 앞의 그림에서와 동일한 환자의 우측 넙다리뼈 골절.\n \n그림 3-20. CT 스캔(다중 평면 재구성). 이전 환자와 동일한 환자에서 왼쪽 정강뼈의 골절.\n \n그림 3-22. MRI 스캔. 앞의 그림과 같은 환자에서 왼쪽 무릎뼈의 골절. 영상: T1 TSE.\n\n"
}