{"title": "소동물 무릎관절의 정형외과병리", "author": "권오경 옮김", "publisher": "(주)범문에듀케이션", "department": "외과", "disease": "\\nChapter 5\\n무릎관절과\\n무릎뼈의 탈구\\nDislocation of the\\nstifle joint and patella\\n \\n무릎관절의 탈구\\n무릎관절을 구성하는 구조물들의 정상 위치로부터의 변위는 외상에 의해 발생한다. 탈구는 흔치 않은 부상으로, 이 부위 손상은 치료가 어려운 혈관이나 신경손상과 관련되어 있는 경우가 많다.\\n기전과 분류\\n분류는 정강뼈의 움직임을 바탕으로 이뤄진다:\\n•\\t뒤쪽 탈구 시에 정강뼈는 넙다리뼈의 뒤쪽에 위치한다. 정강뼈의 위쪽 1/3 부분이 앞쪽에서 충격을 받을 경우 일어나므로, 교통사고와 같이 상당한 양의 에너지로 인한 외상에서 발생한다.\\n•\\t앞쪽 탈구 시에 정강뼈는 앞쪽으로 이동한다. 탈구는 과신전 때문에 발생하는데 10°에선 앞십자인대가 파열되고, 30°에선 뒤십자인대가 파열되며, 50°에서는 오금동맥이 손상된다.\\n•\\t안쪽과 가쪽 탈구는 내반 또는 외반과 같은 외상으로 인해 발생되며 회전탈구에서처럼 회전도 관련된다.\\n앞쪽과 뒤쪽 탈구는 모든 무릎관절 탈구의 50~70%를 차지하며, 이 중 20%는 개방 탈구이다. 안쪽 탈구는 약 20%를 차지하고, 가쪽 탈구는 드물게 일어나 전체의 5%를 차지한다. 두 탈구 모두 항상 외상에 의한 것이다. 가쪽 탈구는 선천적일 수 있으나 대부분이 외상성이다. 반면 안쪽 탈구의 원인은 항상 선천적이다.\\n관련된 손상들\\n무릎관절 탈구는 이것이 주로 혈관 및 신경 손상과 관련이 있기 때문에 심각한 손상이다(1장의 혈관 및 신경 구조를 참고).\\n혈관 손상\\n오금혈관의 손상은 30~40%의 관절탈구에서 볼 수 있다. 이 혈관은 모음근고리 수준의 몸쪽에 부착되어 있으며, 이는 정강뼈 움직임에 의한 손상에 더 취약하게 만든다. 또한 무릎관절의 곁순환은 오금혈관의 완전한 단열 시에 보상적으로 작용하기에 불충분하다. 동맥의 신장은 탈구 상황에서 매우 흔하게 볼 수 있는데, 이는 혈관 내막의 손상을 초래하며 혈전증으로 연결된다. 관절이 재위치되지 않은 경우 더욱 뚜렷하게 나타난다. 증세가 항상 나타나지 않기 때문에 먼쪽에서의 맥박의 존재가 혈관의 손상을 배제하지 못하지 못한다. 그러므로 이론상 동맥 손상이 없다고 증명되기 전까진 동맥 손상이 있다고 가정되어야 한다.\\n신경 손상\\n온종아리신경 손상의 발생률은 15~30%로 낮으며, 일반적으로 뒤가쪽 탈구에서 발생한다. 약한 신경손상부터 완전한 단열까지 다양하게 나타난다. 예후는 나쁜 편이며, 이러한 손상은 견인에 의해 광범위하게 나타나므로 회복될 가능성은 제한적이다.\\n치료\\n먼쪽 신경혈관의 상태에 특별한 주의를 기울이면서 전신 및 국소적 임상 평가를 하고 치료는 X-ray 영상이 없는 경우에라도 가능하다면 마취하에 응급 환납을 진행한다. 이때 오금패임 부분을 손상시키지 않도록 특별한 주의가 필요하다.\\n뒤가쪽 회전 탈구는 관절낭의 개입 때문에 종종 수술적인 환납을 필요로 한다.\\n다발성 외상이 있는 환자에서 사고부위나 이동 중에 자발적인 환납이 발생할 수 있어 관절낭인대 손상이 가려질 수 있다. 이는 무릎관절을 신전 또는 과신전시킬 때 특징적인 내반과 외반의 불안정성이 있는 경우에 의심될 수 있다.\\n환납 후에 최종적인 혈관 복원(조영술을 진행하거나 하지 않는 것 모두)에 대한 결정 또는 시행을 하기 위해선 6~8시간이 지나기 전에 혈관 상태가 재평가되어야 한다. 물론 이것은 대형견이 최소침습적인 수술과 혈관 및 신경 수술에 전문화된 정형외과의가 있는 2차 동물병원에 의뢰됐을 경우 고려될 수 있는 선택지이다. 만약 수술을 진행하게 된다면 관절은 2형 경관절 외고정물(Type II transarticular external fixator)을 이용하여 안정화시켜야 하고, 인대에 대한 처치는 일단 미뤄두어야 한다. 혈관 복원술은 일반적으로 반대쪽의 복재 정맥 이식을 통해 진행한다. 만약 다리의 허혈 상태가 6시간 이상 지속된 경우, 동맥 복원술과 함께 근막절개술이 행해져야 한다.\\n무릎관절 탈구에 대한 임상적 접근의 도표는 2장(32페이지)에 나와 있다.\\n이런 수술적 상황에서는 몇 주간 고정물을 장착한 채 혈관의 재관류를 기다리고, 2~3주가 지난 후에 인대 손상을 처치하는 것이 최근의 경향이다. 이때 뒤십자인대를 재건하는 것이 중요한 요소이다. 곁인대와 관절낭은 반드시 수복되어야 한다. 앞십자인대 재건은 이후 불안정성이 남아 있는 경우 진행해도 되므로 지연될 수도 있다. 하지만 실제로는 이러한 정보를 임상가들이 모르는 경우가 많다. 환자가 정형외과 또는 혈관 수술에 전문화된 지역병원이나 대학병원으로 의뢰될 수 없을 때, 대안으로 무릎관절의 완전관절고정술을 해야 한다.\\n무릎뼈의 탈구\\n무릎뼈의 탈구는 매우 흔한 정형 문제이다. 이는 특히 소형견에서 보이며, 대형견(사모예드와 유라시아 등)과 고양이에서도 발생한다.\\n작용기전과 분류\\n분류는 무릎뼈의 탈구방향에 따라 나뉜다:\\n•\\t안쪽 탈구\\n•\\t가쪽 탈구\\n•\\t양쪽 방향으로의 탈구\\n또한 원인에 의해서도 나뉜다:\\n•\\t선천적인 탈구\\n•\\t외상에 의한 탈구\\n무릎관절을 굽힌 상태에서의 접선방향 X-ray 영상(skyline view)은 넙다리뼈의 도르래고랑의 깊이를 보여준다\\n\\n치료법\\n비록 무릎뼈 탈구에 대해 규정된 프로토콜은 없지만, 다음과 같이 치료를 진행할 수 있다:\\n•\\t1단계:\\n•\\t탈구의 반대방향으로 가쪽/안쪽 지지띠겹침봉합(종종 가쪽으로 진행)\\n•\\t정강뼈의 회전을 방지하기 위해 정강뼈거친면을 종자뼈에 고정\\n•\\t가쪽 정강뼈거친면 전위술\\n•\\t2단계:\\n•\\t재위치시키기 위한 안쪽 지지띠절단술\\n•\\t가쪽 정강뼈거친면 전위술\\n•\\t도르래고랑 성형술\\n•\\t도르래 쐐기절제술\\n•\\t3단계:\\n•\\t가쪽/안쪽 지지띠 겹침봉합\\n•\\t재위치시키기 위한 안쪽 지지띠절단술\\n•\\t도르래고랑 성형술\\n•\\t도르래 쐐기절제술\\n•\\t정강뼈의 회전을 방지하기 위해 정강뼈거친면을 종자뼈에 고정\\n•\\t4단계:\\n•\\t3단계와 같은 수술법으로 진행\\n•\\t넙다리뼈, 정강뼈 또는 두 뼈 모두의 절골술\\n•\\t관절고정술\\n가쪽 탈구에서 사용되는 수술법은 안쪽 탈구 시의 그것과 비슷하나 반대로 적용하면 된다.\\n환자가 양측 방향(안쪽, 가쪽)으로 탈구가 있다면 도르래고랑 성형술 또는 도르래 쐐기절제술, 양측으로의 지지띠 겹침봉합이 추천된다. 이 경우 예후는 신중해야 한다.\\n외상에 의한 탈구에서 관절낭의 파열이 일반적으로 관찰된다. 이 경우 느슨한 봉합으로 관절낭을 봉합하는 것으로도 충분하다.\\n \\n무릎뼈의 가쪽 탈구.\\n \\n무릎뼈의 양측 탈구.\\n소형견을 포함한 개에서 안쪽 탈구의 단계\\n• 1단계: 무릎뼈는 무릎관절을 펼 때 쉽게 탈구된다. 가해준 힘을 없앴을 때 무릎뼈는 다시 도르래돌기선을 따라 제자리로 돌아온다. 이는 정상적으로 나타나는 전형적 탈구이고 파행은 간헐적이다. 정강뼈의 회전은 최소한으로 보이고, 무릎관절을 굽힐 때는 뒷발목관절의 외전 없이 배열이 일직선으로 나타난다.\\n• 2단계: 무릎뼈는 도르래돌기선의 바깥쪽에 종종 위치한다. 무릎관절을 구부린 채로 체중을 부하한다. 환자를 마취하에 검사할 때 정강뼈를 가쪽으로 회전시키면 무릎뼈가 되돌아온다. 정강뼈에 가해진 힘을 없앴을 때, 무릎뼈는 자발적으로 다시 탈구된다. 정강뼈는 시상면에 대해 30°가량 회전될 수 있다. 무릎뼈가 안쪽으로 탈구될 때 뒷발목관절의 외전이 확인된다.\\n• 3단계: 무릎뼈는 계속 탈구되어 있고, 정강뼈는 30~60°가량 회전될 수 있다. 다리는 무릎관절이 굽어진 상태에서만 체중을 부하할 수 있다.\\n• 4단계: 정강뼈거친면은 60~90°가량 회전될 수 있으며, 무릎뼈는 계속 탈구되어 있다. 일반적으로 다리가 체중 부하를 못하고, 무릎뼈는 촉진 시에 확인하기 어렵다.\\n \\n무릎뼈의 양측 탈구를 가진 환자의 서 있는 자세.\\n3D joint anatomy in dogs: main joint pathologies and surgical approaches (Servet, 2014)에서 그림을 참조함.\\n\\이전 그림의 환자의 X-ray 영상.\\n \\n \\n그림 5-5. 도르래 재건 방법. 도르래고랑 형성술(sulcoplasty, a)과 도르래고랑 성형술(trochleoplasty, b).\\n도르래 쐐기절제술.\\n사진 제공: Prof. Bruce Hohn\\n \\n도르래 쐐기절제술.\\n\\n"}