{"title":"임상가를 위한 소동물신장학 진단과 치료지침","author":"현창백","publisher":"(주)범문에듀케이션","department":"외과","disease":"\n\n임상가를 위한 소동물 신장학\n진단과 치료지침\nAPPENDIX03\n신장 생검\n\n1. 서론\n신장 생검은 신장질환의 확진이나 병증의 정도를 알아보기 위해 사용된다. 이러한 검사를 통해 보다 정확한 조직학적 진단이 가능하기 때문에 적절한 치료 계획을 확립하고 환자의 예후를 평가하는 데 유용한 근거를 제공해준다.\n신장 생검은 완치가 가능한 신장질환과 완치가 불가능한 신장질환을 감별하기 위해 꼭 필요한 방법이다. 왜냐하면 임상증상과 혈청 화학적 검사로는 이러한 구별이 불가능하기 때문이다.\n실제 임상에서 신장 생검이 보편화되지 못하는 이유는 생검을 통한 합병증 발생 우려, 생검과 관련된 시술비용, 생검 조직에 대한 판독이 가능한 검사실의 부재 등이 있다. 하지만 실제로 생검과 관련된 합병증의 발생 비율은 매우 낮고, 대학병원 병리검사실을 통해 진단이 가능하기 때문에 보다 적극적으로 신장 생검을 실시할 필요가 있다.\n\n\n2. 신장 생검이 필요한 경우 신장 생검은 조직검사가 환자의 관리나 예후에 크게 영향을 줄 수 있는 상황에서만 실시해야 한다(예, 급성 신부전증, 단백소실성 신증-사구체 신염).\n단백뇨가 있는 환자의 평가 —심각한 하부 비뇨기 질병을 나타내는 소견이 없을 때 단백뇨의 증거—요 단백:요 creatinine (UPC) 비율이 1.0 이상 심각한 단백뇨—UPC > 2\n생검은 사구체의 질환을 확인—사구체 신염과 사구체성 아밀로이드 침착증을 구별하기 위해서 사용된다.\n유년기/유전성 신증(familial nephropathy)의 조사 —이러한 질환의 예후는 대부분 불량하다. 생검은 한 배에서 태어난 나머지 새끼들의 향후 예후를 평가하는 데 유용하고, 유전 방식이 밝혀진 경우, 향후 번식 프로그램을 이용한 질병 발생 예방에도 유용하다.\n급성 신부전증 환자의 평가 —지속적으로 심한 요독증을 보이거나 치료해도 반응을 보이지 않는 증례에서 필요하고, 환자에 대한 보존요법으로 복강투석을 하고 있을 경우. 생검 소견은 예후를 판단하고 복강투석의 지속 여부를 결정할 때 유용하다.\n사후의 검사 —축주가 부검을 허락하지 않을 때, 최종적인 진단을 위해 최소한의 조직 시료 채취를 위해 한다.\n\n3. 신장 생검 전 고려사항(주의사항 및 금기)\n만성 신부전증의 경우, 신장 생검을 통해 예후나 치료법이 바뀌지 않는다. 또한 말기 신부전증의 원인이 신장 생검을 통해 검증될 가능성도 낮다. 또한 이러한 환자에 대한 신장 생검은 합병증의 발생 위험도를 높힌다. 이러한 이유 때문에 만성 신부전증에서는 신장 생검을 실시하지 않는다.\n\n\n\n신장 생검에 앞서서 환자의 품고, 최근 병력, 혈압 및 응고계 검사를 비롯한 모든 결과를 신중하게 판독한 후 생검 실시 여부를 결정해야 한다.\n신장 생검이 금기시되는 경우로는 조절이 되지 않는 혈액응고 장애, 심한 빈혈, 수신증, 조절 이 되지 않는 고혈압, 대형 또는 다발성 신장 낭종, 신장주위농양, 광범위한 신우신염 및 말기 신부전증 등이 있다.\n환자가 출혈성 소실이 있을 경우, 생검에 앞서 응고계 검사가 필요하다. 하지만 최근 사람 연구에 따르면 뚜렷한 출혈증상을 보이지 않는 환자는 검사 자체가 필요하지 않다고 한다. 더 나아가 설령 응고계 검사 자체가 이상으로 나와도 생검에 의한 실혈과 관련성이 없다고 한다. 하지만 개와 고양이의 경우, 혈소판 감소증(80,000/uL이하), PT(1.5배 이상 지연), APTT(1.5배 이상 지연)의 이상이 있을 경우, 실혈의 위험성이 높아진다고 한다.\n이러한 실혈의 가능성이 높아지는 경우로 심한 질소혈증(creatinine 5 mg/dL 이상), 조절되지 않는 고혈압, 생검 5일 이전에 NSAIDs(소염제) 투여 등이 있다. 하지만 이러한 환자에서 도 적절하게 환자 상황에 따라 수혈이나 혈압 강하제를 사용하여 처치하면 되므로 생검을 금기시할 필요까지는 없다.\n심한 수신증의 경우, 생검이 금기시되는데 그 이유는 생검 바늘이 확장된 신우를 통과할 가능성이 높고, 신장의 피질-수질 경계부에 있는 대형 동맥을 관통할 우려가 높아서다.\n또한 신장 낭종의 경우, 생검을 통해 파열되면 동통을 발생할 우려가 높고 감염을 유발할 가능성과 낭종을 생검해서 얻을 수 있는 진단적 가치도 거의 없기 때문에 금기시된다.\n\n4. 신장 생검의 준비\n신장주위농양과 광범위한 신우신염이 있을 경우, 세균이나 다른 감염원을 복부장기로 확산시킬 우려가 있기 때문에 생검은 금기시된다.\n\n\n\n신장의 혈관계는 수질부로 갈수록 급속도로 늘어나기 때문에 수질을 관통할 경우, 출혈의 위험이 높고 출혈부위를 주위로 경색을 유발할 가능성이 높기 때문에, 생검시 가장 중요한 것은 신장의 피질부위에서만 조직을 채취하는 것이다.\n신장 생검은 cranial pole이나 caudal pole에서 실시하는 것이 좋다(이 부위에서 피질부위 가장 넓기 때문에). 또한 개의 경우, 오른쪽 신장이 간의 후미엽에 의해 잘 움직이지 않으므 로 특별히 왼쪽 신장을 생검해야 할 경우가 아니라면, 오른쪽 신장에서 생검을 하는 것이 좋 다. \n환자의 마취나 진정\n생검을 위해서는 환자가 움직이지 않아야 하므로 전신마취가 필요하다.\n병증이 심한 환자는 진정만으로도 환자의 움직임을 억제할 수 있다. 하지만 복막에 대한 불완전한 마취는 환자로 하여금 갑작스럽게 복부 움직임을 유발하여 생검을 망칠 우려가 있다.\n생검 바늘의 선택\nTru-cut biopsy needle: 이 바늘을 이용할 경우, 신장조직을 적절하게 채취하기가 어렵 고 출혈을 유발할 가능성이 높기 때문에, 과거에는 많이 사용되었지만 현재는 별로 사용 되지 않고 있다.\n\n\nDisposable spring-loaded biopsy needle: 이 바늘은 한 손으로 시술이 가능하게 만들 어진 특수 바늘로 6~15 cm 길이로 14~20 G까지 시판이 되고 있다. 가장 큰 장점은 스프링이 있어서 순간적으로 바늘이 조직을 제거하기 때문에 비교적 깨끗하게 시료를 채취할 수 있고, 한 손으로 신장을 붙잡고 다른 한 손으로 생검을 할 수 있는 편리성이 있 다. 자동형 생검 기구가 수동형 생검 기구보다 많이 사용되는데 그 이유는:\n한 손으로 시술할 수 있어서 남은 한 손으로는 목표를 고정하거나 초음파의 탐촉자를 잡을 수 있다.\n수동 생검 바늘보다 질이 더 좋은 조직 시료를 만들 수 있다.\n충분한 시료를 얻기 위해 반복적으로 바늘을 삽입하는 횟수를 줄일 수 있다.\nAutomatic spring-loaded biopsy gun: 이 도구는 일회용 생검 바늘을 탑재하여 생검을 할 수 있게 도와주는 장비이다. 하지만 무게와 크기 때문에 한 손으로 조작하기가 힘들다. 또한 조직을 채취하는 깊이를 조절하기가 힘들기 때문에 신장 생검보다는 다른 장기 생검에 주로 이용된다.\n일반적으로 신장 생검에는 16 G 또는 18 G의 9 cm 길이의 바늘을 이용한다.\n대부분의 18 gauge(G) 자동형 생검 기구는 2 cm의 움직이는 바늘“( throw ”)을 가지고 있어서 조직학적 검사에 적합한 질 놓은 시료를 제공한다. 18 G 바늘을 이용한 신장 생검으로 5개 정도의 사구체를 관찰할 수 있다.\n신장 생검 기법\n초음파 유도-경피하 심형 생검법\n이 방법은 5 kg 이상의 개에서 주로 사용되는 신장 생검법으로 임상에서 가 장 보편적으로 이용되는 방법이다.\n이 방법을 통해 신장조직을 빠르고 정확하게 채취할 수 있고, 경험이 있는 술자에 의해 실시할 경우, 조직의 외상을 최소화할 수 있다.\n초음파 유도 생검은 비교적 단순한 생검 기법이다. 첫 번째로, 초음파를 이용하여 생검을 실시할 부위의 병변을 촬영하여 형태학적 특징을 기록한다. 그리고 시료 채취가 필요한 조직 부위를 결정한다. 공동성 병변의 경우, 세침 흡인법이 tissue core biopsy를 통해 병변 관찰에 더 용이하다. 장을 찌르지 않도록 생검 바늘의 경로는 가급적 짧게 할 수 있는 부위를 선택한다(보통 dorsolateral flank approach가 사용된다). 그러 나 신장의 cranial pole을 생검하려면 바늘을 늑간을 통해 삽입해야 한다.\n바늘의 삽입을 방해할 수 있는 동물의 움직임을 최소화하기 위해서 동물을 마취한다. 진정시킨(또는 진정시키지 않았거나 매우 아픈) 동물은 피부와 인접조직의 국소 마취 가 필요하다. 피부에 대해 수술 전 준비를 하고 생검 바늘을 초음파 탐촉자 옆으로 하 여 stab incision을 통해 바늘을 삽입한다. 병변 쪽으로 바늘을 진행하면서 바늘의 움직임을 계속 관찰한다. 어떤 바늘은 echogenic tip을 가지고 있어서 눈으로 볼 수 있다.\n생검 바늘은 탐촉자에 붙어있는 rigid guide 안에 넣고 바늘을 삽입하거나(rigid guide for the needle), 탐촉자를 쥐고 있지 않은 손을 이용하여 바늘을 삽입한다 (free-hand needle insertion). 이 두 가지 방법과 장단점에 대해 표 A3-1에 기술되어 있다. 초음파 시술자의 선호도에 따라서 이 두 가지 방법 중 하나로 생검을 실시한다. 올바른 생검 과정은 그림 A3-1을 참조하라.\n비교적 채취가 용이한 생검을 자주 실시하여 생검 기술을 연마하면 작고 접근하기 어 려운 생검을 실시할 때 도움이 된다. 생검을 하고 나면 바늘을 제거하고 생검 부위에 출혈이 있는지 관찰한다. 지혈을 위해 생검 부위를 직접 압박한다.\n\n\nKeyhole finger technique\nKeyhole finger 생검 기법은 개와 고양이에서 신장을 촉진하여 복부에 고정하기 힘들 경우, 사용되는 방법이다.\n동물을 마취하고 외과적으로 신장이 있는 부위를 수술 전 준비를 한다. 복벽에서 신장 쪽으로 작은 절개창을 만든다. 그리고 나면 손가락을 절개창으로 삽입할 수 있다. 신장을 촉진하여 복벽의 반대쪽을 잡는다. 인접한 부위에 stab incision하고 그 곳을 통해 생검 바늘을 삽입한다. 바늘을 신장의 앞쪽 끝(cranial pole)이나 뒤쪽 끝(caudal pole)에서 신피질로 들어가게 한다. 그리고 큰 혈관이나 신우의 손상을 피하기 위해 서 신수질이나 sinus에서 떨어져야 한다.\n바늘을 제거하기 전에 적어도 4분 정도 압박 지혈하고, 그 부위에서 출혈이 지속되는 지를 세심하게 살펴야 한다. 절개 부위를 봉합하기 전에 흡수성 지혈 거즈나 펠트 (Collagen Haemostatic Felt, B Brown, Germany)를 사용하여 출혈을 예방한다.\n경피하 세침 흡인법\n“세침(fine needle)”이라는 용어는 외곽 직경이 1 mm 이하이거나 20 G 이하인 바늘을 말한다. 세침 흡인법은 21~25 G의 hypodermic needle을 사용하거나 21 G의 spinal needle을 사용한다.\n신장이 쉽게 촉진될 때는 초음파 유도없이 피부를 통해 쉽게 생검이 가능하다.\n신장이 명확하게 촉진되지 않거나 국소의 병변이 예상될 때는 초음파 유도를 이용한 생검법이 권장된다.\n초음파 가시도를 증가시킨 흡입바늘이 유용하다(예, Sono-Vu US, E-Z-Em Ltd, Londin). 피부에 대해 수술 전 처치(제모와 소독)를 실시한 후, 바늘을 목표하는 부위를 향하여 삽입한다.\n5 mL 주사기를 부착하고 한 번 또는 두 번 흡입한다. 바늘을 빼기 전에 주사기 안의 내용물을 관찰할 필요는 없다. 왜냐하면 충분한 양의 조직이 보통 바늘의 내강 안에 있기 때문이다. 이 과정에서 혈액이 함께 흡입된다면 혈액에 의한 오염으로 적절한 시료 채취를 어렵게 할 수 있다.\nTissue core biopsy를 실시한 이후에는 세침 흡인법을 실시하면 안된다. 왜냐하면 국소적인 출혈이 일어나고 세포가 희석될 가능성이 높기 때문이다. 주사기에서 바늘을 빼고 바늘 안의 물질이 현미경 슬라이드로 나오게 하기 위해서 주사기를 공기로 채운다.\n적절한 시료에는 혈액 성분이 거의 없는 소량의 세포 덩어리로 구성되어 있다. 도말 은 즉시 해야 한다. 가장 좋은 방법은 시료를 채취한 주사기의 피스톤을 밀어서 시료가 슬라이드에 떨어지게 하고, 또 다른 슬라이드를 가볍게 그 위로 올려놓고 두 슬라 이드를 겹쳐진 채로 서로 당긴다. 그렇게 하면 두 번째 슬라이드에 시료가 도말된다. 도말 표본을 염색하기 전에 공기 중에 건조시킨다.\n\n\n세침 흡인법(FNA)은 주로 체액이나 쉽게 떨어지는 세포 시료를 제공한다. 일반적으 로 상피세포, 세망 내피세포, 조혈세포와 산재성 기질 요소를 가진 종양(예, lym- phoma)에서 유래하는 종양세포들은 그 수가 아주 많다. 반대로 간엽이나 기질 요소 (예, fibroblast와 collagen)들은 거의 관찰되지 않는다. 그래서 신장 세침 흡인법은 공동성 질환이 의심될 때(예, 농양), 림프종이 의심될 때와 종양성 질환과 염증성 질 환을 감별할 때 주로 이용된다. FNA의 결과로 특이 진단이 가능하거나, 진단에 도움 이 되는 소견(예, 급성 간질성/화농성 신장염이 의심되는 경우에 많은 호중구의 발견)을 제공한다. FNA에서 음성적 결과가 관찰되었다고 해서 질환을 완전히 배제할 수는 없다.\nFNA을 통해 병변의 형태적 변화를 관찰할 수는 없다. 때문에, 형태적 변화가 질병 진단에 중요한 질환(예, 사구체 신염)인 경우, 이 방법의 유용성은 다소 떨어진다. 초음파와 FNA를 함께 사용하면, 초음파상에서 시료 채취부위에 대한 사전 정보를 얻을 수 있기 때문에 도말 표본의 판독을 용이하게 한다.\n복강경을 이용한 생검\n복강경은 내시경으로 복막을 관통하여 복강내 장기를 가시화시킬 수 있는 장비이다. 복강경을 이용하면 생검을 실시할 신장을 직접 가시화시켜주기 때문에 생검부위의 보다 확실한 선정이 가능하고 생검 부위를 조절할 수 있는 장점이 있다.\n복강경 시술이 금지되는 경우로는 복막염, 심한 복막유착, 허니아, 비만, 응고 장애가 있는 환자들이다.\n합병증으로는 공기전색, 잘못된 접근으로 인한 기흉, 피하기종, 복강 장기 손상 및 심 장마비 등이 있다.\n복강경은 환자를 우측 측면, 좌측 측면, 중앙부(midline) 절개창을 통해 개시가 가능 하다. 통상 개의 경우, 우측 신장이 생검에 이용되기 때문에 좌측 측면 횡와 위로 환자를 눕히면 우신을 쉽게 관찰할 수 있다. 이산화탄소를 cannula를 통해 주입하면 복강을 확장시켜 복강 장기를 보다 쉽게 관찰할 수 있다.\n복강경으로 신장의 위치를 확인한 후, 다른 부위에서 생검 기구를 관통시켜 신장에 위치하게 한 후, 생검을 실시하면 된다.\n개복술을 통한 외과적 생검\n절제 생검법(excision biopsy)은 병변이나 이환된 장기를 완전히 절제하는 방법을 말한다. 반면에, 절개 생검법(incision biopsy)은 병변의 일부분만 수술적으로 제거하는 방법을 말한다.\n절제 생검법은 진단과 치료를 동시에 할 수 있다; 이 기법은 감염된 편측성 말기 신장이나 비 전이성 종양질환이 있는 신장의 병변을 진단할 때 적절한 방법이다. 조직 병리학적 검사를 위해 비교적 많은 양의 조직을 채취할 때도 이러한 방법을 사용한다.\n\n\n절제 생검이 사용되는 경우:\n병변을 절개할 수 없을 때\n이환된 신장이 육안적으로 정상일 때\n신장의 기능이 아직 남아있다는 방사선학적 증거가 있을 때\n작은 조직 시료로부터 미만성의 현미경적 병변을 병리학적으로 진단할 수 있을 때\n신장의 외과적 생검은 특별한 장비가 필요 없다. 절개 생검을 하기 위해, 신장 대만곡의 피막에 날카로운 절개창을 만든다. 첫 번째 절개창 부위 바로 옆에 두 번째 절개창을 사선으로 만들어 피질부 조직까지 얇고 깊게 절개하여 wedge양의 조직을 획득한다. 이때 조직이 손상되지 않도록 주의한다. 신장의 출혈을 최소화할 수 있는 부위를 자른다.\n신 피질은 mattress suture를 이용하여 봉합하고 신 피막은 단순 연속 봉합법으로 패쇄한다. 생검 후 출혈은 복강을 닫기 전에 출혈을 막아야 한다.\n이 방법의 가장 대표적인 단점은 전신마취가 필요하다는 점이다. 또한 매우 비만한 동물의 경우나 정상적인 해부학적 구조가 많이 왜곡된 병변이나 유착을 유발하는 병 변의 경우, 기술적으로 시술이 어렵다는 단점이 있다.\n\n신장 생검과 관련된 합병증(Box A3-1)\n경피하 심형 생검이나 세침 흡인에 의한 합병증은 드물게 발생한다. 한 연구에 따르면, 초음파 유도 생검을 한 개와 고양이에서 3/233(1.2%)만이 심각한 합병증이 발생되었다 고 한다. 합병증이 있었던 3마리 중 한 마리는 생검 후 심각한 출혈이 발생하여 수혈을 받았다고 한다.\n복강 장기를 세침흡인했던 동물 중 13/233(5.6%)에서 경미한 국소적 출혈을 초음파로 확인했다(이 중에서 5/72[7%]가 신장 생검을 하였다).\n출혈은 초음파상에서 관찰이 가능한데, 보통 바늘을 따라 점진적으로 커지는 hyperechoic\n\n\nBox A3-1 신장 생검과 관련된 합병증의 종류\n심각한 합병증\n신장 또는 주변 혈관의 손상에 의한 위급한 출혈\n신장의 농양 또는 소장의 손상에 의한 복막염\n종양의 전이\n수술적인 조치가 필요한 다른 합병증\n경미한 합병증\n미약한 출혈\n국속적인 감염\n국소적인 동통\n\n\n\n\nfocus로 관찰되거나 복막강처럼 액체로 가득찬 인접 공간으로 이동하는 echogenic foci로 보일 것이다.\n한 연구에 따르면, 신장 생검을 시술한 동물의 3/25(12%)에서 혈뇨가 관찰되었다고 한다. 그러나 2~3일 안에 회복되었다. \n개와 고양이에서 신피질-수질 접합부를 가로질러 생검을 실시하는 것이 피질에서만 생검을 실시하는 것보다 신장 혈관에 심각한 손상을 일으킨다. 생검 시료에 대형 동맥이 존재할 경우, 신장 경색이 일어날 가능성이 높아진다. 경색은 신장 기능의 현저한 감소를 일으키지 않는다. 그러나 피하는 것이 최선이다. 때문에 생검시, 바늘의 정확한 위치 선정을 위해 초음파 유도가 매우 중요하다. \n반복적인 생검이 신장에 손상을 주는 것처럼 한 번의 생검도 신장에 손상을 주기 때문에, 생검시 각별한 주의가 필요하다.\n신장 생검 환자의 관리 요령\n생검 전 관리 요령: 생검에 앞서 아래와 같은 검사를 해야 한다:\n혈액 응고계검사와 bleeding time검사(금기 사항편을 보라)\n단백질:creatinine 비율 및 신선한 요 시료를 이용한 반정량적 세균 배양검사 등 완벽 한 요검사\n양쪽 신장 모두 촉진되지 않는다면 방사선 또는 초음파검사\n세균 검사와 함께 요검사를 하고 생검 전후로 적절한 항생제 처치를 한다면 감염이 확산될 위험이(예, 신우염) 감소할 것이다.\n\n\n생검 과정 중 관리 요령\n지속적이고 적절한 수액처치—요생산량을 유지하고 신우 부위의 혈괴로 인한 비뇨 기 폐색의 위험을 감소시키기 위해서\n생검 후 관리 요령\n혈뇨의 심각도를 확인하기 위해서 자연 배뇨된(voided) 요를 지속적으로 관찰한다.\n내출혈의 증거를 찾기 위해 정기적으로 환자에 대한 임상검사를 실시한다.\n배뇨를 유지하기 위해 혈뇨가 줄어들 때까지 지속적으로 정맥수액을 유지한다.\n케이지 휴식을 적어도 8시간 정도 가져야 한다.\n매일 hematocrit, 혈장 요소 및 creatinine의 농도를 관찰한다\n일시적인 혈뇨는 빈번하게 일어나지만(생검 후 3일 이상), 심각한 문제가 되는 경우는 드물다(아래를 보라).\n생검 시료의 처리 요령\n취급시 주의 사항\n바늘로부터 조직 제거하기:\n등장성 생리식염수로 세척한다.\n조직을 분쇄해야 할 경우, 손상을 최소화하기 위해 25 G 바늘을 이용한다.\n젖은 거즈를 이용하지 말라—심한 조직 손상과 artifact를 유발시킨다.\n주의할 점:\n등장성 생리식염수로 습도를 유지시킨다.\n확대경을 이용하여 사구체의 존재를 확인한다.\n생검하기에 앞서 실험 담당자에게 적절한 고정액에 대한 자문을 구한다.\n10% neutral buffered formalin을 일반적인 고정액으로 사용한다(표 A3-2).\n생검 시료에 대한 올바른 고정액 선택\n각 고정액의 특징에 대해 표 A3-2에서 나와 있다. 하지만 일반 광학 현미경검사, 면역 형광 검사 및 전자 현미경검사 모두를 충족하는 고정액은 없다.\n최고의 검사결과를 얻으려면 조직을 채취한 후 광학 현미경검사 시료는 10% neutral buffered formalin에 고정하고, 면역 형광 검사용 시료는 Michel’s 고정액에 고정하 며, 전자현미경 검사용 시료는 2% buffered glutalaldehyde에 고정한다.\n보편적으로 10% neutral buffered formalin에 보존하면(대부분의 증례에서 광학 현 미경 결과가 진단에 가장 중요), immnoperoxidase와 전자 현미경검사도 가능하다.\n전자현미경으로 고정된 큰 조직(절제생검 또는 절개생검으로부터)을 연구할 때 1~2 mm 입방 모양의 조직이 두꺼운 wedge상 조직보다 선호된다.\n고정된 생검조직을 검사실로 보낼 때는, 모든 병력과 임상적 및 실험실적 검사 소견을 함께 보내야 한다. 이상적으로 신장 생검을 할 때, 신전성(탈수, 쇼크) 요인은 교정\n\n\n\n\n해야한다. 그리고 신부전증이 무뇨/핍뇨 또는 다뇨인지 확증해야 할 것이다. 병력과 실험실검사결과로 질환이 급성인지, 만성인지 또는 만성 신부전증에 급성이 같이 있는 것인지를 결정하는 데 도움을 준다.\n\n"}