{
  "title": "4. 개의 외상성 경막하 혈종의 진단 영상 특징 사례 보고",
  "author": "김주영",
  "publisher": "한국수의과학회",
  "department": "외과",
  "disease": "4. 개의 외상성 경막하 혈종의 진단 영상 특징: 사례 보고\n\n경막하 혈종은 골막과 경막건막 사이에 혈액이 축적된 것입니다. 2세 수컷 치와와가 외상 후 심각한 두부 부종으로 내원했습니다. 방사선 촬영과 컴퓨터 단층 촬영(CT)에서 두개골 전체를 둘러싼 거대한 부종이 나타났으며, 경추 경부로 확장되어 봉합선을 가로질러 있었습니다. 그것은 CT 이미지에서 대조 증강으로 약화되는 연조직에 대한 경미한 고농도 체액이었습니다. 4일째 되는 날 신체 검사와 영상 검사에서 두개골 부종이 해소되었습니다. 신체 검사와 영상 검사에서 두개골 위에 거대한 연조직 부종이 있는 경우 경막하 혈종을 감별 진단으로 고려해야 합니다.\n주요단어 : 혈종 , 두개골 , 방사선 촬영 , 컴퓨터 단층 촬영 , 개\n이동 : \n두개외 혈종은 위치에 따라 크게 세 가지 유형으로 나눌 수 있습니다.인간 의학에서 두부 혈종, 경막하 혈종, 두정상 혈종입니다[ 1 ]. 경막하 혈종은 인간의 신생아에서 발견되는 드물지만 치명적일 수 있는 질환입니다[ 2 ].이는 경막동과 두피 정맥 사이의 발신 정맥이 찢어져 발생하며 봉합선에 의해 제한되지 않습니다[ 2 , 3 ].경막하 혈종은 피부와 피하 조직 아래에 있는 질긴 섬유 조직인 골막과 경막막 사이의 잠재적인 공간 내에 형성됩니다[ 1 , 3 ].\n두부혈종은 일반적으로 골막하 공간에서 발생하고 봉합선에 의해 제한되어 중앙선을 넘을 수 없는 두개골 골막하 혈종입니다[ 1 , 4 ]. 두부혈종은 galea aponeurosis 외부의 피하 혈류성 액체 축적입니다. 중앙선을 가로질러 봉합선 위로 확장됩니다[ 5 ].\n경막하 혈종은 드물지만 잠재적으로 치명적인 상태입니다. 다른 두개외 혈종과 달리 이 질환이 발생하면 유아는 혈액량의 최대 50%를 경막하 공간으로 잃을 수 있습니다[ 6 ]. 또한 혈소판 감소증과 응고 검사에 대한 주의 깊은 모니터링이 필요합니다. 따라서 이 유형의 혈종을 다른 두개외 혈종과 구별하는 것이 중요합니다.\n인간의 다양한 영상 소견으로 진단된 두개외 혈종에 대한 보고가 몇 건 있었습니다. 그러나 수의학에서는 두개외 혈종에 대한 보고가 거의 없습니다. 따라서 수의학에서 두부 외상 사례에 대해 경막하 혈종이 과소 진단될 수 있습니다. 이 보고서의 목적은 수의학에서 두개외 혈종의 개념을 적용하고 개에서 외상적 사건으로 인해 유발된 경막하 혈종의 영상적 특징을 설명하는 것입니다.\n2세 수컷 치와와가 심각한 두부 부종으로 내원했습니다. 다른 개와 머리를 부딪힌 직후 두피 전체가 광범위하게 원주형으로 부었습니다. 개는 섬망과 호흡곤란을 보였습니다. 부은 두피를 촉지했을 때 통증 반응이 관찰되었습니다. 환자는 다른 신경학적 결손이 없었고 수정된 글래스고우 혼수 척도 점수는 17점이었습니다. 활력 징후는 분당 88회의 정상 심박수, 정상 수축기 혈압 114mmHg, 분당 90회의 높은 호흡수, 모세혈관 재충전 시간이 2초 미만이었습니다. 완전 혈구 수와 혈청 생화학 분석에서 적혈구(3.35[106 / μL], 기준 범위 5.5~8.5[106 / μL])와 헤마토크릿(22%, 기준 범위 39%-56%)이 약간 감소한 것으로 나타났습니다.\n두개골 방사선 검사에서 두개골 전체에서 제2 경추의 등쪽 부분까지 광범위한 원주형 연조직 부종이 나타났습니다. 추가 방사선 검사 소견으로는 개방된 융기와 좌측 광대뼈궁 골절이 포함되었습니다.\n \t\n두개골의 등-복부(A)와 우측-측면(B) 방사선 사진과 횡단 조영 전(C), 조영 후(E)와 좌측 시상면 조영 전(D), 조영 후(F) 컴퓨터 단층 촬영 이미지가 연조직 창에 표시됨. 두개골 전체에서 제2 경추의 등쪽 영역까지 광범위한 원주형 연조직 부종(B, 속이 빈 화살촉)이 표시됨. 열린 천문(B, 노란색 화살촉)과 좌측 광대뼈 아치의 골절(A, 속이 빈 화살표)도 관찰됨. 거대한 물질이 피부와 골막 사이의 두개골 전체를 둘러싸고 봉합선(CF)을 가로질러 있음. 그것은 연조직에 대한 불균일하고 경미한 고농도 유체였으며 경미한 조영 증강 부분(얇은 빨간색 화살표)(C, D)이 혼합되어 약화됨. 또한 좌측 전두엽에 경미한 고밀도 병변이 있었고, 두개내출혈과 타박상이 의심되었다(굵은 파란색 화살표)(E, F).\n \n컴퓨터 단층촬영(CT) 검사(Alexion; Canon Medical Systems, Japan)는 두개내 출혈, 두개내 고혈압 및 추가 두개골 골절의 정확한 진단 및 평가를 위해 수행되었습니다. 정신 상태가 섬망이었기 때문에 환자는 마취 없이 복측 눕기로 눕혔습니다. CT 매개변수는 120킬로볼트 피크, 150밀리암페어 초, 1.0mm 슬라이스 두께, 1.0mm 간격, 0.75초 회전 시간 및 0.938 콜리메이션 빔 피치였습니다. 조영제 후 CT 이미지는 600mg 요오드/kg iohexol(Omnipaque; GE Healthcare, Ireland)을 정맥 주사한 후 90초에 획득했습니다. CT는 두개골 천장 전체를 둘러싸고 경부 목까지 확장되어 봉합선을 가로지르는 거대한 부기를 보여주었습니다. 그것은 이질적이고, 평균 37 HU(범위 27-48 HU)로 감쇠하는 연조직에 대한 경미한 고농도 체액이었습니다. 가장 중요한 감별 진단은 아급성기 출혈이었지만 두피 조직의 부종성 변화나 농양의 가능성을 배제할 수 없었습니다. 또한 좌측 전두엽에 경미한 고농도 병변이 있었고 두개내 출혈과 타박상이 의심되었습니다. 경미한 대조 증강 부분(30-55 HU)이 섞여 있었습니다.\n실험실 검사 결과 혈소판 감소증은 없었고 응고 검사 결과는 정상이었습니다. 두개내 출혈 위치를 고려하여 발작을 예방하기 위해 만니톨 1g/kg/IV를 30분간, 비타민 K와 디아제팜 0.5mg/kg/IV를 투여했습니다.\n2일째에 개는 식욕과 정신 상태가 개선되었고 자발적으로 앉을 수 있었습니다.호흡 상태와 두개골 부기는 4일째에 점진적으로 개선되었습니다.24일째에 추적 방사선 촬영과 CT 검사를 시행한 결과 경막하 혈종이 상당히 개선되었고 전두골 수준에 작은 잔여물이 남아 있는 것으로 나타났습니다.\n \t\n4일째에는 두개골의 부기가 점차 호전되었습니다.\n \n \t\n24일차에 촬영한 우측 측면 방사선 촬영(A) 조영제 투여 전(B)과 조영제 투여 후(C) 횡형 CT 영상, 조영제 투여 전(D)과 조영제 투여 후(E) 두개골의 시상면 CT 영상입니다. 전두골 수준에 작은 잔여 병변(화살표)이 남아 있지만 경막하 혈종이 상당히 호전된 것으로 나타났습니다.\n \n경막하 혈종은 인간 의학에서 신생아와 소아에게 드물고 생명을 위협할 수 있는 질환입니다 [ 1 , 2 ]. 이는 골막과 두정막 사이 공간에 혈액이 축적된 것으로, 혈관 파열로 인해 발생합니다 [ 2 ]. 경막하 혈종은 종종 분만 시 손상에서 발생하지만 자연적으로 발생하거나 외상성 사건의 이차적 결과로 발생할 수도 있습니다 [ 7 , 8 ]. 임상적으로는 두피의 확산적이고 습한 붓기가 나타납니다 [ 9 ]. 경막하 혈종과 두정후두개는 모두 봉합선을 가로질러 확장될 수 있으므로 서로 혼동될 수 있지만 두정후두개의 붓기는 더 빨리 (처음 12~18시간 이내) 해소됩니다 [ 2 ]. 경막하 혈종은 일반적으로 며칠에서 몇 주 내에 해소되며 대량 출혈이나 관련 합병증의 경우 수술적 배액이 필요할 수 있습니다 [ 3 ]. 이러한 경우 다른 두개외 혈종과 달리 유아는 혈액량의 최대 50%를 경막하 공간으로 잃을 수 있습니다[ 6 ]. 따라서 CT 및 자기공명영상(MRI)을 수행하여 이러한 유형의 두개외 혈종을 구별하는 것이 중요합니다. 경막하 혈종이 진단된 경우 저혈량증에 대한 주의 깊은 모니터링과 혈소판 감소증 및 응고 검사와 같은 추가 실험실 검사가 필요합니다. 두개내 고혈압, 두개내 출혈 및 두개골 골절과 같은 추가 정보는 CT 및 MRI를 수행하여 얻을 수 있습니다.\n인간의 경두하 혈종의 CT 특징은 이 경우의 개와 유사하게 이질적이고 경미하게 대조를 강화하는 부분을 포함합니다.두개혈종의 CT 특징은 저밀도에서 고밀도 덩어리를 포함합니다.그러나 두개혈종은 전형적으로 두개골의 두정엽 또는 후두엽 부위에 위치하고 봉합선을 넘을 수 없기 때문에 경두하 혈종과 차별화될 수 있습니다 [ 2 ].두개혈종은 또한 종종 광물화된 바깥쪽 테두리가 특징이었습니다 [ 1 , 4 , 10 ].경두하 혈종의 CT 특징은 경두하 혈종이 경두하 혈종에 비해 더 광범위한 병변이기 때문에 경두하 혈종의 CT 특징과도 구별됩니다 [ 5 , 11 ]. 경막하 혈종은 근막하 공간에 위치하는데, 근막하 공간은 안와 가장자리까지 앞쪽으로, 목덜미 능선까지 뒤쪽으로, 측두 근막까지 옆으로 뻗어 있는 잠재적 공간입니다[ 11 ]. 따라서 경막하 혈종은 표층 경부 근막을 따라 뒤쪽 목까지 뻗어 나갈 수 있는 반면, 두개골 상부 혈종은 일반적으로 두개골 정점에 국소적인 '융기'로 발생합니다[ 5 , 11 ].\n인간의 의학에서 MRI는 종종 두개외 혈종, 특히 경막하 혈종을 진단하기 위해 수행됩니다[ 12 ]. MRI에서 경막하 혈종은 골막과 경막막 사이에 혈액이 축적된 것으로 식별됩니다. 일반적으로 봉합선에 국한되지 않은 확산적이고 거대한 형태 또는 캡슐화된 모양으로 관찰됩니다. MRI에서의 두개내 출혈과 유사하게 T1 가중 및 T2 가중 신호는 출혈 연령에 따라 다릅니다. 마취 위험이 더 높음에도 불구하고 MRI는 두개외 혈종 유형을 정확하게 평가한다는 이점이 있습니다. 그러나 전형적인 외상성 뇌 손상 사례와 유사한 CT는 마취 한계가 최소라는 이점이 있으며 혈종과 봉합선 위로의 확장을 빠르게 평가할 수 있습니다. 우리의 경우 마취 위험이 높고 환자가 마취 중이 아니기 때문에 평가를 위해 CT만 수행했습니다.\n인간 문헌에서, 어린이의 경막하 혈종에 대한 개입은 거의 필요하지 않습니다[ 3 ]. 통증과 부기의 임상적 징후는 일반적으로 며칠에서 몇 주 내에 해소되며 수술적 배액이 거의 필요하지 않습니다. 그러나 합병증이 의심되는 경우 수술적 배액이 필요할 수 있습니다[ 3 , 4 , 7 ]. 기도 압박[ 13 ], 안와 구획 증후군[ 6 ], 감염[ 14 ]은 인간의 외상성 경막하 혈종의 잠재적인 합병증으로 보고되었습니다. 특히, 안와 구획 증후군은 일반적으로 혈종이 안와 골막하까지 확장된 것으로 설명되었습니다[ 6 ]. 우리의 경우 혈종의 신속한 수술적 배액이 필요하지 않다고 생각했습니다.\n인간의 경우, 골막하 혈종은 분만실에 온 신생아에게 가장 흔히 발생합니다[ 1 , 2 , 5 , 9 ]. 이 질환은 나이가 많은 어린이와 성인에서는 훨씬 드뭅니다[ 3 , 4 ]. 나이가 많은 어린이의 경우, 경미한 두부 외상, 머리카락 잡아당기기 또는 땋기, 두개골 골절로 이어지는 외상으로 인해 골막하 혈종이 발생할 수 있습니다[ 4 , 6 , 7 , 14 ]. 현재 골막하 혈종에 대한 두 가지 수의학적 보고가 있습니다[ 1 , 15 ]. 두 가지 골막하 혈종 보고에서 환자는 청소년이었고 가장 나이가 많은 사람은 6개월이었고, 우리의 경우는 2세 성견이었습니다. 이는 인간에서 관찰되는 것처럼 수의학에서 성견을 포함하도록 감별 진단을 확대하는 것이 중요함을 시사합니다.\n두개골 병변의 조직병리학은 골막하 혈종이 있는 개에서 시행되었다[ 1 ]. 그 경우, 조직병리학적 소견은 적당한 수의 반응성 섬유아세포와 적당한 신생혈관형성이 섞인 콜라겐성 섬유성 결합 조직과 다초점 출혈 부위를 보여주었다. 골막 반응과 리모델링 혈종으로 추정되었다. 상황이 허락한다면, 조직병리학을 통한 확인이 권장된다. 그러나 우리는 미세 바늘 흡인 검사와 혈종의 위치와 구성에 관한 MRI를 통해 두개외 혈종을 확인하는 것으로 충분할 수 있다고 생각했다.\n본 보고에는 몇 가지 제한점이 있다. 첫째, 출혈을 확인하기 위해 세침 흡인 검사를 시행하지 않았다. 촉진 시 통증 반응은 없었고, 혈액 검사 결과 배액이 필요하지 않았다. CT 소견은 경막하 혈종과 유사했다. 결과적으로 부종과 출혈을 확인할 수 없었다. 둘째, 개의 정신 착란과 호흡곤란으로 인해 MRI를 진행할 수 없었다. 따라서 두개외 출혈의 유형을 구별할 수 없었고 MRI에서 골막과 경막 사이에 혈액이 축적되었는지 확인할 수 없었다.\n이 보고서에서는 두부 외상을 입은 성견에서 경막하 혈종이 의심되었고 영상 특징이 설명되었습니다. 결론적으로 경막하 혈종, 두개골 대두, 두부 혈종을 포함한 두개외 출혈은 개가 두부 외상의 병력이 있고 두개골의 광범위한 연부조직 부종이 있는 경우 감별 진단으로 고려해야 합니다. 방사선 촬영, CT, MRI를 포함한 영상 검사는 두개외 혈종의 감별 진단에 유용할 수 있습니다. 경막하 혈종이 진단된 경우 저혈량증에 대한 주의 깊은 모니터링과 혈소판 감소증 및 응고 검사와 같은 추가 실험실 검사가 필요합니다.\n\n"
}