{"title": "수의사와 보호자가 함께 보는 반려동물 아틀라스 시리즈- 기생충 진단과 치료, 예방", "author": "윤희정 감수", "publisher": "(주)범문에듀케이션", "department": "피부과", "disease": "1\n\n환경에서 많은 양의 기생충은 사람을 물거나 감염을 일으킬 수 있고 다양한 병원체를 옮길 수도 있다.\n\n이러한 작은 벌레(Ctenocephalides spp.)의 성충은 자신의 생활사를 완성하기 위해 동물의 피를 필요로 한다. 벼룩은 많은 수가 감염되고(massive infestation) 과민반응[벼룩 알러지 피부염(flea allergy dermatitis, FAD)]을 일으키는 것과 같은 위험을 동물에게 제기할 수 있다. 벼룩은 또한 개조충증(dipylidiasis), 바르토넬라병(bartonellosis), 헤모플라스마병(마이코플라즈마병), 사상충증(filariasis), 리케치아증(rickettsiosis)과 같은 다른 질병을 옮길 수 있다.\n임상증상 _Clinical Signs\n개:\n극심한 가려움(긁기, 물기, 핥기)\n요천추 부위의 탈모\n지루와 비듬\n화농창상성 피부염\nDipylidium caninum(개조충)의 전파\n만성: 과색소침착, 태선화, 과각화증\n다량 질병(massive infestation): 벼룩의 혈액섭취로 인해 빈혈이 유발될 수 있다.\n호산구성 육아종 병변\n좁쌀피부염\nDipylidium caninum의 전파\n만성: 병변 없는 탈모\n다량 질병(massive infestation): 벼룩의 혈액섭취로 인해 빈혈이 유발될 수 있다.\n2\n숙주의 혈액을 먹음\nFeeding on blood\nof the host\n\n진드기 _Ticks\n이 일시적인 외부기생충은 다양한 양의 피를 먹고, 직접적인 방법이나 병원체를 옮김으로써 동물이나 사람에게 해를 끼칠 수 있다. 다음 두 과에 속하는 진드기가 개와 고양이에 영향을 준다: Argasidae(물렁진드기과)와 Ixodidae(참진드기과). 참진드기과가 가장 중요한 과(family)이다.\n임상증상 _Clinical signs\n진드기가 가장 많이 발견되는 곳은 귀, 얼굴, 목, 배, 겨드랑이 그리고 발가락 사이다.\n외이도염(otitis externa)\n국소화된 피부 염증 반응: 진드기가 붙어있는 부분에 염증성 결절, 미세 농양\n다량 감염(massive infestation): 빈혈\n진드기 중독증: 오름마비, 운동실조 등\n전파된 병원체와 관련된 임상증상\n충란을 가진 암컷은 땅으로 떨어진다.\nAdults\nIxodidae (참진드기과)의 생활사 _Life cycle of Ixodidae\n암컷\nFemale\n환경에서 탈피\nMoulting in the\nenvironment\n충란은 환경에 축적됨\nEggs deposited in the\nenvironment\n\n\n부화\nHatching\n\n\n숙주의 혈액을 먹음\nFeeding on blood\nof the host\n\n유충\nLarva\n숙주의 혈액을 먹음\nFeeding on blood\nof the host\n약충\nNymph\n환경에서 탈피\nMoulting in the\nenvironment\n\n외부기생충 _EXTERNAL PARASITES\n3\n\n개\nTrichodectes canis(무는 이)\nLinognathus setosus(빠는 이,\n흡혈성 이)\n이는 주로 어리거나 나이가 많거나 허약한 동물들에서 외부기생충감염(이감염증)을 일으킬 수 있다. 이는 먹는 습관에 따라 두 개의 큰 강(class)으로 나뉜다: 생물에서 발생한 부스러기를 씹거나 무는 이와 피를 빨아먹는 흡혈성 이가 있다.\n임상증상 _Clinical signs\n피부: 모발 상태가 안 좋아지고, 가려움증으로 인한 자가유발성 찰과(피부뜯기증), 비듬과 탈모(등 부위나 전신적)\n전신: 흡혈성 이에 다량 감염(massive infestation)될 경우 빈혈과 허약증이 _Lice\n\n이는 굉장히 숙주 특이적이기 때문에 사람으로의 전파 위험이 없다.\n\n\n충란\nEgg\n\n약충\n(일부 발육 단계)\nNymphs\n(several stages)\n이(Trichodectes canis)는 또한 개조충(Dipylidium caninum)과 같은 다른 기생충들의 중간숙주의 역할을 하기도 한다 .\n\n\n외부기생충 _EXTERNAL PARASITES\n4\n\n\n약충(일부발육단계)\nNymph (several phases)\n성충\nAdult\n\n\n발톱진드기\nCheyletiella\n유충\nLarva\n\n\n충란\nEggs\n좀진드기 _Mites\n응애는 개(Sarcoptes scabiei)나 고양이(Notoedres cati) 또는 둘 다(Demodex spp., Otodectes cynotis, Cheyletiella spp., Straelensisa cynotis, Neotrombicula autumnalis)에게 영향을 미칠 수 있는 작은 기생충이다. 응애는 일반적으로 가려움증과 피부 변화를 일으킨다.\n임상증상 _Clinical signs\n탈모\n비듬\n딱지\n발적, 홍반\n원인이 되는 좀진드기에 따라 다양한 정도의 가려움증\n피부 비후\n구진과 농포\n피부 과다색소침착\n미란과 궤양\n[내이(inner ear)에 영향을 주는 좀진드기의 경우] 어두운 색의 귀지가 존재하는 이염(otitis)\n긁어서 발생하는 찰과와 병변\n\n다른 좀진드기\n\n일부 좀진드기는 인수공통전염병을 일으킬 수 있다.\n\n\n모낭충\nDemodex\n\n\n털진드기\nNeotrombicula\n천공개선충\nSarcoptes\n귀진드기\nOtodectes\n외부기생충 _EXTERNAL PARASITES\n5\n모기과 모기(Culex spp., Aedes spp., Anopheles spp.)와 모래파리(Phlebotomus spp., Lutzomyia spp.)는 먹이를 먹기 위해 동물의 피부에 일시적으로 머무는 외부기생충이다. 모기는 Leishmania infantum\n(모래파리)와 Dirofilaria immitis[개심장사상충(모기과 모기)]와 같은 기생충을 포함하는 중요한 병원체들을 매개한다.\n임상증상 _Clinical signs\n종창, 통증, 물린 부위에 다양한 정도의 가려움\n피부 병변: 구진, 딱지, 발적(홍반), 긁어서 발생하는 병변\n과민반응이 일어날 수 있음\n모기와 모래파리 _Mosquitoes and sandflies\n모기과\n모기\n\n대기\n\n수생(물)\nAnopheles\n\n\nAedes\nCulex\n유충(4 단계)\n번데기\n성체\n충란\n\n모래파리\n대기\n\n육생(육지)\n\n\n\n모기와 모래파리의 경우 물고 피를 빨아먹는 것은 암컷이다.\n\n내부기생충 _Internal parasites\n6\n선충 _Roundworms\n이 그룹의 기생충은 크기가 다양하고 원통형과 긴 몸체를 특징으로 한다. 이들은 흔히 회충이나 선충이라 불린다. 이러한 기생충들은 발견되는 해부학적 위치에서 다양한 병변과 염증 반응을 일으킨다. 이들 중 일부는 개나 고양이, 혹은 둘에게 영향을 준다.\n안구 기생충\nThelazia spp.\n(T. callipaeda and T. californiensis)\nOnchocerca lupi\n심장호흡기계 기생충\nDirofilaria immitis\nAngiostrongylus vasorum\nFilaroides spp.\n(F. osleri and F. hirthi)\nCrenosoma vulpis\nCapillaria aerophila\nAelurostrongylus abstrusus\nTroglostrongylus spp.\n소화기계 기생충\n식도에 기생:\nSpirocerca lupi\n위에 기생:\nPhysaloptera spp.\n장에 기생:\nToxascaris leonina\nToxocara spp. (T. canis and T. cati)\nAncylostoma spp.\n(A. caninum, A. tubaeforme\nand A. braziliense)\nUncinaria stenocephala\nTrichuris vulpis\nStrongyloides stercoralis\n\n\n이 기생충들 중 일부는 사람에게 감염될 수 있다.\n\n혈액 기생충\n피하조직에 기생:\nDirofilaria repens\nAcanthocheilonema\nreconditum\n복강에 기생:\nAcanthocheilonema\ndracunculoides\n비뇨기계 기생충\nCapillaria spp.\n(C. plica and C. feliscati)\nDioctophyma renale\n\n\n\n\n\n내부기생충 _Internal parasites\n7\n흡충\n임상증상 _Clinical signs\n감염된 동물들은 임상증상을 보이지 않거나, 반대로 성체의 위치나 미성숙 개체의 이동에 따라 다른 임상증상으로 발전할 수 있다.\n\n폐흡충\nParagonimus (1)\n이들은 부드럽고, 위아래로(dorsoventrally) 납작한 몸을 가져 편충과 같은 모습을 나타낸다. 반려동물은 두 개의 다른 강, 즉 흡충과 조충이 감염될 수 있다. 이 두 개의 강 사이의 주된 차이점은 흡충은 체절이 없고, 촌충은 체절이 있다는 것이다.\n흡충과 촌충 _Flukes and tapeworms\n1. 허파 국한\n2. 간 국한\n3. 장 국한\n후고흡충\nOpisthorchis (2)\n주걱흡충\nAlaria (3)\n1\n촌충\n임상증상 _Clinical signs\n보호자는 주로 감염된 동물에서 항문의 가려움 증상(바닥에 문지르기)과 항문 주위부나 변에서 기생충의 일부(편절)의 존재를 관찰할 것이다.\n몇몇 케이스에서 임상증상은 주로 설사/변비, 구토, 복부팽만, 그리고 (심하게 감염된 동물에서) 장폐색을 포함한 위장관계 증상이다. 체중 감소, 식욕부진과 모발상태가 안 좋아지는 것과 같이 비특이적 임상증상 또한 관찰될 수 있다.\n2\n\n조충\nTaenia (3)\n\n이 기생충들 중 일부는 사람에게 감염될 수 있다.\n3\n\n감염된 동물에서의 기생 정도는 임상적 증후와 심각성에 영향을 준다.\n포충\nEchinococcus (3)\n\n내부기생충 _Internal parasites\n8\n미세한 기생충들 _Microscopic agents\n원생동물은 맨 눈으로는 관찰할 수 없는 단세포 기생충들이다. 그들의 장기 굴성(organ tropism)에 따라 원생동물은 국소화되는 효과를 가지거나(예를 들어 소화기계 원생동물은 위장관 증상을 일으킨다), 전신적으로 퍼져 다양한 장기에 손상을 줄 수 있다(비특이적이고 종종 다양한 임상증상을 나타낸다).\n소화기\n전신\n동물들은 감염형을 삼킴으로써 기생충이 감염된다. 이것은 다양한 성장 단계와 장에서의 증식으로 이어지고, 생활사는 기생충의 새로운 형태 발육으로 완성된다. 이러한 형태는 배출되는 순간 감염성이 있거나, 감염형으로 발육하기까지 환경에서의 시간이 필요할 수 있다.\n이 원생동물들은 다양한 장기에 퍼져 전신감염으로 이어진다.\nToxoplasma gondii와 Neospora caninum은 그들의 장내 증식단계에도 불구하고(despite their intestinal multiplication phase), 그들이 일으키는 임상증상의 본질을 고려해볼 때 전신에 영향을 주는 원생동물이라고 생각할 수 있다.\n\n트리파노소마(혈류)\nTrypanosoma (bloodstream)\n\n\n리슈마니아(대식세포)\nLeishmania (macrophage)\n\n\n범안열원충(Theileria)\n(다양한 혈액세포)\nTheileria\n(various blood cells)\n바베시아(적혈구)\nBabesia (erythrocytes)\n장\nIntestine\n\n이 기생충들 중 일부는 사람에게 감염될 수 있다.\n감염성 형태\nInfectious form\ncytauxzoon(다양한 혈액세포)\nCytauxzoon (various blood cells)\n\n\n주혈원충(Hepatozoon)\n(다양한 혈액세포)\nHepatozoon\n(various blood cells)\n\n\n"}