{"title": "수의사와 보호자가 함께 보는 반려동물 아틀라스 시리즈- 기생충 진단과 치료, 예방", "author": "윤희정 감수", "publisher": "(주)범문에듀케이션", "department": "피부과", "disease": "\n\n소화기계 _Digestive system\n9\n 진단\n분변검사\n진단 영상\n분자진단(PCR: 중합효소 연쇄 반응)\n혈청학(항체 검사)\n변에서 항원을 검출하기 위한 검사\n추가적인 검사(내시경, 대장내시경)\n선충에 의한 질병 _Caused by nematodes\n위장관계 선충증은 개와 고양이에게 영향을 주는 다양한 종류의 선충에 의해 일어난다. 이 기생충들은 식도(Spirocera lupi: spirocercosis), 위(Physaloptera: physalopteriasis) 또는 장(Ancylostoma spp/ Uncinaria spp: ancylostomiasis; Toxascaris leonina: toxocariasis; Toxocara canis: 개회충증; Trichuris vulpis: trichuriasis; Strongyloides stercoralis: strongyloidiasis).\n 치료\n내시경으로 기생충을 제거\n구충 치료\n필요하다면 보조 치료\n\n 예방\n올바르고 정기적인 대변처리\n구충제의 올바른 사용, 새끼 강아지와 임신 또는 수유 중인 암컷에게 특별히 주의해야 한다.\n환경적 오염(충란, 유충)을 줄이기 위한 위생 방법과 청소\n정기적인 대변 검사\n사냥과 포식성 행동을 막아라.\n동물들에게 날음식이나 덜 조리된 음식을 먹이는 것을 피해라.\n실외 시설에 콘크리트 바닥\n관련된 중간숙주와 운반숙주에 대한 충분한 관리\n\n\n위장관계 선충 중 일부는 사람에게 감염되어 위험을 초래할 수 있다.\n임상증상 _Clinical signs\n복부팽창\n비정상적 변(변화된 농도, 혈액이나 점액의 존재)\n구토(vomiting)\n탈수\n식욕 부진\n무기력\n악액질\n모발 상태가 안 좋아짐\n빈혈\n연하곤란\n역류\n발육 저지(stunting)\n장폐색\n유충의 이행장소와 관련된 병변\n이 조건은 (새끼) 강아지와 어린 동물에게 심각한 결과를 초래할 수 있다.\n소화기계 _Digestive system\n10\n 진단\n(대변, 토사물, 항문 주위에서) 기생충의 일부나 편절의 직접적인 관찰. 그리고 형태학적 확인\n분변검사\n분자진단(PCR: 중합효소 연쇄 반응)\n변에서 항원을 검출 (Echinococcus 종)\n복강에서 기생충의 발견(예: 수술 중)\n\n조충에 의한 질병 _Caused by cestodes\n조충병(cestodosis)은 개와 고양이를 감염시키는 여러 종류의 조충에 의해 일어난다. 성충은 동물의 장 벽에 붙어있는 동안 손상을 일으킨다. 가장 중요한 종은 Taenia spp(개에서 T.serialis, T.ovis, T.multiceps, T. hydatigena, T.pisiformis와 고양이에서 T.taeniaeformis), 개조충(Dipylidium caninum), Echinococcus spp(개에서 E.granulosus와, E.multilocularis, , 광절열두조충과 Spirometra spp이다.\n편절로부터 방출된 충란\nEggs released from the proglottids\n 치료\n적절한 구충제\n벼룩과 이의 감염에 대한 구충 관리(개조충)\n보조치료\n동물을 완벽하게 씻기기(피모에 붙은 감염형을 제거)\n 예방\n변의 제거와 올바른 처리\n외부(개조충)와 내부 기생충에 대한 정기적인 구충 치료\n정기적인 분변검사\n사냥과 포식성 행동을 막아라.\n동물들에게 날음식이나 덜 조리된 고기나 생선을 먹이는 것을 피해라. 상업적인 반려동물 사료를 먹여라.\n(사람이나 동물에 의해) 오염될 가능성이 있는 물의 섭취를 피해라.\n신선한 제품(채소, 과일)을 씻어라.\n모든 음식을 충분하게 조리해라.\n\n개조충, 포충(Echinococcus spp), 광절열두조충, 만손열두조충(Spirometra spp)들은 인수공통 기생충이다.\n\n항문주위의 편절\nProglottids in perianal area\n소화기계 _Digestive system\n11\n 진단\n분변검사와 충란의 형태학적 확인\n분자진단(PCR: 중합효소 연쇄 반응)\n진단영상\n개와 고양이에게 영향을 주는 소화기계 흡충의 형태는 간 흡충 감염[후고흡충, 담낭흡충(Metorchis)], 장 흡충 감염[주걱흡충(Alaria)]을 포함한다. \n간 흡충 감염\n이 기생충들은 간 담도계에 위치한다.\n후고흡충\n담낭흡충(Metorchis)\n흡충에 의한 질병 _Caused by trematodes\n\n 치료\n적절한 구충제로 약물학적 치료\n보조치료\n 예방\n환경적인 오염을 예방하기 위한 대변의 적절한 제거\n정기적인 분변검사\n숙주 역할(중간숙주, 운반숙주)을 하는 동물에 대한 사냥과 포식성 행동을 막아라.\n동물들에게 날음식이나 덜 조리 된 음식을 먹이는 것을 피해라.\n장 흡충 감염\n미성숙 형태는\n허파에 위치한다.\n성숙한 형태\n(성충)는 소장에 위치한다.\n\n(기생충의 형태를 포함하고 있는) 개구리 다리나 물고기와 같은 특정 제품을 섭취하는 것은 충분히 조리되었을지라도 위험할 수 있다.\n\n\nAlaria spp\n\n소화기계 _Digestive system\n12\n 진단\n분변검사\n다른 진단 검사들이 필요할 수 있다:\n분변 면역진단 검사(faecal immunodiagnostic test)\n특정 염색을 이용한 분변 검사\n분자진단(PCR: 중합효소 연쇄 반응)\n원인체 동정을 위한 배양\n원생동물에 의한 질병 _Caused by protozoa\n이 질병들은 개, 고양이, 또는 둘 다에게 영향을 줄 수 있는 다양한 종류의 원생동물에 의해 일어난다. 여기에는 구포자충증(Cystoisospora spp, 근육포자충, 소피부포자충, Hammondia spp), 와포자충증(Cryptosporidium spp), 람블편모충증(Giardia), 그리고 질편모충증(소세모편모충)이 포함된다. 성견, 성묘에서보다 어린 동물에서 더 심각한 결과를 초래할 수 있고, 임상증상은 어리고 면역력이 약화된 동물에서 더 흔하다.\n 치료\n동물:\n항원충약물\n보조치료\n모든 동물들을 같은 환경에서 치료\n동물을 완벽하게 씻기기(피모에 붙은 감염형을 제거)\n환경:\n주변환경을 세척 소독\n 예방\n새로운 동물의 건강 상태를 파악해라.\n연속적인 분변 검사와 결과에 따른 기생충 관리\n올바른 배변 처리(확산 방지)\n밀집사육(overpopulation)을 방지하고 적절한 위생 방법을 시행(집단 거주하는 동물들의 경우)\n사냥과 포식성 행동을 막아라(감염형 섭취).\n특히 강아지의 경우 면역 반응을 약화시킬 수 있는 상황을 피해라.\n동물의 좋은 면역 상태를 유지해라.\n잠재적으로 비위생적인 물을 먹는 것을 방지해라.\n날음식의 적절한 조리\n먹고 마시는 기구들의 위생과 소독\n임상증상 _Clinical signs\n아주 가볍거나 불분명한 임상 증상\n특이적이지 않은 임상증상: 식욕부진, 열, 복부팽만, 체중 감소, 탈수, 대부분의 심한 경우에서 무관심과 우울\n소화기 임상증상: 설사, 구토, 지방변증, 대변에 혈액이나 점액의 존재\n\n람블편모충(Giardia spp), 와포자충(Cryptosporidium spp)은 인수공통 기생충이다. 어떤 동물이라도 만진 후에는 손을 씻어라.\n면역력이 약화된 사람들은 감염을 막기 위해서 감염된 동물을 직접 접촉하는 것을 피하거나 적절한 보호 방법을 이용해야 한다.\n심장, 호흡기계 _cardiorespiratory system\n13\n 진단\n분변검사\n기도 세척\n흉부 방사선 촬영\n혈청 검사(개주혈선충)\n분자진단(PCR: 중합효소 연쇄 반응)\n혈액학적 측면\n심장초음파(개주혈선충)\n추가적인 검사: 기관지 내시경 검사, 흡인과 허파\n생체검사\n이 기생충 질병들이 반려동물에서 드물지만, 야외에 사는 동물들은 가장 큰 위험에 놓여있다. 반려동물들에게 영향을 주는 주요한 기생충들은 다음과 같다:\n개: 개주혈선충(허파동맥과 심장에도 영향), Filaroides osleri, 개폐충, 개폐선충과 폐모세선충\n고양이: 폐모세선충, 고양이폐충과 Troglostrongylus속의 다양한 종들\n유충 1단계는 인두로 올라가고 삼켜진 후에 분변에서 허물을 벗는다.\n폐충 _Lungworms\n유충 1단계는 달팽이의 피부를 뚫는다.\nDH: 종숙주 definitive host\nIH: 중간숙주 intermediate host\n\n중간숙주\n(달팽이-육서패류)\nIH (land snail)\n개주혈선충의 생활사 _Life cycle of Angiostrongylus vasorum\n종숙주가 감염된\n연체동물을 먹는다.\n\n\n유충1\nLarva 1\n 치료\n약: 적절한 구충제\n수술: 심각한 기도폐쇄의 경우\n보조 치료\n휴식\n종숙주(개)\nDH (dog)\n충란\nEggs\n충란과 유충들이\n있는 허파꽈리와\n허파모세혈관\n\n성충\nAdults\n 예방\n동물:\n정기적인 내부 기생충 관리\n정기적인 대변 검사\n숙주 섭취를 피해라(중간숙주나 운반숙주).\n환경:\n연체동물 구충제 적용\n실외 시설에 콘크리트 바닥\n림프절에서 유충들은 성숙해서 심장과 허파동맥으로 이동한다.\n성충은 성장하고 알을 낳아 혈액을 통해 허파모세혈관으로 운반된다.\n심장, 호흡기계 _Cardiorespiratory system\n14\n 진단\n혈액도말표본검사\n혈액에서 microfilaria 검출: 필터 검사 또는 Knott's test\n혈청 검사:\n혈액에서 항원 검출\n항체 검출(고양이)\n추가적인 검사:\n흉부 방사선 촬영\n심장초음파\n심전도\n\n감염된 모기는 사람도 물고 개심장사상충을 전염시킬 수 있다. 허파 결절이 생길 수 있다.\n\n\n개심장사상충증\n_Heartworm (canine dirofilariasis)\n선충인 개심장사상충에 의해 일어나는 질병이다. 개심장사상충은 모기에 의해 전파된다[주로 Culex\n(집모기), Aedes(숲모기), Anopheles(얼룩날개모기)]. 개에서 성충의 주된 위치는 큰 혈관 (허파 동맥과 대정맥)과 심장(우심실)이다.\n중간숙주\n(그 중에서도 집모기, 숲모기,얼룩날개모기)\nIH: intermediate host\n\n 치료\n약물 치료:\n(성충용과 필라리아자충용) 살충제 처치\n기생충과 연관된 세균에 대한 적절한 항생제 치료\n보조 치료\n수술: 심장과 큰 혈관이 포함될 경우\n대증치료: 심각한 임상증상 또는 허파색전증\n휴식과 운동 제한\n\n혈액에\n필라리아자충\n\n감염성이 있는 3단계 유충은 모기가 물어서 생긴 상처를 뚫는다.\n 예방\n동물:\n예방 치료를 시작하기 전 매년 검사하기 위험한 시기 동안 필라리아자충에 대한 개심장사상충약(macrocyclic lactone계열) 사용\n방충 효과를 가지는 살충제로 외부 처치\n중간숙주에 노출 감소\n환경:\n중간숙주 통제\n허파 동맥과 심장에 위치하는 성충\n순환기계 _blood\n15\n 진단\n병력: 진드기에 노출\n임상증상: 특별하지 않음\n진드기 종류 확인(가능하다면)\n혈액학, 생화학, 그리고 혈청 단백질 분석\n특정 진단 검사: 혈액 도말 표본 검사, 세포학 검사, 생검, 혈청 검사, 분자진단(PCR)\n원생동물\n선충\n이 질병들은 전파에 진드기가 필요하다. 진드기는 진단과 관리의 어려움 때문에 수의사들에게 큰 도전이 되고 있다.\n진드기 매개 질병 _Tick-borne diseases\n* 진드기를 먹어서 전염됨\n사상충증\nFilariasis\n(Acanthocheilonema\ndracunculoides)\n\n주혈원충증(주혈원충)\nHepatozoonosis*\n(Hepatozoon spp)\n\n하나의 진드기가 하나 이상의 병원체\n(기생충, 세균, 바이러스)를 전염시킬 수있다.\n\n\n\nCitauxzoonosis\n(Cytauxzoon felis)\n\n 치료\n전염된 병원체의 종류에 따라 특정 약물\n치료\n보조 치료\n\n\n바베스열원충 감염증\n(바베시아)\nBabesiosis (Babesia spp)\n\n 예방\n보호자에게 동물에서 진드기를 검사하는 방법을 교육시킨다.\n질병 전파를 막기 위해\n가능한 빨리 진드기를 제거해라.\n반드시 동물이 진드기를 먹지 않도록 해라.\n방충 효과를 가지는 구충제를 사용해라.\n백신(제한된 이용률)\n진드기가 많은 곳에 노출을 제한해라.\n\n\n\n범안열원충병\n(범안열원충)\nTheileriosis (Theileria spp)\n\n순환기계 _blood\n16\n 진단\n혈액에서의 필라리아자충 검출과 확인(집충법)\n특정 조직화학염색(필라리아자충 구별)\n분자 진단(PCR)\n모세관 고속원심법: 버피코트 아래의 비율을 관찰\n동물에서 성충의 관찰과 확인(예: 수술/ 결절 제거 도중)\n\n\n그 외 순환기계 질병 _Other parasitic diseases of the blood\n이 질병들은 유충 형태(필라리아자충)가 순환 혈액에서 검출될 수 있는 선충에 의해 일어난다. 성충은 종에 따라 피하조직과 근막(Dirofilaria repens와 Acanthocheilonema reconditum) 또는 복강(Acanthocheilonema dracunculoides)에 위치한다.\n\n\n 치료\n피하조직(결절)에 위치한 기생충의 수술적 제거\n필요하다면 필라리아자충 치료(명확한 임상증상)\nD.repens에 대해서는\n성충용, 필라리아자충용 살충제 치료의 조합\n기생충과 연관된 세균에 대한 적절한 항생제 치료\n\n이 선충들은 주로 개에게 영향을 주고 매개체 감염이다.\n 예방\n매개체: 광범위 외부기생충 구충제. 필요하다면 국소 방충제를 포함해라.\n진드기에 노출을 피해라.\n예방 치료를 하기 전, 혈액에서 필라리아자충에 대한 검사(D.repens)\n위험한 시기 동안 필라리아자충에 대한 개심장사상충약(macrocyclic lactone계열) 사용\n\n\n\n\nD. repens\n\n신장계(비뇨기계) _Renal system\n17\n 진단\n요침전물에서 충란의 발견\n방사선검사와 복부 초음파 검사\n시험적 개복술[복강에 거대신충의 유리형(free form)]\n비뇨기 기생충 _Urinary parasites\n모세선충증\nCapillariasis\n선충증\nDioctophymiasis\n 치료\n약물 치료: 구충제(모세선충종)\n수술: 콩팥 혹은 복강에 존재하는 기생충의 제거(거대신충)\n동물을 환경적 오염이 없는 장소로 이동\n반려동물에게 영향을 주는 주요한 비뇨기 기생충들은 다음과 같다:\n방광모세선충: 방광에 감염되고 때때로 요관과 콩팥에 감염된다\n(고양이와 개).\n거대신충: 콩팥에 감염되지만 복강으로 이주할 수 있다(개).\nCapillaria feliscati: 방광모세선충과 아주 비슷한 특징을 가지는 방광의 기생충(고양이)\n임상증상 _Clinical Signs\n비뇨기 문제(방광염, 배뇨곤란, 신부전 등)\n복강의 거대신충: 간 손상, 복막염, 복강내출혈\n\n날음식이나 덜 조리된 생선이나 개구리 다리를 섭취하는 것은 위험을 내포한다.\n\n이러한 선충들에 의해 일어나는 대부분의 외부기생충감염은 주로 무증상이거나 불현성이다.\n 예방\n동물:\n연못, 호수 부근으로의 접근 방지\n덜 조리된, 혹은 날생선을 먹이는 것을 피해라.\n중간숙주 혹은 운반숙주의 섭취를 피해라.\n정기적인 내부 기생충 관리\n환경:\n실외 시설에 콘크리트 바닥\n전신적 혹은 다기관 질병 –systemic or multiorgan\n18\n\n감염된 모래파리는 사람을 물고 기생충을 전파시킬 수 있다. 면역이 억압되거나 약화된 사람들은 더 위험하다.\n 진단\n임상병력과 신체검사\n혈액학, 생화학, 그리고 혈청 단백질 분석\n확진 검사: 혈청검사(혈액에 존재하는 항리슈만편모충 항체의 정도를 확인), 세포학 검사, 조직병리학 검사와 분자 진단(PCR)\n척추동물 숙주(개)\nVH (dog)\n리슈만편모충증 _Leishmaniasis\n소아리슈만편모충에 의한 질병으로 플레보토무스(Phlebotomus)속(유럽,아시아, 아프리카)과 Lutzomyia(미국)라는 절지동물에 의해 전파된다.\n\nVH: 척추동물 숙주\nIH: 무척추동물 숙주\n눈\nEye\n 치료\n질병의 단계에 따라 다르다.\n주된 추천 약물:\ndomperidone, meglumine antimoniate, allopurinol, miltefosine, meglumine antimoniate + allopurinol, miltefosine + allopurinol.\n보조치료\n관절\nJoints\n림프절\nLymph node\n피부\nSkin\n\n무편모형은 방출되고 기관에서 증식한다.\n 예방\n개에서:\n감염된 개에 대한 조기 진단과 치료\n살충과 방충효과를 가지는 국소 약물(pyrethroid)\n백신과 면역조절제\n매개체가 가장 활발한 시간에 산책하는 것을 피해라(초저녁부터 새벽까지).\n환경:\n매개체 조절 수단의 적용\n\n\n무척추동물 숙주(감염된 모래파리)\nIH (infected sandfly)\n대식세포가 전편모형을\n잡아먹는다.\n콩팥\nKidney\n전신적 혹은 다기관 질병 –systemic or multiorgan\n19\n\n 진단\n혈청학 검사: 항톡소포자충 항체(IgM과 IgG)의 검출\n분자 진단(PCR)\n대변 검사: 부유법\n최종 진단: 조직(생검)이나 체액(세포학 검사)에서 기생충의 존재를 확인한다.\n 예방\n관리되지 않은 지역에서 물을 마시는 것을 피해라.\n사냥과 포식성 행동을 막아라.\n대변검사\n사람에서:\n위험: 면역이 약화된 사람이나 혈청반응이 음성인(항체가 없는) 임신한 여자\n기본적인 개인 위생 수단\n어린이들이 손을 씻기 전에 그들의 손을 입에 넣는 것을 막아라.\n고기를 적절히 조리하고(>80도, 15분), 덜 조리된 고기는 적어도 3일 동안 사전에 얼려놓아라.\n과일과 채소를 씻어라.\n깨끗하지 않은 물과 저온살균하지 않은 우유를 마시는 것을 피해라.\n적절한 부엌 위생 수단\n\n가축으로부터의 음식과 물의 분변 오염을 막아라.\n혈청반응이 양성인 개들에서 스트레스와 면역억압 약물을 피해라.\n혈청반응 양성인 암컷을 번식에 사용하지 마라.\n파동편모충증 _Trypanosomiasis\n개와 고양이에게 영향을 준다.\n비특이적 임상증상\n전파 매개체:\n침노린재(크루스파동편모충)\n말파리와 Stomoxys속(에반스파동편모충)파리\n\n샤가스병(크루스파동편모충)의 경우 인수공통전염병의 위험이 있다.\n\n피부 _Cutaneous\n21\n 진단\n임상병력\n임상증상\n벼룩이나 벼룩 대변의 존재(피모를 빗질하여 축축한 종이 수건으로 벼룩의 대변을 확인)\n벼룩의 항기생충 관리에 대한 반응\n개조충의 확인\n가려움증의 다른 원인을 제거\n\n벼룩 감염증: 벼룩 알러지 피부염\n_Flea infestation: flea allergy dermatitis\n벼룩 알러지 피부염은 벼룩의 침에 있는 알러지원에 의해 유발되는 알러지 피부염(과민반응)이다.\n 치료\n벼룩의 생활사에 대한 완벽한 관리\n동물에서의 성충과 환경에서의 미성숙형을 제거\n가려움증과 이차적 합병증 관리\n개조충에 대한 내부 기생충 관리\n감염부위\nAffected area\n\n만약 동물이 민감하다면 매우 적은 벼룩으로도 알러지 반응을 일으킬 수 있다.\n 예방\n주변 환경에 있는 동물들에 대한 살충제 처치\n미성숙형이 살 수 있는 구역에 대한 정기적 청소(카펫, 덮개 등등)\n동물들이 쉬는 바구니나 다른 용품들의 세척과 살충제 처치\n분포 양상\n\n\n피부 _Cutaneous\n22\n 진단\n진드기의 관찰과 확인\n임상 병력: 진드기가 사는 환경에서 여행하거나 머문 경우\n진드기 감염증 _Tick infestation\n\n 치료\n동물:\n가능한 빨리 진드기를 제거해라(sheet 41. 진드기 제거 방법 참고)\n진드기 구충제 처치\n환경:\n효과적인 화학약품 처치(집, 개집, 거주지)\n진드기가 살 가능성이 있는 장소(틈 등) 조사\n진드기가 살기 좋은 서식지들 제거\n개와 고양이 둘 다에 영향을 준다. 다음은 원인이 되는 진드기의 주 속(genera)들이다:\n참진드기과: 참진드기(Ixodes spp), 뿔진드기(Rhipicephalus spp), 가죽진드기, 작은소참진드기(Haemaphysalis spp), 뭉뚝참진드기(Amblyomma spp), Hyalomma spp\n공주진드기과: Ornithodoros spp, Otobius spp\n\n 예방\n모든 동물들에서 방충 효과가 있는 진드기 구충제의 정기적 적용\n많은 양의 진드기로부터 영향을 받기 쉬운 환경(농장, 야생)을 피해라.\n동물들에게 붙어있는 진드기를 찾기 위한 정기적인 검사\n\n피부 _Cutaneous\n23\n 진단\n임상 병력\n임상증상\n양립할 수 있는 조직학적 패턴을 보여주는 피부 생검(진단은 x)\n동물에서 외부기생충 발견\n이것은 다양한 종류의 곤충의 물림에 대한 반응이다. 반응의 심각성은 각 동물의 면역반응에 따라 다르다.\n물림에 의한 알러지 반응 _Allergic reactions to bites\n 치료\n가능한 한 빨리 수의사와 상담해라.\n해당 부위를 씻고 소독해라.\n국소 그리고/또는 전신 당질코르티코이드를 이용해 염증과 가려움증을 관리해라.\n이차적인 세균 합병증을 위한 항생제\n\n인간을 위해 디자인된 일부 방충제는 동물들에게 유독할 수 있다.\n 예방\n곤충이 활발한 시간 동안\n항 외부기생충 구충제 사용\n동물과 곤충 간의 접촉을 피하라.\n모기 물림 과민반응\nMosquito bite hypersensitivity\n분포 양상\n\n\n피부 _Cutaneous\n24\n\n인수공통전염병의 위험은 가축개선(mange)의 종류에 따라 다르다.\n가축개선충, 옴 _Mange\n이것들은 개와 고양이의 Notoedres cati(고양이 천공개선충), Cheyletiella spp, Demodex spp(모낭진드기), Otodectes cynotis(귀진드기)와 Sarcoptes scabiei(천공개선충, 옴진드기)와 같은 다양한 좀진드기 감염에 의한 피부 과정이다.\n 진단\n병력(임상증상과 병변 분포)\n기생충의 직접적인 관찰과 확인\n특정 진단 검사: 피부 찰과 표본 검사(피부 소파 검사), 점착 테이프 검사, 모근 검사, 귀 분비물 검사(이염), 피모 빗질, 혈청 검사[옴진드기(Sarcoptes scabiei)]\n치료적 진단: 진드기 구충제에 대한 반응[만약 옴진드기(Sarcoptes scabiei) 감염이 의심될 때]\n귀끝반응(pinnal-pedal reflex) [만약 옴진드기(Sarcoptes scabiei), 귀진드기(Otodectes cynotis) 감염이 의심될 때]\n피부 생검(드문 경우)\n\n\n 치료\n동물:\n진드기 구충제(전신적 그리고/혹은 국소적)의 사용\n이염의 경우 속귀의 청소와 치료\n딱지를 제거하기 위한 항지루성 샴푸\n이차적인 세균 감염의 경우 항생제 치료\n가려움증 감소: 항소양제\n같이 사는 모든 동물들을 치료하고 감염된 동물과 접촉하는 것을 피해라.\n환경:\n침구와 다른 가정용품들의 청소, 환기 그리고 소독(비말)\n살충제의 사용\n임상증상은 관련된 좀진드기의 종류에 따라 다르다.\n전신적인 모낭진드기증을 앓고 있는 개들은 유전적인 소인 때문에 번식에 사용되지 않아야 한다.\n\n개선(sarcoptic mange)\nSarcoptic mange\n 예방\n동물의 좋은 면역 상태\n살충제를 사용한 정기적인\n치료\n건강 상태를 모르는 동물(길거리나 야생동물)과의 접촉을 피해라.\n 진단\n피부, 피모 또는 피부 병변 속에서 유충이나 충란의 집단을 직접 발견\n장모 동물들에서 탐색을 통해\n피부 _Cutaneous\n25\n선행 요인 _Predisposing factors\n좋지 않은 위생 수단\n약한(나이가 많거나 아픈) 동물들\n부전마비가 있는 동물들\n젖은 피모\n곪은 상처\n변실금 및/또는 요실금\n임상증상 _Clinical Signs\n괴사 조직이 남아있는 궤양\n병변 분포: 눈, 입, 코, 항문, 생식기, 치료받지 않은 감염된 상처\n특유의 냄새\n구더기증 _Myiasis\n파리(Dipteran fly)의 유충(구더기)의 존재가 특징인 외부기생충 감염\n\n살충제의 사용은 아나필락시 반응\n(초과민반응)을 일으킬 수 있다.\n유충2(피부 조직을 먹기 시작)\nLarva 2 (begin to feed on cutaneous tissue)\n분화구 모양의 궤양\nCrateriform ulcer\n번데기\nPupa\n유충3\nLarva 3\n 치료\n선행 요인들의 평가와 관리\n모든 영향을 받은 부위의 털을 깎고, 소독제로 소독해라.\n유충을 손으로 제거\n상처의 수술적 괴사조직 제거와 술후 치료\n파리가 없는 환경으로 이동해라.\n상처 합병증(세균 감염)의 경우 항생제 처치\n진통제\n\n성충 파리(피부 부위에 모인다)\nAdult fly (attracted to areas of skin)\n충란\nEggs\n 예방\n파리를 끌어들이는 것을 피해라(치료되지 않은 곪은 상처, 오줌에 적셔진 피부, 구토 또는 대변 잔존).\n약한 동물들은 침대 네트(모기장)을 사용해라.\n\n유충1\nLarva 1\n 진단\n형태학상 그리고/또는 분자적\n확인\nThelazia 종: 눈에서 선충(성충 그리고/혹은 유충)의 직접적인 관찰\nO.lupi: 육아종 생검\n눈 _Ocular\n26\n\n눈 기생충 _Ocular parasites\n동양안충증과 회선사상충증은 각각 Thelazia속[T. callipaeda(동양안충), 칼리포니아안충]과 Onchocerca lupi라는 선충에 의해 일어나는 두 가지 눈병이다.\nIH: 중간숙주\n임상증상 _Clinical Signs\n눈 기생충은 개와 고양이에게 영향을 준다.\n눈 증상: 결막염, 결막 부종, 유루증, 수명, 눈 분비물과 간지러움증\n육아종과 시력을 잃을 수 있음(O.lupi)\n명백한 임상증상 없이 피하조직(피부)에서 O.lupi의 존재\n\nThelazia spp\n중간숙주(diptera 파리)\n(Phortica variegata)\nThelazia spp\nIH (diptera fly)\n(Phortica variegata)\n 치료\n수술: 기생충과 육아종(O.lupi)의 제거(Thelazia spp)\n특정 약물 치료:\nThelazia spp: macrocyclic lactone계열 구충제\nO.lupi: 약물들의 조합(macrocyclic lactone, melarsomine dihydrochloride, 독시사이클린)\n눈 부작용의 경우 소염제와 항생제 치료\n\nOnchocerca lupi\n중간숙주(먹파리)\n(simulids)\nOnchocerca lupi\nIH (blackfly) (simulids)\n\n감염된 동물들 중 일부는 눈 증상으로 발달할 수 있지만 다른 일부는 임상증상을 보이지 않을 수 있다.\n 예방\n방충 효과가 있는 항 외부/내부 구충제의 정기적인 사용\n매개체와 동물과의 접촉을 최소화해라.\n매개체가 많은 시기 동안의 외출을 줄여라.\n매개체 수의 환경적인 조절\n\n결막의 육아종\nConjunctival granuloma\n\n"}