{
    "title": "수의사와 보호자가 함께 보는 반려동물 아틀라스 시리즈- 기생충 진단과 치료, 예방",
    "author": "윤희정 감수",
    "publisher": "(주)범문에듀케이션",
    "department": "피부과",
    "disease": "\n34\n벼룩이 문 자국\nFleabite\n개로부터의 인수공통 전염병 _Zoonoses from dogs\n옴(구진, 소수포 등)\nScabies (papules, vesicles, etc.)\n\n피부로의 유충 이행\nCutaneous larva migrans\n35\n\n고양이로부터의 인수공통 전염병 _Zoonoses from cats\n눈 톡소포자충(안저)\nOcular toxoplasmosis\n(eye fundus)\n\n"
}