{"title": "수의사와 보호자가 함께 보는 반려동물 아틀라스 시리즈- 기생충 진단과 치료, 예방", "author": "윤희정 감수", "publisher": "(주)범문에듀케이션", "department": "피부과", "disease": "\n36\n 진단\n임상증상\n새로부터 얻어진 샘플: 얻어진 물질의 관찰\n\n새의 기생충 _Parasites of birds\n외부기생충 _External parasites\n외부기생충의 존재는 주로 동물병원에 방문하는 이유이다. 가장 중요한 외부기생충 그룹인 좀진드기는 표피층으로 파고들고(Knemidocoptes spp.), 표피의 표면에 살며 피를 빨아먹는[새진드기, 쥐진드기(Ornithonyssus spp.)], 외부기생충들과 깃털에 사는(Dermation spp., Protolichus spp., Dubininia spp.) 다양한 형태의 외부기생충들을 포함한다.\n 치료\n동물:\n외부기생충에 대해 효과가 있는 구충제\n환경:\n새장과 다른 물건들(예: 둥지)의 청소와 소독\n(주변)환경에 살충제 처리\n\n새좀진드기(Dermanyssus gallinae: 새진드기)는 아주 심하게 가려운 피부염을 일으키면서 사람을 감염시킬 수 있으며 박멸하기 아주 어렵다.\n부리와 다리의 과각화증\nHyperkeratosis of bill and legs\n\nKnemidocoptes\n\n임상증상 _Clinical signs\n피부: 자극, 딱지, 부리와 다리의 과각화증, 비늘로 뒤덮인 피부\n깃털: 병변, 줄어든 깃털의 수\n다양한 강도의 가려움증\n빈혈(흡혈좀진드기)\n일반적인 우울과 무관심\n 예방\n적절한 위생 수단\n기생충의 감염을 예방하기 위해 새로운 새를 다른 새들로부터 일시적으로 분리해라.\n적절한 영양\n영향을 받은 새의 경우 면역억제, 수반되는 질병들, 또는 영양 관련 문제와 같은 다른 관련된 상태들이 반드시 평가되어야 한다.\n 진단\n임상증상\n며칠 동안의 연속적인\n대변검사\n특정 의심되는 기생충에 대한 혈청검사\n부검(post mortem)\n\nVent pecking 행동을 하는 왕관앵무에서 람블편모충(Giardia spp.)을 배제하기 위해 대변 검사는 꼭 수행되어야 한다.\n내부 기생충 _Internal parasites\n앵무새에서 내부기생충은 야생이나 야외에서(예: 동물원에서) 사는 새들에서 더 흔하다. 가장 흔한 종류는 원생동물[트리코모나스(편모충), 구포자충(Eimeria spp.), 등포자충(Isospora spp.), 와포자충(Cryptosporidium spp.), 람블편모충(Giardia spp.)]과 선충[회충(Ascaridia spp.)과 모세선충(Capillaria spp.)]이다. 참새목의 새에서 가장 중요한 내부기생충들[원생동물(Atoxoplasma spp, 등포자충(Isospora spp.), 와포자충(Cryptosporidium spp.), 톡소포자충, 람블편모충(Giardia spp.), Cochlosoma spp. 트리코모나스(편모충)]이다. 앵무새에서 보다 훨씬 덜 흔하지만, 몇몇 조류에서 특정 연충 또한 발견된다.\n임상증상(기생충에 따른) _Clinical signs (depending on parasite)\n일반적인 비특이적 증상들: 우울, 식욕부진, 체중 감소, 좋지 않은 외형, 탈수)\n소화기: 흑변(혈변), 설사, 연하곤란, 복부팽만, 구토\n호흡기 증상: 호흡 곤란, 기침, 재채기, 코 분비물\n신경: 회선운동, 운동실조, 조화운동불능\n눈 영향: 시력을 잃을 수 있음\n\n람블편모충증(giardiasis)과 와포자충증(cryptosporidiosis)은\n인수공통전염병의 가능성을\n가진 두 질병들이다.\n\n 치료\n동물:\n진단된 기생충의 종류에 따른 구충제\n보조치료\n환경:\n청소와 소독\n물과 급수기(drinker)의 관리\n 예방\n적절한 위생 수단과 유지(밥그릇과 물통의 청소)\n새로운 새를 다른 새들로부터 일시적으로 분리해라(2번의 대변\n검사가 시행될 때까지).\n연속적인 대변검사와 결과에 따른 기생충 제거\n적절한 영양\n같은 새장 내 과도한 수용을 피해라(연작류).\n새와 고양이/고양이 대변의 접촉을 피해라.\n구포자충\nCoccidia\n37\n 진단\n피부와 머리의 외관 검사\n빗질\n피부 찰과 표본 검사\n모근 검사\n점착 테이프 검사\n\n임상증상 _Clinical Signs\n병변: 소모증(hypotrichosis), 탈모, 비듬 생성, 발적, 미란, 구진 그리고 긁음에 의해 유도되는 외상성 병변들\n[찰과, 딱지, 벗겨짐(flaking), 궤양]\n간질성 발작을 일으킬 수 있는 다양한 정도의 가려움증\n외부기생충 _External parasites\n작은 설치류에게 가장 자주 영향을 주는 외부 기생충은 좀진드기[팬더 마우스 털진드기(Myocoptes musculinus), Myobia musculi, Radfordia spp, 집쥐진드기, Liponyssus bacoti, Chirodis-coides caviae, Trixacarus caviae, 모낭진드기, Notoedres spp., Cheyletiella spp, 옴진드기), 이(Polyplax serrata, Polyplax spinulosa, Gliricola porcelli, Gyropus ovalis)]\n그리고 벼룩이다. 하지만, 이 동물 그룹들에서 저빌과 친칠라는 외부기생충 감염에 덜 취약하다.\n작은 설치류의 기생충 _Parasites of small rodents\n탈모와 벗겨진 피부\nAlopecia and flaky skin\n 치료\n동물:\n구충제를 국소, 경구, 비경구로 사용\n병변에 이차적인 세균 감염이 있는 경우 항생제 치료\n근본적인 원인 그리고/또는 선행요인의 교정\n케이지:\n재감염을 예방하기 위한 청소와 소독\n\n열대 쥐 좀진드기(집쥐진드기), 기니피그 좀진드기(T.caviae) 그리고 다른 설치류에게 감염되는 좀진드기들 또한 사람에게 감염될 수 있다. 종종 이는 감염된 동물과 밀접하게 접촉한 결과이다.\n 예방\n감염된 동물과 접촉한 동물들의 구충 치료\n적절한 위생 조건\n각 동물 종의 식이, 핸들링, 그리고 관리의 특이점에 대한 인지\n새로운 설치류를 일시적으로 다른 설치류들과 분리해놓아라(최소 이주 동안).\n한 마리 이상의 설치류가 있는 경우, 다른  동물들은 이상한 점이 있는지 관찰되어야 한다.\n\n\n벼룩들은 주로 주변 환경에서 개와 고양이로부터 전염된다.\nTrixacarus caviae\n 진단\n대변검사\n요 검사\n혈청검사\n조직병리학 검사\n\n설치류는 사람에게 일부 기생충을 전파시킬 수 있다: 특정 람블편모충, 크립토스포리디움, Rodentolepis nana(왜소조충)와 Hymenolepis diminuta (쥐조충)\n임상증상 _Clinical Signs\n면역능력이 있는 동물들은 명확한 임상증상이 없을 수 있다.\n비특이적: 체중 감소, 구부린 자세, 모발 상태가 안 좋아짐, 쇠약, 탈수, 성장장애, 식욕 부진\n소화기: 항문 염증(anal irritation), 직장탈출증, 설사나 변비, 복부팽만\n비뇨기: 배뇨곤란, 요결석, 콩팥 손상과 관련된 임상증상\n신경: 우울, 조화운동불능, 무기력, 숙인 머리, 마비, 드러누움, 균형상실\n다른 질병들, 수반되는 병적인 과정과 스트레스(쇠약, 면역억압, 영양실조)의 존재를 평가\n내부 기생충 _Internal parasites\n가장 중요한 기생충들은 원생동물(람블편모충, Spironucleus spp, 편모충, Balantidium spp, 와포자충, Entamoeba spp, 구포자자충), 촌충(왜소조충, 쥐조충) 그리고 선충(Syphacia spp, 쥐대장요충, Paraspidodera uncinata, Dentostom-ella translucida) 를 포함하는 소화관에서 발견되는 기생충들이다. 기생충들은 다른 기관에서도 발견되어 비뇨기(Klosiella spp, Trichomoides crassicauda)와 신경 증상(톡소포자충, Frenkelia spp, Baylisascaris spp)을 포함하는 다양한 임상증상으로 이어진다.\n 치료\n동물:\n항 내부기생충 치료\n보조치료\n근본적인 원인 그리고/또는 선행요인의 교정\n케이지:\n청소, 소독 그리고 분변 물질의 처리\n\n 예방\n새로운 설치류를 연속적인 대변검사에서 음성 결과를 얻을 때까지 다른 설치류들로부터 물리적으로 분리해라.\n적절한 위생 조건\n감염된 동물과 다른 동물들 사이의 접촉을 피해라.\n한 마리 이상의 설치류가 있는 경우, 다른  동물들은 이상한 점이 있는지 관찰되어야 한다.\n람블편모충(Giardia)에\n의한 설사\nDiarrhoea caused by Giardia\n\n38\n 진단\n피부와 털의 관찰\n기생충의 직접적인 관찰\n피부 찰과 표본 검사\n점착 테이프 검사\n귀 삼출물 검사\n벼룩 빗과 축축한 종이 검사( damp paper test)\n토끼의 기생충 _Parasites of rabbits\n외부기생충 _External parasites\n토끼에게 가장 자주 영향을 주는 외부 기생충은 진드기와 다양한 좀진드기[집토끼흡연개선충, Chey-\nletiella parasitovorax, Listrophorus gibbus, Demodex cuniculi, Notoedres cati(고양이 천공개선충), 개선충(Sarcoptes scabiei)], 이(Haemodipsus ventricosus), 벼룩(Spilopsyllus\ncuniculi, 고양이벼룩, 개벼룩) 그리고 파리 유충이다. 게다가 실외에서 살거나 개, 고양이와 함께\n사는 것은 적절한 외부기생충 조절 수단 없이는 전파의 위험을 높일 수 있다.\n 치료\n외부기생충에 대해 효과가 있는 구충제\n진드기의 경우, 제거와 확인\n장모종에서 털관리(trimming)\n환경과 도구(빗, 목걸이 등)의 청소와\n소독\n 예방\n환경에서의 전파를 최소화하라.\n다른 동물들과의 접촉을 관찰하라.\n종과 상관없이 모든 가정 동물들의 구충제 치료\n각 동물의 특정한 상황에 맞는 충분한 구충제 관리\n(피프로닐은 토끼에게 유해하다)\n\n애완용 토끼에서, 외부기생충은 내부기생충보다 흔하다.\n\n일부 토끼목의 외부 기생충들은 사람에게도 감염될 수 있다. 이것들은 Cheyletiella parasitovorax와\n(아주 드물게) Spilopsyllus cuniculi를 포함한다.\n\n체이레티오시스는 특히 다른 질병(운동성과/또는 그루밍의 부족)에 대한 이차적인 문제이다.\n\nCheyletiella parasitovorax\n\n 진단\n임상증상\n며칠 동안의 연속적인 대변 검사\n항문 주위 부분에 점착 테이프 검사\n특정 기생충에 대한 특정 항체를 검출하는 혈청 검사\n내부 기생충 _Internal parasites\n토끼에게 영향을 줄 수 있는 내부 기생충의 종류는 매우 다양하고, 원생동물[구포자충류, 람블편모충(Giardia duodenalis), 집토끼미포자충, 톡소포자충], 흡충[간질(Fasciola hepatica), 창혈흡충(Dicrocoelium lanceolatum)], 촌충(Cittotaenia류), 촌충 유충(조충류) 그리고 선충[토끼유충(Passalurus ambiguus), Trichuris leporis, Graphidium strigosum, 모양선충류, 토끼위충]을 포함한다.\n뇌회백염\nEncephalitozoonosis\n 치료\n동물:\n구충제 치료\n보조 치료\n다양한 동물과 같이 사는 경우라면 접촉을 피해라\n환경:\n청소와 소독\n\n수정체파괴성 포도막염\nPhacoclastic uveitis\n머리기울임\nHead tilt\n 예방\n기본적인 위생 수단\n야외에서 사는 토끼의 경우 야생동물과의 접촉, 식물 섭취 그리고 잠재적으로 비위생적인 물을 먹는 것을 방지해라.\n일 년에 두 번 대변 검사\n고양이 대변과의 접촉을 피해라.\n새로운 토끼를 연속적인 대변 검사(2주)에서 음성 결과를 얻을 때까지 다른 토끼들로부터 물리적으로 분리해라.\n\n원생동물들은 인수공통 전염병의 가능성을 가진 기생충들의 그룹 중 하나이다. 이것들은 집토끼미포자충(Encephalitozoon)과 람블편모충(Giardia duodenalis)을 포함한다.\n임상증상 _Clinical Signs\n전신: 체중 감소, 식욕부진, 탈수, 쇠약, 무기력\n소화기: 설사\n신경: 발작, 운동실조, 전정기관 질환, 마비\n비뇨기: 콩팥기능상실과 연관된 증상\n눈: 포도막염, 백내장, 안구진탕\n간: 황달, 간비대\n\n내부 기생충들은 반자연 상태로 길러지는 토끼들에서 특히 중요하다.\n39\n\n\n 진단\n피부 임상증상과 병변\n피모와 털의 직접적인 관찰\n귀 삼출물의 검사\n피부 찰과 표본 검사\n벼룩 빗과 축축한 종이 검사( damp paper test)\n귀진드기\nOtodectes cynotis\n페럿의 기생충 _Parasites of ferrets\n외부 기생충 _External parasites\n주된 외부기생충들은 좀진드기[귀진드기(Otodectes cynotis), 옴진드기(Sarcoptes scabiei)], 진드기, 그리고 벼룩이다. 아프고 약한 동물에서 파리 유충의 활동에 의해 유발된 피부 병변이 때때로 관찰될 수 있다. 이런 종류의 기생충들은 야외에서 시간을 보내는 동물이나 개와 고양이와 같이 사는 경우 더 흔하다.\n 치료\n적절한 구충제 치료\n진드기의 경우 손으로 제거\n까만색의 귀지\nDark-coloured cerumen\n 예방\n주변 환경에 있는 동물들의 살충제 치료\n환경 청소와 소독\n야외에서 시간을 보내거나 다른 동물들과 같이 사는 페럿들의 경우, 정기적인 외부기생충 구충제 사용\n\n외부기생충들이 사람이나 다른 동물들에게 전파될 수 있기 때문에 외부 기생충의 조절은 아주 중요하다.\n임상증상 _Clinical Signs\n자극, 다양한 정도의 가려움증\n병변: 찰과, 딱지, 자가 유발성 탈모, 머리 흔들기, 염증, 그리고 귓구멍에 삼출물 존재\n벼룩과 진드기 대량 감염인 경우 빈혈\n\n페럿은 자연히 귀로부터 까만 삼출물을 생산하므로 그 존재가 반드시 좀진드기를 나타내는 것은 아니다.\n 진단\n며칠 동안의 연속적인 대변검사\n개심장사상충: 개와 고양이에 적용되는 진단 과정이 페럿에서도 사용될 수 있다.\n\n내부 기생충 _Internal parasites\n내부기생충, 특히 원생동물[등포자충(Isospora spp.), 람블편모충(Giardia spp.), 와포자충(Cryptosporidium spp.), 톡소포자충]과 심장허파기생충(원래 발견되는 부위에 있는 개심장 사상충)이 페럿의 가장 중요한 내부기생충이다.\n임상증상 _Clinical Signs\n장 기생충: 설사, 탈수, 체중감소\n개심장사상충: 무기력, 기침, 호흡곤란, 청색증, 복수, 복부 팽만\n 치료\n동물:\n적절한 항기생충제\n보조치료\n환경:\n청소와 소독\n심장에 있는 개심장사상충\nD. immitis in heart\n 예방\n매일 대변의 제거와 처리\n같이 사는 동물 사이의 전파를 막아라.\n적절한 위생 수단\n정기적인 내부 기생충 제거(야외에서 시간을 보내는 동물들에서 분기별로)\n개심장사상충이 유행하는 지역에서 전파 위험 기간 동안 예방 치료(macrocyclic lacone계열 구충제)의 사용이 권장된다.\n\n\n일부 원생동물은 사람에게 위험할 수 있다.\n장 윈생동물은 여럿이 함께 살고 있는 (그룹으로 살고 있는) 어린 페럿들에서 존재 가능성이 높다.\n\n40\n 진단\n기생충의 직접적인 관찰\n돋보기를 이용하여 비듬 밑을 조심히 관찰\n파충류의 기생충 _Parasites of reptiles\n외부 기생충 _External parasites\n파충류에게 영향을 주는 주요 외부기생충은 진드기, 좀진드기(뱀좀진드기, Hirstiella trombidiformis, Pterygosoma spp)과 파리 유충이다.이 기생충들의 활동의 결과로 피부 병변이 생길 수 있고, 이는 부적절한 치료와 처리를 했을 때 이차적인 세균 감염에 의해 합병증으로 발전될 수 있다.\n임상증상 _Clinical Signs\n일부 경우에서 명백한 임상증상이 관찰되지 않을 수 있다.\n부적절한 탈피(탈피실패)\n흡혈 기생충에 의한 대량 감염의 경우 빈혈, 쇠약과 식욕 부진\n숙주의 피를 먹는 외부기생충에 의해 전파된 병원체(세균, 바이러스, 기생충)과 연관되는 임상증상\n 치료\n동물:\n구충제 치료\n추가적인 세균 감염을 예방하기 위해 기생충 감염부를 청소, 소독해라.\n적절한 영양과 핸들링\n환경:\n청소와 소독\n외부기생충에 대해 효과가 있는 제품의 사용\n 예방\n적절한 격리 수단 적용\n다른 종의 파충류를 같은 환경에 놓지 않음으로써 전파의 위험을 최소화하라.\n과도한 수용을 피해라.\n새로 들이는(입양하는) 동물의 수의학적 검사\n위험 상황에서 장갑을 사용하거나 핸들링 전후에 손을 씻어라.\n출처를 모르는 물질을 테라리엄(유리 용기)에 넣지 말아라(소독과 구충 먼저).\n\n\n일부 구충제는 파충류에게 유독할 수 있다.\n뱀좀진드기의 진단은 주로 결함이 있는 위생 조건과 부적절한 핸들링과 연관되어 있다.\n\n\n파충류와의 접촉은 뱀좀진드기(O.natricis)와 같은 기생충의 전파로 이어질 수 있다.\n뱀좀진드기\nO. natricis\n\n진드기\nTicks (Hyalomma)\n 진단\n대변검사\n특정 분변 염색\n혈액 도말 표본 검사\n\n크립토스포리디움증은 도마뱀과 뱀에게 감염될 수 있고 치사율이 높다.\n내부 기생충 _Internal parasites\n내부 기생충들의 많은 종류가 다른 파충류에 영향을 미칠 수 있다. 이들은 면역 반응에 영향을 주고, 감염된 동물을 다른 질병들에 취약하게 만든다. 이들은 동물병원에 많이 방문하는 이유가 되고 특히 수입 동물들에서 일반적이다.\n임상증상 _Clinical Signs\n분명한 임상증상이 없다.\n전신, 비특이적: 무기력, 무관심, 체중감소, 탈수\n소화기: 설사 또는 대변 변화, 구토, 식욕부진, 수척, 영양실조, 탈출된 총배설강\n호흡기 증상: 점액 생성, 폐렴\n창백한 점막(혈액 기생충)\n 치료\n동물:\n적절한 약물 치료(구충제 또는 구충 효과가 있는\n항생제)\n보조치료\n전파 매개체(외부기생충)의 제거\n환경:\n정기적인 물 교체\n정기적인 테라리엄 청소, 먹지 않은 음식 제거\n\n등포자충 충란\nIsospora egg\n 예방\n핸들링 전후에 손을 씻어라.\n파충류를 다룰 때 일회용 장갑을 사용해라.\n적절한 격리 수단 적용\n정기적인 대변검사[새로 들이는(입양하는) 동물과 반 년에 한 번 검사]\n적절하고 균형잡힌 식사\n좋은 조건: 위생, 관리와 거처마련(housing)\n스트레스를 피해라 .\n원생동물\n\n일부 파충류(특히 초식동물들)의 장내세균총은 소화에 도움이 되는 특정 기생충들을 포함하고 있다. 이 동물들은 극히 예외적인 경우에서만 기생충제거를 해야 한다.\n요충류를 포함하는 설사\nDiarrhoea containing oxyurids\n\n파충류는 사람에게 감염될 수 있는 기생충의 잠재적인 전파자이다.\n\n요충란 Oxyurid egg\n분선충 유충\nStrongyloides larva\n선충\n\n"}