{
    "title": "수의사와 보호자가 함께 보는 반려동물 아틀라스 시리즈- 기생충 질병",
    "author": "윤희정 감수",
    "publisher": "(주)범문에듀케이션",
    "department": "피부과",
    "disease": "\n무낭유충\nMesocercaria\n8\n\n중간숙주(올챙이)\nI. H. (tadpole)\n삽화 13\n주걱흡충 _Alaria\n주걱흡충 _Alaria spp.\n올챙이는 먹히고, 무낭유충이 운반숙주로 감염된다.\n 사람 위험요소\n인수공통전염병\n살아있는 무낭유충을 먹게 되면 주걱흡충(Alaria)은 사람들을 감염시킬 수 있다. 치명적인 결과는 보고되어왔다. 사람들은 종숙주이다.\n\n운반숙주\nP. H.\n\n유미유충은 달팽이를 떠나 올챙이로 감염되고 무낭유충으로 성장한다.\n올챙이나 무낭유충에 감염된 운반숙주를 섭취한다.\n\n유미유충\nCercariae\n\n\n\n중간숙주(수생달팽이, 담수달팽이)-Helisoma\n\n꼬리유충\nCercariae\n 동물 위험요소\n장기들(허파)을 통한 기생충이행은 심각한 임상증상을 야기한다.\n비정상적인 이행은 임상 증상을 발생시킨다.\n\n\n\n유성생식\nGERMINAL REPRODUCTION\n~1년\n딸레이다유충\nDaughter redia\n~1년\n종숙주 D. H.\n개와 고양이\nDog and cat\n레디아유충\n(5-8)\nRedia(5-8)\n5\n\n\n무성생식\nASEXUAL REPRODUCTION\n유모유충(달팽이를 찾아 뚫고 들어간다.)\n4\n3~5주\n포자낭\nSporocyst\n14일\n\n유약충\nMetacercaria\n\n성충\nAdult\n 기생충 관리 수단\n 개의 포식활동을 피하게 하고 잠재적으로 감염된 음식을 충분히 조리하라(예: 개구리 다리 등).\n무낭유충은 위로부터 가로막을 통해 허파로 이행하여 유약충으로 발육하고, 토해져(coughed up) 삼켜지고(swalled) 작은 창자에서 성충으로 발육한다.\n\n\n충란이 담수에 도달하면, 그들은 유모유충으로 부화한다.\n2\n발육된 충란\nEmbryonated egg\n분변\nFeces\n발육되지 않은 충란이 분변을 통해 나간다.\n\n\n주걱흡충 감염 _Alaria infection\n임상증상 _Clinical signs\n장 내의 성충은 중요하지 않다.\n허파나 다른 조직에 이행한 무낭유충은 관련된 임상증상들을 일으킬 수 있다.\n-기침\n-객혈\n-체중 감소\n-신경 또는 다른 증상\n성충은 종숙주의 장 점막에 붙는다.\n주걱흡충\n피낭유충\nMetacercaria\n8\n삽화 14\n폐흡충 _Paragonimus\n폐흡충 _Paragonimus spp.\n중간숙주(가재)\nI. H. (crayfish)\n 사람 위험요소\n사람들은 종숙주이다.\n일반적으로 증상은 허파질환과 동일하지만 두뇌, 피부, 림프 혹은 복부에 있는 병변을 나타내는 다른 증상들을 일으킬 수 있다.\n감염된 개는 인간에 대한 직접적인 위험이 아니다.\n\n유미유충이 가재로 감염된다.\n\n유미유충\nCercaria\n7\n\n가재 또는 최근에 가재를 먹은 운반 숙주를 섭취한다.\n\n\n\n\n\n\n\n\n\n\n\n\n피낭을 형성한 후 가재의 일생 동안 지속된다.\n\n유미유충\nCercariae\n배아생식\nGERMINAL REPRODUCTION\n딸레디아유충\nDaughter redia\n무성생식\nASEXUAL REPRODUCTION\n레디아유충\n(5-8)\nRedia(5-8)\n포자낭\nSporocyst\n섭취된 피낭유충은 장에서 허파로 이행하고, 충낭을 형성하고 성충 흡충으로 발육한다[종종 쌍을 이룸(pairs)].\n\n\n78~93일\n6\n종숙주 D. H.\n개, 고양이, 야생 포유동물, 사람과 돼지\nDog, cat, wild mammals, human and pig\n 기생충 관리 수단\n가재는 완전히 조리하라.\n동물들이 가재를 먹게 하지 마라.\n강을 오염시키는 것을 피해라(가래 혹은 동물 분변).\n\n5\n충란이 담수에 노출된 후 2주~1~3개월\n4\n\n\n중간숙주(수생달팽이,담수달팽이) -Pomatiopsis\n\n충란은 세기관지(bronchial tree)로 올려지고, 삼켜져서 분변으로 나간다.\n유모유충(달팽이를 찾아 뚫고 들어간다.)\n1\n성충(허파 실질)\nAdult (lung parenchyma)\n분변\nFeces\n발육되지 않은 충란\nEmbryonated egg\n\n\n폐흡충 감염 _Paragonimus infection\n임상증상 _Clinical signs\n기침\n기도 폐색\n체중 감소\n객혈\n기흉(만약 포낭이 부서진다면)\n\n허파구조(허파꽈리)\nPulmonary structure (alveoli)\n폐흡충\n허파실질 속 충낭\n충란\nEggs\n세기관지\nBronchiole\n두 성충을 가진 충낭\nCyst with two adults\n\n삽화 15\n후고흡충/담낭흡충 _Opisthorchis/Metorchis\nOpisthorchis spp./Metorchis spp.\n 사람 위험요소\n사람들은 종숙주이다.\n사람에서 종양을 형성한다고 간주되는 성충은 잠재적으로 간암의 발전을 초래한다.\n대량의 감염은 폐쇄성 간 기능상실을 초래할 수 있다.\n중간숙주(민물고기)\nI. H. (fresh water fish)\n유미유충은 물고기로 활발히 감염되고 그 속에서 포낭을 형성한다.\n7\n피낭을 형성한 피낭유충(피낭에 싸인 피낭유충)\n\n종숙주가 날것의 또는 조리되지 않은 생선을 먹는다.\n\n6\n\n유미유충\nCercariae\n포낭을 형성한 후 물고기의 일생 동안 지속된다.\n수일에서 수 주\n유미유충이 달팽이를 탈출한다\n6\n\n피낭유충은 작은 창자에서 탈낭하고 쓸개관과 쓸개로 이행한다. 그리고 그곳에서 유약충은 성충으로 발육한다.\n\n3\n유미유충\nCercariae\n\n\n유모유충\nMiracidium\n\n종숙주 D. H.\n개, 고양이, 여우, 돼지, 사람과 일부 야생 포유동물\nDog, cat, fox, pigs, humans and some wild mammals\n\n5\n레디아유충\nRediae\n포자소체\nSporozoite\n\n6~8주\n 기생충 관리 수단\n생선은 잘 조리되어야 한다.\n포낭이 형성된 피낭유충은 2개월까지 냉각상태로 생존할 수 있고 일부는 염장 상태(salting), 절임 상태(pickling), 그리고 건조상태로 생존한다.\n날생선을 먹거나 동물에게 먹이지 마라.\n4\n중간숙주(수생달팽이-Bithynia spp.)\nI. H. (Aquatic snail - Bithynia spp.)\n\n\n달팽이가 충란을 먹고 감염된다.\n수일에서 수개월\n3~4주\n\n\n\n성충(쓸개관)\nAdult (bile duct)\n성충은 20~30년 동안 산다.\n발육된 충란\nEmbryonated egg\n분변\nFeces\n\n\n후고흡충/담낭흡충 감염 _Opisthorchis/Metorchis infection\n종숙주에서의 기생충 이행\n성충\nAdults\n충란\nEggs\nADOLESCARIAE\n이자관\nPancreatic duct\n총쓸개관\nCommon bile duct\n쓸개\nGall-bladder\n후고흡충/담낭흡충\n임상증상 _Clinical signs\n간 비대\n쓸개계통 섬유증\n쓸개관 염증\n때때로 황달\n십이지장\nDuodenum\n주 십이지장 유두\nMajor duodenal papilla\n피낭유충\nMetacercariae\n이자\nPancreas\n\n삽화 16\n조충 _Taenia\n조충 _Taenia spp.\n 사람 위험요소\n없다.\n애완동물의 Taenia은 인수공통전염병이 아니지만 인간들은 특정 인간-Taenia에 의해 감염된다.\n작은 창자\nSmall intestine\n 동물 위험요소\nTaenia의 종에 따라 유충은 다양한 형태(낭미충, 연절낭미충, 공미충)로 발육하며 감염된 기관에 따라 다양한 임상 상태를 초래한다.\n머리\nScolex\n감염성 유충은 섭식되고 조충의 머리는 장 벽에 붙는다.\n편절이나 마디가 분변으로 나간다.\n\n 기생충 관리 수단\n사육장에서 적절한 위생 수단\n애완동물들이 사냥하거나 내장 혹은 날고기를 먹게 하지 마라.\n날 혹은 덜 조리된 고기를 먹지 마라.\n날채소를 완전히 씻고 조리하라.\n\n개와 고양이\nDog and cat\n종숙주는 중간숙주 또는 감염된 조직을 섭식한다.\nTaenia spp. 감염\n수일에서 수개월까지 생존 가능\n자충은 몇몇의 위치\n(간, 허파, 뇌, 복강, 근육 등) 중 한 곳에서 낭미충을 형성한다.\n4\n중간숙주에 의해 섭취된 충란/편절\n중간숙주: 쥐, 토끼, 반추동물\n(Taenia 종에 따라 다르다.)\n\n낭미충\n\n연절낭미충\n\n공미충\n\n장세포\nIntestinal cells\n\n조충\n\n30일에서 6개월\n중간숙주에서의\n감염성 유충형\n자충은 중간숙주에서 감염성 단계로 발육한다. 일부 경우에서 이 발육은 중간숙주의 생존력(장기 기능)에 영향을 준다.\n자충\nEmbryo\n자충은 중간숙주의 장 벽을 통해 이행하고 혈관을 통해 퍼져나간다.\n삽화 17\nEchinococcus\n단방조충 _Echinococcus granulosus\n포낭은 보통 2~3 cm의 직경을 가지며 수많은 protoscolices를 포함한다.\n 사람 위험요소\n인수공통전염병\n사람들은 자충포장란을 섭취하는 것에 의해 감염될 수 있다.\n기생충은 천천히 발육한다. 그래서 포낭 발달과 관련된 어떠한 임상 증상은 나타나려면 몇 년이 걸릴 수 있다.\n다른 기관들(간, 허파, 뇌 등)에 감염된다.\n\n단방포충 포낭\nUnilocular\nhydatic cysts\n\n종숙주는 감염된 내장을 섭식함으로써 감염된다.\n중간숙주\nI. H.\n성숙 속도는 중간숙주에 따라 다양하다.\n\n중간숙주는 발육된 충란을 섭식한다.\n\n\n즉시 감염성이 있고, 환경에서 수개월간 생존한다.\n종숙주 D. H.\n개와 다른 개과 동물\nDog and other canids\n발육된 충란\nEmbryonated egg\n 기생충 관리 수단\n사육장에서 적절한 위생 수단\n개들이 동물 내장을 먹게 하지 마라.\n항 내부기생충 치료\n개 분변을 다룰 때 좋은 위생관리를 하라.\n분변검사로 후속 조치를 하라.\n4~6주\n\n보통 마디가 떨어져 분변으로 나간다.\n\n\n성충\nAdult\nProtoscolices(뒤집힌 상태: 위 안 뒤집힌 상태: 밑)\n다방조충 _Echinococcus multilocularis\n이차 유충 시기(다방 증식형 : multilocular proliferative)는 vole과 레밍의 간에서 발육한다.\n자충은 장 벽을 뚫고 간으로 간다.\n 사람 위험요소\n인수공통전염병\n사람에게는 간에 종양같이 감염된다.\n종종 치명적이다.\n다방포충증\nAlveolar hydatid diseas\n중간숙주\nvoles, 레밍, 들쥐, 땃쥐(사람을 포함해 다른 포유동물에서는 극히 드물다)\n\n종숙주는 중간숙주를 섭식함으로써 감염된다.\n성장 속도는 중간숙주에 따라 다양하다.\n\n 기생충 관리 수단\n구충제로 치료\n개와 고양이들이 사냥을 하게 하지 마라.\n개와 고양이의 분변을 다룰 때 좋은 위생 관리 수단을 실행하라.\n채소, 따리, 그리고 떨어진 과일들도 섭취 전 씻어라.\n중간숙주가 발육된 충란을 섭식한다.\n\n종숙주 D. H.\n여우, 개, 고양이\nFox, dog and cat\n즉시 감염성이 있고, 환경에서 수개월간 생존한다.\n\nEchinococcus\n발육된 충란\nEmbryonated egg\n3-4주\n원두절\nProtoscolex\n보통 마디가 떨어져 분변으로 나간다.\n성충\nAdult\n\n의낭미충\nCysticercoid\n삽화 18\nDipylidium\n개조충 _D. caninum\n종숙주에서 성충 벼룩이 나타나고 먹기 시작한 후 감염성 의낭미충으로 발육한다.\n 사람 위험요소\n인수공통전염병\n아이들은 우연히 감염된 벼룩을 섭취함으로 인해 감염될 수 있다. 감염된 아이들은 설사, 복통 그리고 신체적인 불편에 시달릴 수 있다.\n\n벼룩으로 발육하고 먹기 시작한다.\n성충 벼룩\nAdult flea\n육구유충\nHexacanth\nembryo\n종숙주가 벼룩이나 새털이를 먹는다.\n\n\n1~2일\n 기생충 관리 수단\n살충제와 구충제로 치료\n분변검사로 후속 조치를 하라.\nJoyeuxiella와 Diplopylidium은 좀 더 제한된 지리학적 분포(지중해 지역에서 중앙 아프리카)를 보인다. 종숙주는 가정의 개 또는 야생의 개와 고양이이다. Diphyllobothrium처럼, 물벼룩과 물고기가 중간숙주이다.\n육구유충은 벼룩의 번데기 단계에서 발육한다.\n벼룩 번데기 단계\nFlea pupal stage\n~10일 그리고 최대 1년\n(중간숙주에 따라 다르다)\n종숙주 D. H.\n개와 고양이\nDog and cat\n2~3주\n중간숙주(벼룩의 유충 단계나 새털이)\n임상증상_Clinical signs\n처음에는 보호자가 특이한 증상을 보지 못한다.\n분변에서 촌충의 편절이 보인다.\n촌충의 편절이 항문으로 이행하고 나오면서 가려움, 긁기와 “엉덩이 끌기(scooting)”를 초래한다.\n대량 감염되면 성장 지연\n변비와 설사 기간이 다양한(alternating) 소화 장애\n경련과 간질성 발작\n2\n분변\nFeces\n\n난낭\nEgg packets\n중간숙주가 충란을 먹는다.\n1\n성충(작은 창자)\nAdult (small intestine)\n편절\n(난낭을 포함한)\n\n\n 사람 위험요소\n인수공통전염병\n사람들은 우연숙주이다. 심한 감염은 복통, 설사 그리고 메스꺼움을 유발할 수 있다.\nMesocestoides\n중의조충과 _Mesocestoides spp.\n사흡반유충은 이차 중간숙주의 복강에서 성장하고 증식한다.\n4\n수평분열 또는 이분법\nHorizontal division or binary fission\n\n\n\n\n사흡반유충\nTetrathyridium\n\n이차중간숙주 섭식\n\n이차 중간숙주(파충류, 양서류, 작은 포유류와 조류)\n 동물 위험요소\n중의조충은 종숙주의 작은 장에서 무성으로 늘어나는데 이것은 대량의 감염을 초래한다. 그리하여 만약 감염이 적극적으로 치료가 되지 않고 완전히 제거가 되지 않는다면, 심지어는 노출 없이도 대량의 감염이 재발할 수 있다.\n종숙주 D. H.\n개, 고양이와 다른 육식동물, 사람과 새\nDog, cat and other carnivorous, humans and birds\nDipylidium/Mesocestoides\n~2주\n이차 중간숙주가 일차 중간숙주를 먹는다.\n의낭미충\nCysticercoid\n3\n\n 기생충 관리 수단\n개와 고양이들이 사냥을 하게 하지 마라.\n적합하게 치료하여 기생충을 제거하라.\n많은 분변 검사를 통해 후속 조치를 하여 확실하게 완전한 제거를 하라.\n\n\n\n의낭미충은 중간숙주 내부에서 성장한다.\n중간숙주는 충란을 먹는다.\n성충(작은 창자)\nAdult (small intestine)\n일차 중간숙주(절지동물과 날개 좀진드기류)\n분변\nFeces\n발육된 충란\nEmbryonated eggs\n편절\nProglottid\n\n삽화 19\nDiphyllobothrium\n광절열두조충 _D. latum\n충미충은 조직에 침범한다.\n(하지만 발육하진 않는다.)\n원미충은 조직에 침범하고 충미충으로 성장한다.\n 사람 위험요소\n인수공통전염병\n성충은 사람의 돌창자에서 오랫동안 생존할 수 있다. 사람 감염과 빈혈의 한 형태 사이에는 관계가 있다.\n이차 중간숙주가 먹힌다.\n\n\nP. H.\n이차 중간숙주\n종숙주는 운반숙주 또는 이차 중간숙주를 먹는다.\n\n\n\n충미충\nPlerocercoid\n이차 중간숙주는 감염된 물벼룩을 먹는다.\n오래 머물고 축적된다.\n오래 머물고 축적된다.\n일차 중간숙주\n(물벼룩, 민물 갑각류)\n\n\n원미충\nProcercoid\n2~3주\n\n종숙주 D. H.\n개, 고양이, 다른 육식동물과 사람\nDog, cat, other carnivorous and human\n 기생충 관리 수단\n애완동물들이 날생선을 먹게 하지 마라.\n구충제로 치료\n분변검사를 통해 후속 조치하라.\n날 혹은 덜 조리된 생선을 먹지 마라.\n물벼룩이(원미충으로 발육하는) 섬모유충을 먹는다.\n~ 5-6 weeks\n1~3주\n\n\n충란은 민물에서 부화하고\n발육한다.\n\n섬모유충\nCoracidium\n\n충미충은 작은 창자에서\n성충으로 성장한다.\n\n\n분변을 통해 나가는 미세한 충란들(편절은 드물다)\n\n충란\nEgg\n성충\nAdult\n\n 사람 위험요소\n인수공통전염병\n사람에게 고충증을 유발한다.\nSpirometra\n만손열두조충 _S. mansonoides\n충미충은 중간숙주의 근육이나 피하조직에서 발육한다.\n\n이차 중간숙주\n(양서류, 파충류, 조류와 작은 포유류)\n\n\n충미충\nPlerocercoid\n원미충은 물벼룩 내부에서 발육한다.\n중간숙주는 종숙주에게 먹힌다.\n이차 중간숙주는 물벼룩을 먹는다.\n오래 머물고 축적된다.\n\n종숙주 D. H.\n붉은 스라소니, 미국너구리, 고양이와 강아지\nBobcat -Lynx rufus, raccoon, cat and dog\n 동물 위험요소\n애완 새끼 고양이들이 복부 근육과 피하 근막에서 발육하는 충미충이 되는 원미충을 직접적으로 섭취할 수 있다.\n\n원미충\nProcercoid\n\n\nDiphyllobothrium/Spirometra\n15~30일\n10~14일\n일차 중간숙주(물벼룩, 민물 갑각류)\n물벼룩이 섬모유충을 먹는다.\n\n1~3주\n 기생충 관리 수단\n동물들이 포식 활동을 하게 하지 마라.\n분변검사를 통해 후속 조치하라.\n날 혹은 덜 조리된 음식을 먹지 마라.\n\n충미충은 작은 창자에서\n성충으로 발육한다.\n3\n충란은 민물에서 부화하고 발육한다.\n\n성충\nAdult\n분변을 통해 나가는 미세한 충란들(편절은 드물다)\n섬모유충\nCoracidium\n충란\nEgg\n\n\n"
}