{
    "title": "수의사와 보호자가 함께 보는 반려동물 아틀라스 시리즈- 기생충 질병",
    "author": "윤희정 감수",
    "publisher": "(주)범문에듀케이션",
    "department": "피부과",
    "disease": "\n충란은 수년간 토양에서 생존할 수 있다.\n삽화 20\n편충 _Whipworms\n개편충 _Trichuris vulpis\n1기 유충(L1)을 포함하는 발육된 충란\n 사람 위험요소\n없음\n발육한 충란\nDeveloping eggs\n\n\n감염성 유충은 30일 안에\n충란 속에서 발육한다.\n\n개가 감염성 충란을 섭식\n 동물 위험요소\n일반적으로 임상 증상은 관찰되지 않는다. 그러나 대량 감염의 경우, 설사 기간은 일반적인 분변 기간과 번갈아가며 나타난다.\n\n\n\n~3달 충체잠복기\n충란이 감염성을 갖기까지\n환경에서 30일 소요\n\n숙주 H.\n개\nDog\n비감염성 충란\nNon-infective egg\n 기생충 관리 수단\n분변의 즉각적인 제거와 처리는 개편충을 조절하는 데 중요하다.\n오염된 환경/구역으로부터 개를 멀리하라.\n개를 흙 대신 콘크리트에 살게 하라.\n구충제로 치료\n좋은 위생 관리를 실천하라: 환경 청소\n\n\n분변\nFeces\n\n\n\n유충은 큰창자로 이행하고 성충으로 발육한다.\n성충은 그들의 실 같은 머리와 목에 의해 점막에 고정된다. 이는 위장 자극,\n과다운동과 설사를 일으킨다.\n성충\nAdults\n\n모세선충(폐모세선충/ 방광모세선충)\n_Capillaria (C. aerophila/C. plica)\n 사람 위험요소\n없음\n\n운반숙주(지렁이)\nP. H. (earthworm)\n운반숙주가 충란을 먹는다.\n운반숙주를 먹는다(폐모세선충과 방광모세선충).\n감염성 충란을 먹는다(방광모세선충).\n\n\n\n비감염성 충란\nNon-infective egg\n\n 동물 위험요소\n폐모세선충: 심각한 감염, 콧물을 동반한 비염을 유발시키며 만성 기관염과 기관지염을 유발한다. 이차 세균 감염에 취약하며, 이는 폐렴에 이른다.\n방광모세선충: 간헐적으로 방광염과 힘든 배뇨작용을 유발한다.\n충란은 수개월 동안 환경에서 살아남을 수 있다.\n\n감염성을 갖기 위해 5-7주\n\n충란\n분변-폐모세선충\nFeces - C. aerophila\n오줌-방광모세선충\nUrine - C. plica\n\n분변\nFeces\n\n숙주 H.\n개, 고양이와 여우\nDog, cat and fox\n1\n충체잠복기\n폐모세선충 ~40일\n방광모세선충 ~60일\n성충\nAdult\n 기생충 관리 수단\n오염된 환경/구역으로부터 개를 멀리하라.\n개를 흙 대신 콘크리트에 살게 하라.\n구충제로 치료\n좋은 위생 관리를 실천하라: 환경 청소\n편충\n성충은 다음과 같은 곳에서 발견된다.\n} 폐모세선충(개의 기관지와 기관)\n} 방광모세선충(개와 고양이의 비뇨기관)\n\n\n\n충란과 유충\nEgg and larvae\n유충은 다른 장기로 이행한다.\n작은 창자\nSmall intestine\n일부 유충은 창자로 이행하고 성숙하며,\n다른 유충들은 가로무늬근으로 이행하고 유충낭을 형성한다.\n 사람 위험요소\n인수공통전염병\n오염된 지역에서 맨발로 걷거나 맨발로 땅을 파게 하는 것은 유충 감염을 용이하게 한다.\n피부 유충 이행증은 피부에 극도로 가려운 홍반성, 단선의 구불구불한 병변을 일으킨다.\n삽화 21\n구충 _Hookworms (Ancylostoma/Uncinaria)\n개구충, 브라질구충, 고양이구충, 협두구충\n_A. caninum, A. braziliense, A. tubaeforme, U. stenocephala\n\n\n잠복 유충\n(가로무늬근 속)\nLatent larva\n(in striated muscle)\n\n장세포\nIntestinal cells\n\n\n분변-구강 전파\n경피 전파\n\n강아지에게 모유를 통한\n전파는 가장 주요한 감염 경로이다. 태반 경로는 아주 드물고 오직 개구충에서만 묘사된다.\n\n\n온도에 따라 수일에서 수 주\n숙주 H.\n개와 고양이\nDog and cat\n 동물 위험요소\n혈액 손실과 유발된 빈혈의 심각성은 관련된 구충(Ancylostoma) 종과 감염의 정도에 따라 다르다.\n\n토양(촉촉하고 약간은 모래 같은: moist, slightly sand)에서 감염성 유충(L3)이 될 때까지 다양한 단계들을 거쳐 충란은 부화하고 유충은 발육한다.\n감염성 유충(L3)\nInfective larvae (L3)\n\n섭취 후 ~2주\n피부 침입 후 ~4주\n\n 기생충 관리 수단\n예방과 계획된 치료\n공격적인 강아지 구충 치료\n토양 위생 프로그램과 토양 치료\n정기적인 분변 검사\n\n잠복유충은 재개하고 소화관으로 이동해 성충으로 발육한다.\n\n\nAncylostoma\n(치아)\n\n\n충란\nEgg\n성충의 작은갈고리에 있는 구강낭\n성충은 장 점막에서 영양분을 얻는다.\n분변\nFeces\nUncinaria\n(절치판)\n강아지에서의 개구충 감염\n_Ancylostoma caninum infection in puppies\n아주 어린 강아지에서 모유를 통한 전파는 심지어 진단을 위해 분변에 충란이 존재하기도 전에 사망을 일으킬 수 있다.\n강아지는 감염 두 번째 주 동안 빠르게 병든다.\n4개의 임상증상들이 존재한다.\n1. 신생아(어린 강아지)에서 초급성 구충 감염\n2. 더 나이가 많은 강아지와 성견들에게 영향을 주는 급성 구충 감염\n3. 무증상인 만성적인 구충 감염\n4. 다른 쇠약하게 만드는 질병들로 고통받는 나이 많은 개들에게 영향을 주는 이차 구충 감염\nAncylostoma와 Uncinaria 감염\n\n\n구충\n구충 성충과 유충은 장 점막에 큰 손상을 유발한다.\n\n 사람 위험요소\n없음\n삽화 22\n폐충 _Lungworms\n개주혈선충 _Angiostrongylus vasorum\n1기 유충은 연체 동물을 감염시키고 감염성 3기 유충 단계로 발육한다.\n\n중간숙주\n(연체동물)\nI. H. (mollusk)\n\n유충(1기)\nLarva (L1)\n분변\nFeces\n1기 유충은 토해지고(coughed up) 삼켜진다(swalled).\n종숙주는 연체동물을 먹고, 3기 유충은 종격동 림프절에 침범한다.\n\n\n 기생충 관리 수단\n개가 달팽이를 먹게 하지 마라.\n구역 관리를 위한 연체동물 구제제 사용을 생각해봐라.\n진단된 케이스에 적절한 치료\n감염이 깨끗하게 사라졌는지 확인을 위해 분변 검사로 후속 조치를 하라.\n17일\n충란과 유충이 있는 허파 세동맥\n\n폐색에 대한 반응으로 염증성 결절이 세동맥과 모세혈관에 형성된다.\n종숙주 D. H.\n여우와 개\nFox and dog\n\n33~36일\n\n충란\nEgg\n\n유충은 림프절(L3-L4-L5)에서 발육하고 이행하여 심장이나 폐동맥들에 도달한다.\n성충은 폐동맥 안에서 발육한다. 산란된 충란들은 너무 커서 통과하지 못하고 모세혈관들을 막는다.\n\n성충\nAdult\n\n개주혈선충 감염 _Angiostrongylus infection\n허파 질병은 허파동맥(혈전)에 있는 성충과 허파 모세혈관(결절)에 있는 유충 둘 다의 존재에 의해 일어난다.\n첫 번째 유충 단계(1기 유충)는 허파꽈리로 뚫고 들어가 인두로 올라가고 삼켜진 후 분변을 통해 배설된다.\n임상증상 _Clinical signs\n기침\n호흡곤란(숨쉬는 데 어려움)\n빈맥(증가된 심박수)\n혈종(피하 출혈)\n모세혈관망에 갇힌 충란들\nEggs stuck in capillary beds\n\n유충(1기 유충)\nLarva (L1)\n폐충\n세기관지\nBronchiole\n허파세동맥\nPulmonary arteriole\n유충\n(1기 유충)\nLarva (L1)\n허파꽈리\nAlveolus\n\n\n운반숙주(설치류)\nP. H. (rodents)\n운반숙주가 중간숙주를 먹는다.\n 사람 위험요소\n없음\n삽화 23\n폐충\nAelurostrongylus \"nest\"\n\n폐충\n세기관지\nBronchiole\n유충(1기 유충)\nLarva (L1)\n유충(1기 유충)\nLarva (L1)\n\n삽화 24\n폐충 _Lungworms\nFilaroides osleri/개폐충 _Filaroides osleri, F. hirthi\n 사람 위험요소\n없음\n\n유충(1기 유충)(감염성)\nLarva (L1) (Infective)\n유충을 옮기는 경로\n-타액\n-분변\n\n1기 유충의 섭취 경로\n-타액\n-구토물\n-분변\n유충(1기 유충)(감염성)\nLarva (L1) (Infective)\n3\n 동물 위험요소\n자가 감염은 매우 일어날 가능성이 크지만, 지속적인 재감염은 면역 반응, 기생충의 양과 기관 형태에 따라 달라진다.\n유병률은 낮지만 세계적으로 존재한다.\n종종 개집에서 관찰되고 관리하기 어렵다.\n유충은 즉시 감염성을 갖는다.\n\n\n\n충란들은 그 안에 있는 1기 유충들(L1)과 함께 기도로 배출된다.\n(1기 유충을 포함하는) 충란\nEgg (containing L1)\n~10주\n\n암컷 개는 오염된 타액을 통해 강아지에게 유충을 옮길 수 있다.\n종숙주 D. H.\n개와 야생 개과 동물\nDog and wild canid\n\n 기생충 관리 수단\n동물을 전반적으로 건강한 상태로 유지하라.\n기관지내시경 검사를 통해 진단을 확인해라.\n풍토지역에서는, 주혈선충(Angiostrongylus spp.) 감염 검사는 배제시키기 위해 실행되어야 한다.\n\n섭취된 유충은 간문맥 순환 또는 장간막 림프 순환을 통과하여 6시간 내에 허파로 이동한다.\n\n유충은 4번 탈피하고 기관 분기부 근처에서 성충으로의 성장을 완성한다.\n\n정맥 속 유충들\nLarvae in vein\n성충\nAdults\n\n임상증상 _Clinical signs\n주로 감염되는 어린 개(F.osleri)\n(만성적인 결절성 기관지염에 의한) 운동과 연관된 극심하고 마른 기침\n호흡곤란증후군\n식욕부진, 수척\n끊임없는 재감염과 많은 양의 기생충 때문에 감염된 리터에서 사망률은 75%까지 이를 수 있다.\n명확한 임상증상이 발생하지 않는다면, 방사선 촬영으로 봤을 때 지속적인 허파 병변은 쉽게 전이성, 종양성 질병과 혼동할 수 있다.\nFilaroides 감염 _Filaroides infection\n\n폐충\nF.osleri의 육아종성 결절은 기관분기부 근처에서 내강을 향해 튀어나온다.\n삽화 25\n회충 _Roundworms\n사자회충 _Toxascaris leonina\n 사람 위험요소\n없음\n종숙주가 감염성 충란 또는 감염된 운반숙주를 먹는다.\n\n충란 속 감염성 유충 단계\nInfective larval stage in the egg\n설치류는 감염성 충란을 먹고 유충은 조직에서 자충낭을 형성한다.\n설치류에서 7~11일\n\n 동물 위험요소\n동물 보호소나 개집에서 사는 개는 감염될 가능성이 높다.\n운반숙주(설치류)\nI. H. (rodents)\n\n\n직접 감염(충란) ~74일\n간접 감염(중간숙주) ~63일\n종숙주 D. H.\n개와 고양이\nDog and cat\n\n3~6일\n\n비감염성 충란\nNon-infective egg\n 기생충 관리 수단\n구충제로 치료\n정기적인 분변 검사\n바닥은 감염성 충란에 노출을 줄이기 위해 일주일에 적어도 두 번은 청소되어야 한다.\n\n\n기생충은 작은 창자에서\n발육하고 산다.\n\n분변\nFeces\n\n성충\nAdults\n\nToxascaris 감염 _Toxascaris infection\n임상증상 _Clinical signs\n수척\n간헐적 설사\n빈혈 있을 수 있음\n겹쳐진 복부(나이 많은 동물)\n배불뚝이(어린 동물)\n회충\n개에서 유충은 2가지 다른 방법으로 이행할 수 있다.\n} 조직 이행(성견과 3개월 이후 강아지): 잠복하는 감염성 유충은 조직 속에서 (주로 근육에서) 발육한다.\n} 장-허파-장 이행: 유충은 허파순환으로 이행한 후 삼켜지고 장으로 이동하여 성충으로 발육한다.\n삽화 26\n회충 _Roundworm\n개회충 _Toxocara canis\n운반숙주에서: 충란은 부화하고, 3기 유충은 조직으로 이행하여 취약한 육식동물에 의해 섭취될 때까지 자충낭을 형성한다.\n사람(특히 아이들)은 뜻하지 않게 감염성 충란을 먹을 수 있다.\n 사람 위험요소\n인수공통전염병\n개회충은 특히 아이들에게 매우 커다란 건강상의 위험을 나타낸다(공원, 정원).\n3가지의 증후군\n- 유충내장이행증\n- 유충안구이행증\n- 유충신경이행증\n\n개는 감염성 충란 또는\n운반숙주를 먹는다.\n\n\n임신 후기에 어미에서 자충낭을 형성한 유충[조직(somatic) 유충]이 활성화된다. 이 유충들은 주로 자궁과 강아지에게(태반전파), 그리고 극히 드물지만 유선으로(모유를 통한 전파) 이행한다. 그래서 강아지는 태어나기 전, 그리고 태어난 지 얼마 안 되어 감염된다.\n 동물 위험요소\n가장 심각한 개회충 감염은 3개월 된 강아지들에게 나타난다.\n어미 개의 유충은 임신기에 활동을 재개하고 자궁에 있는 강아지를 감염시킨다(태반전파)\n- 강아지가 감염된 채로 태어나기 때문에 중요하다.\n- 분변에서 충란이 검출되기 전에 태반 감염은 매우 치명적일 수 있다.\n운반숙주(설치류)\nP. H. (rodents)\n운반숙주가 감염성 충란을 먹는다.\n\n감염성 충란\nInfective egg\n종숙주 D. H.\n개\nDog\n\n4~5주\n\n감염성을 갖기까지 4주\n 기생충 관리 수단\n가능할 때 개를 시멘트 바닥에서 거주하게 하고 바닥을 완전하게 청소하라.\n매우 어린 강아지에게 치료를 하고 임신 중인 성견 암컷에게는 전략적으로 치료하라.\n동물이 설치류를 먹게 하지 마라.\n\n\n\n성충\n(앞쪽 끝의 세부구조)\n비감염성 충란\nNon-infective egg\n\n분변\nFeces\n\n\n개회충 감염 _Toxocara canis infection\n회충\n임상증상 _Clinical signs\n심한 태반감염\n팽팽하게 부푼 복부\n창백한 점막, 폐렴 있을 수 있음\n구토, 설사와 식욕 부진\n심각한 장 출혈과 복막염\n2~3주령의 어린 나이에 치명적인 감염\n나이가 더 많은 강아지에서 심한 감염\n마른기침\n식욕부진\n우울, unthrifty\n팽팽하게 부푼 복부\n창백한 점막\n운반숙주(설치류)\nP. H. (rodents)\n삽화 27\n회충 _Roundworm\n"
}