{
    "title": "수의사와 보호자가 함께 보는 반려동물 아틀라스 시리즈- 피부과 진단",
    "author": "윤화영 감수",
    "publisher": "(주)범문에듀케이션",
    "department": "피부과",
    "disease": "43\n백반증 _Vitiligo\n백반증은 양성의 경과로 오직 미용적 측면에서만 문제가 된다.\n색소가 소실되는 것은 멜라닌 합성을 담당하는 멜라닌 세포가 파괴되거나 대체되기 때문이다.\n이 질환과 다른 어떤 병변도 연관되지 않으며 피부에 염증이 생기지도 않는다.\n어느 나이에서도 나타날 수 있으며 일반적으로 눈 주변, 입 주변, 입술, 코 그리고 입천장 부위에 영향을 주지만 몸의 다른 어느 부위도 영향을 받을 수 있다.\n백반증과 혼동되는 경과들\n원반모양홍반루푸스: 자가면역 질환으로 코 또는 점막피부 부분에 탈색소, 미란 그리고 궤양을 일으킬 수 있다.\n점막피부 농피증: 원반모양홍반루푸스의 임상 증상과 매우 유사한 증상을 보이는 피부의 세균 감염 이다.\n상피친화성 림프종: 예후가 좋지 않은 종양으로 변색, 미란, 궤양 그리고 코, 피부와 점막피부경계의 구조를 소실시킨다.\n\n피부 탈색소와 관련된 질환\n_Diseases associated with skin depigmentation\n정상 피부\n멜라닌세포\nMelanocyte\n멜라닌 과립\nMelanin granule\n\n이 질병들의 예후와 치료는 매우 다양하다.\n예를 들어 탈색소의 경우, 특히 미란과 궤양이 연관되어 있다면 생검을 필수적으로 하여 이러한 경과들을 배제하여야 한다.\n멜라닌세포가 없는 피부\n색소형성 장애 _pigmentation disorders\n44\n\n피부 과색소침착_ Skin hyperpigmentation\n사람 피부가 점박이가 되었을 때의 사람들이 염려하는 것과 같이, 반려동물 보호자들은 반려동물의 피부의 색이 변화했을 때 놀라게 된다.\n과색소침착된 반점\n병변성 과색소침착\n멜라닌세포종과 흑색종\n\n두꺼워지고 과색소침착된 피부가 존재한다면 이는 만성적인 가려움증 또는 피부 염증을 나타낸다.\n피부의 가려움증, 염증 또는 탈모에 내재된 질환이 무엇인지를 진단하는 데 초점을 맞춰야 한다.\n\n이러한 종양은 일반적으로 과색소침착된 결절 또는 종양으로 존재하며, 다른 종양 역시 과색소침착을 유발할 수 있다.\n의심되는 종양을 직면했을 때, 종양을 제거한 후 조직병리학적 검사(생검)를 수행해야 한다. 세포검사가 항상 선행되어야 하며, 이는 진단에 도움이 되며 수술을 계획하는 데 필수적이다.\n염증, 병변 및 부피의 증가를 동반하지 않는 피부의 과색소침착 부위를 과색소침착된 반점이라고 하며 일반적으로 동물에게 위해가 되지 않는다:\n단순히 태어날 때부터의 동물의 고유한 점박이일 수 있다.\n부상 이후의 정상 회복 과정에서 생겨난 반점일 수 있다.\n과색소침착은 흔히 탈모와 함께 나타난다.\n\n"
}