{
    "title": "수의사와 보호자가 함께 보는 반려동물 아틀라스 시리즈- 피부질환",
    "author": "윤화영 감수",
    "publisher": "(주)범문에듀케이션",
    "department": "피부과",
    "disease": "\n기생충 _PARASITES\n18\nFAD: 벼룩 알레르기 피부염 _FAD: Flea allergy dermatitis\n \n자가 유발된 탈모\nSelf-induced alopecia\n•\t벼룩에 물리면 피부에 구진이 생긴다.\n•\t과민한 개체에서, 벼룩에 물릴 시 알레르기 반응을 유발할 수 있다.\n•\t벼룩은 물 때 알레르기 반응을 유발하는 침 단백질을 주입한다.\n•\t병변은 엉덩이, 복부, 꼬리 또는 발목에 나타나지만 전신에 퍼질 수 있다.\n\n19\n진드기물림 및 피부 부착\n_Tick bite and attachment to the skin\n진드기의 침은 항응고제이며 작은 출혈을 일으켜 진드기가 먹게 한다.\n진드기는 입을 숙주의 피부에 붙이는 결합물질을 분비한다.\n피를 먹고 있는 암컷 진드기\nFemale tick having a blood meal.\n혈액을 먹는 동안, 병원성 인자를 접종한다.\n피부의 염증반응\n기생충 _PARASITES\n20\n옴진드기의 종류 (1) _Types of mange (I)\n옴진드기속과 노토에드레스속 _Sarcoptes and Notoedres\n옴진드기속. 개의 기생충 질병\n노토에드레스속. \n \n옴진드기(Sarcoptes scabiei)는 숙주의 표피에 “굴을 파고” 들어가 그 안에 알을 낳는다.\n \n \n \n•\t구진\n•\t각질성 딱지\n•\t아주 극심한 가려움증\n•\t찰과상\n•\t탈모\n•\t딱지 병변\n•\t극심한 가려움증\n•\t찰과상\n\n \n \n \n \n \n \n \n \n기생충 _PARASITES\n21\n귀진드기\n샤레티엘라증\n \n \n모든 포유동물에 영향을 줄 수 있다.\n옴진드기의 종류 (2) _Types of mange (II)\n귀진드기와 샤레티엘라 _Otodectes and Cheyletiella\n\n인수공통감염증\n성충\nAdults\n•\t귀진드기 감염증(Otodectes cynotis)\n•\t귓병\n•\t어두운 색의 귀지(커피 찌꺼기 같은 색)\n•\t가려움증\n•\t가려움증\n•\t표피탈락\n•\t탈모\n•\t가려움증의 정도에 따라 찰과상\n \n \n \n \n귀진드기 병변의 분포 패턴\n샤레티엘라증 병변의 분포 패턴\n \n \n \n \n좁쌀 피부염\n \n기생충 _PARASITES\n22\n모낭충증\n개와 고양이의 기생충성 질병\n \n모낭충은 모낭 내에서 발견된다.\n \n옴진드기의 종류 (3) _Types of mange (III)\n모낭충 _Demodex\n•\t홍반\n•\t탈모\n•\t모낭원주\n•\t여드름집\n•\t각질성 딱지\n•\t종기증\n모낭충증의 종류\n개\n(Demodex canis)\n•\t국소적인 유년기 모낭충증\n•\t전신적인 유년기 모낭충증\n•\t성년 발생 모낭충증\n\n모기 물림과 모기 매개 질병\n_Mosquito bites and mosquito-borne diseases\n모기의 머리\n(흡인 기관)\n더듬이\nAntennae\n주둥이\nProboscis\n주둥이는 피부의 표층 혈관에 도달하기 위해 숙주의 표피를 통과한다.\n피부의 염증 반응\n \n물리면 불쾌하고 가려운 느낌을 유발한다.\n모기와 플레보토무스에 물리면 기생충성 및 전염성 질병이 인간이나 동물에게 전달될 수 있다.\n모기가 물어서 접종한 병원체는 혈관에 도달하여 몸 전체로 퍼져나간다.\n촉각\nPalps\n기생충 _PARASITES\n24\n구더기증 _Myiasis\n \n•\t파리는 촉촉하고 따뜻한 동물의 피부에 알을 낳는다(상처, 젖은 털).\n•\t애벌레는 알에서 부화하고 괴사조직, 심지어 살아있는 조직을 찢어 먹는다.\n•\t심하게 감염된 동물은 쇼크, 중독 또는 감염으로 사망할 수 있다.\n•\t치료는 유충 제거, 상처 치료와 필요시 항생제 요법으로 이루어진다.\n작은 상처는 애벌레의 움직임으로 인해 크고 감염된 궤양으로 발달할 수 있다.\n애벌레 단계 1 (L1)\n애벌레는 동물 조직을 먹을 뿐 아니라, 이들 조직을 파괴하는 단백질 분해 효소를 분비하기 때문에 중요한 파괴 작용을 한다.\n작고 불규칙적인 궤양\nSmall, irregular ulcers\n애벌레 단계 2 (L2)\n\n"
}