{
    "title": "수의사와 보호자가 함께 보는 반려동물 아틀라스 시리즈- 피부질환",
    "author": "윤화영 감수",
    "publisher": "(주)범문에듀케이션",
    "department": "피부과",
    "disease": "04-2\n \n감염 _INFECTIONS\n25\n피부사상균증은 각질을 먹는 곰팡이에 의한 피부의 곰팡이 감염증이다. 이들은 모발에 감염되어 증식하고, 모발을 먹으며 모낭에 염증을 일으킨다. 인수공통감염 가능성이 있는 전염병이다.\n피부사상균증: 작은포자균과 백선균_Dermatophytosis: Microsporum and Trichophyton\n피부사상균증의 특이적인 병변은 일반적으로 원형모양의 탈모로, 중심에서 멀어지며 점점 확장된다.\n탈모증은 주로 표피탈락, 딱지 또는 농포를 동반한다.\n\n \n\n26\n피부사상균성 가균종\n개 작은포자균(Microsporum canis)에 의한 피하 감염.\n페르시안 고양이에서 나타나기 쉽다.\n•\t단독의 또는 여러 개의 결절\n•\t궤양이 나타날 수 있으며 혈액성 삼출물을 배출하는 배출로를 형성할 수 있다.\n•\t탈모\n•\t홍반\n\n피부사상균성 백선종창\n국소화된 종기증으로 석고모양작은포자균(M. gypseum) 또는 모창백선균(T. mentagrophyte)과 관련있다.\n•\t국한성 결절 병변\n•\t탈모\n•\t배출로 가려움증\n박탈성 홍반\n탈모\n산패된 악취\n말라세치아 피부염 _Malassezia dermatitis\n말라세치아 종은 귀 삼출물 또는 점막피부경계 근처에서 정상적으로 발견되는 효모(균류에 속함)이다.\n이들의 증식은 염증, 피부의 만성변화, 지루 그리고 특징적인 피부 주름 내의 습도와 온도의 조건에 의해서 촉진된다.\n\n개\n가려움증을 앓고 있는 개에서 감염은 매우 빈번하며 다음과 같은 부위에 국소적으로 나타난다.\n•\t입술, 피부 주름, 목 아래쪽, 겨드랑이, 허벅지 안쪽, 항문 주위 및 생식기 주위, 발가락 사이, 발톱 뿌리 부분\n•\t귀 삼출물\n고양이\n덜 빈번하게 나타나며 다음과 같은 부위에 국소적으로 나타난다:\n•\t입술, 턱, 발톱의 뿌리 부분\n•\t귀 삼출물\n \n말라세치아\n \n\n"
}