{
    "title": "수의사와 보호자가 함께 보는 반려동물 아틀라스 시리즈- 피부질환",
    "author": "윤화영 감수",
    "publisher": "(주)범문에듀케이션",
    "department": "피부과",
    "disease": "04-4\n눈과 귀 _EYES AND EARS\n34\n \n눈꺼풀속말림의 외과적 해결책\nHOTZ-CELSUS 방법\n아래눈꺼풀의 속말림을 교정한다.\nHOTZ-CELSUS 방법의 화살촉 변형법\n가쪽눈구석의 아래눈꺼풀 속말림을 교정한다.\nFRANS STADES 방법\n위눈꺼풀의 속말림을 교정한다.\n아래 눈꺼풀 가장자리가 안쪽으로 접혀서 각막을 비빈다.\n각막 병변\nCorneal lesions\n눈꺼풀속말림(안검내번) 및 해결책 _Entropion and resolution\n \n \n \n눈과 귀 _EYES AND EARS\n35\n \n눈꺼풀겉말림의 외과적 해결책\n쐐기 절제술\nV-Y 눈꺼풀 성형술\n변형된\nKUHNT-SZYMANOWSKI 기법\n눈꺼풀겉말림(안검외번) 및 해결책 _Ectropion and resolution\n결막과 눈이 노출되고 건조해져 불편함과 각막 병변을 일으킨다. (결막염, 만성 각막염)\n눈물이 흐름 (유루증)\n아래 눈꺼풀 뒤집힘\n \n \n \n36\n그 다음, 이도를 부드럽게 마사지 하여 세정액이 적절히 퍼지도록 한다.\n부드럽게 귓바퀴를 한 손으로 당겨 이도를 보이게 한다.\n건강한 귀: 귀 세정 방법 _Healthy ear: Cleaning routine\n귀 세정은 모든 반려동물에게 기본적인 필요 사항 중 하나이다.\n권고사항\n•\t절대로 동물의 귀에 면봉을 넣지 않도록 한다. 이는 귀지의 생성을 촉진하고 고막에 손상을 입힐 수 있다.\n•\t목욕 시 귀에 물이 들어가지 않도록 해라.\n•\t어렸을 때부터 동물이 귀 청소에 익숙해지도록 해라.\n•\t반려동물이 목욕하거나, 바다, 강 또는 수영장에서 수영을 한 후에는 항상 귀 세정제를 사용해라.\n \n \n다른 한 손으로는, 이도 내에 귀 세정액을 조금 넣는다. 귀 세정제는 수의사가 권장하는 반려동물용 제품을 이용해라.\n한 시간 후, 동물이 머리를 흔들었고 제품이 효과를 냈으면, 거즈나 젖은 닦을 것으로 귀에 쌓여있는 삼출물을 제거하고 바깥귀 입구 부위를 닦아준다.\n \n \n37\n바깥귀\nEXTERNAL EAR\n개와 고양이의 바깥귀길의 형태학적 차이\n \n개\n고양이\n바깥귀길염(외이도염) _Otitis externa\n바깥귀길염은 바깥귀를 구성하는 구조 중 하나 또는 전체에 염증을 의미한다.\n \n만약 고양이나 개의 귀가 건강하지 않다면 다음과 같은 증상을 관찰할 수 있다.\n•\t비정상적인 색(홍반)\n•\t바깥귀길의 비후\n•\t어두운 색의 귀지, 분비물 등\n•\t악취\n•\t통증, 가려움, 머리기울임, 머리 털기 및 귀 긁기\n38\n효과적인 해결책은 혈종의 수술적 배액이다.\n하지만 원발요인도 치료되어야 한다. 만약 동물이 귓병을 치료받지 않고 계속 앓고 있다면, 이 문제는 다시 재발할 것이다.\n귓바퀴혈종의 외과적 해결책\n귓바퀴 혈종 _Aural haematoma\n해결책 종류 _Types of resolution\n귓바퀴 혈종은 귓바퀴의 오목한 면과 귀 연골 사이에 혈액이 찬 것이다. 통증 및 귀 가려움증으로 인해 격렬히 머리를 흔들고 귀를 긁거나, 또는 싸우거나 충격으로 인한 외상으로 귓바퀴 혈관에 손상이 생겨 나타난다.\n단계 1\n귀의 오목한 면에 S 모양 절개를 낸다.\n \n귀의 오목한 면의 부종\n \n단계 2\n응고된 혈액을 제거하고 연골을 뚫고 수직 봉합을 한다.\n \n물렁하고 유동성 있는 부종\n단계 3\n절개는 닫지 않고 남겨두어 지속적으로 배액이 되도록 한다. 귀는 붕대를 감아 고정되어야 한다.\n \n\n"
}