{
  "title": "20 . 개의 유선선종양의 피부 전이 증례 보고",
  "author": "최혜준",
  "publisher": "한국수의과학회",
  "department": "피부과",
  "disease": "20 . 개의 유선선종양의 피부 전이: 증례 보고\n\n8세의 불임 수술을 받은 암컷 잡종견이 양쪽 옆구리에 여러 개의 피가 섞인 삼출성 피부 병변을 보였으며, 유선선 종양(MGT) 치료를 위해 유방 절제술을 받은 지 1주일 후에 퍼졌습니다. 초음파와 컴퓨터 단층 촬영에서 여러 개의 경계가 불분명하고 불규칙하며 이질적으로 두꺼워진 피부 및 피하 병변과 비대해진 림프절이 확인되었습니다. 조직병리학적 검사에서 림프관 침윤이 있는 선암이 확인되었으며, 이는 전이성 MGT로 추정됩니다. 임상적 징후는 항암 화학 요법 후 호전되었지만 1개월 후에 사망했습니다. 이 연구는 MGT 병력이 있는 개에서 피부 병변의 감별 진단을 위해 피부 전이를 고려해야 하지만, MGT로 인한 피부 전이는 드뭅니다.\n키워드 : 피부 전이 , 개 , 유선 , 진단 영상\n이동 : \n개 유선종양(MGT)은 가장 흔한 신생물로, 온전한 암컷 개에서 발생하는 모든 종양의 50~70%를 차지합니다[ 1 ]. 대부분의 악성 종양은 상피 종양 또는 암으로 구성됩니다[ 2 ]. 악성 MGT는 5세 미만의 개에서는 거의 발생하지 않으며, MGT가 있는 개의 평균 연령은 9세에서 11세입니다[ 1 ]. 개는 비특이적인 징후를 보일 수 있으며, 염증성 암이 있는 개는 부종과 통증을 동반한 관련 유선의 광범위한 염증을 보입니다[ 3 ]. 일반적으로 MGT는 국소 림프절과 폐, 간, 비장, 뼈, 신장, 뇌와 같은 더 먼 전이 부위로 전이되지만 피부 전이는 드뭅니다[ 1 , 4 ]. 현재까지 MGT를 받은 개에서 피부 전이 사례가 4건만 보고되었습니다 [ 4-6 ] .\nMGT는 신체 검사를 통해 쉽게 발견할 수 있지만, 방사선 촬영, 초음파 검사, 컴퓨터 단층 촬영(CT), 림프절의 미세 바늘 흡인 검사, 생검을 통해 전이를 평가할 수 있습니다[ 1 , 3 ]. CT를 사용하면 조기 질병 진단에 도움이 되어 폐 전이를 발견하는 능력이 향상되었습니다[ 3 ]. 대부분의 MGT 전이는 초기 수술 후 1년 이내에 발생합니다[ 3 ]. 영향을 받은 조직을 외과적으로 제거하는 것이 여전히 MGT에 대한 가장 널리 받아들여지는 치료법입니다[ 1 ]. 단독 외과적 절제는 재발률이 높아 림프관 침윤이 있는 환자에서 만족스럽지 못한 결과를 보입니다[ 7 ]. 나이, 종양 크기 및 병기, 임상적 징후, 림프절 전이, 조직병리학적 유형, 호르몬 수용체 존재를 포함한 여러 예후 요인이 확인되었습니다[ 4 , 7 ]. 본 연구에서는 MGT의 피부 전이가 있는 개에 대한 임상 증상, 진단 영상 소견, 치료 및 예후를 설명했습니다.\n8세의 불임수술을 받은 암컷 잡종견이 피부 병변으로 경북대학교 수의학교육병원에 의뢰되었다. 환자는 지역 동물병원에서 MGT로 진단을 받고 6주 후에 유방절제술과 난소자궁적출술을 받았다. 수술 당시 양쪽 옆구리에 촉지 가능한 피부 병변이 발견되었고, 수술 후 1주일 후에 양쪽 옆구리에 여러 개의 피부 병변이 퍼져 있었다. 환자의 병변은 피부 병변에 대한 항염증 치료를 1개월간 받은 후에도 호전되지 않았다. 신체 검사에서 통증성, 딱지, 피가 섞인 삼출물, 다발성 피부 병변의 결절이 확인되었다. 완전 혈액 검사에서 백혈구 증가증(20.4 k/μL; 참고 구간[RI], 6.1~18.3 k/μL), 호중구 증가증(13.9 k/μL; RI, 3.6~12.5 k/μL), 고칼슘혈증(14.2 mg/dL; RI, 9.3~12.1 mg/dL)이 나타났습니다. 흉부 및 복부 방사선 사진에서 양측 및 복측 흉복부 벽에 불규칙하고 두꺼워진 피부 여백이 나타났습니다. 초음파에서 여러 피부 및 피하 병변이 확산되고 경계가 불분명하며 이질적인 에코성을 보였습니다. 또한 불규칙하고 이질적으로 커진 양측 내측 장골 림프절이 확인되었습니다.\n \t\n유방선 종양의 피부 전이가 있는 개에서 (A) 피부 병변, (B) 복부 방사선 사진, (C) 초음파 사진. (A) 옆구리에 딱딱한 껍질과 피가 섞인 삼출물이 있는 여러 피부 병변이 확인되었습니다. (B) 복부의 오른쪽 측면 방사선 사진과 (C) 피부의 초음파 이미지. 양쪽과 복측 흉복부 벽에 불규칙하고 두꺼워진 피부 여백이 확인되었습니다(화살표). 피부 및 피하 병변은 확산성, 다중성, 경계가 불분명하고 이질적인 에코성을 보였습니다(화살촉).\n \nCT 검사는 MGT의 피부 병변과 전이를 정확하게 평가하기 위해 32-멀티슬라이드 CT 시스템(Alexion; Canon Medical Systems, Japan)으로 시행했습니다. 환자는 전신 마취 하에 CT 테이블 위에 등을 대고 누운 자세로 눕습니다. 스캐닝 매개변수는 다음과 같습니다. 120 kV, 150 mA, 3.0 mm 슬라이스 두께, 0.75초 회전 시간. 600 mgI/kg iohexol(Bonorex 300 주사액; Daehan Pharm, Korea)을 자동 주사기(A-60; Nemoto Kyorindo Co., Japan)를 사용하여 20초 동안 정맥 주사한 후 대조 검사를 시행했습니다. 동맥, 문맥-정맥 및 지연 단계의 조영제 투여 후 CT 이미지는 각각 주입 후 20, 45 및 90초에 얻었습니다. 영어: 다초점성, 불규칙성 및 이질적으로 과감쇠하는 두꺼워진 피부 및 피하 병변이 이질성 대조 증강 및 양측, 복측 흉복부 및 좌측 사타구니 부위에 부분 석회화와 함께 나타났습니다. 또한, 이질성 대조 증강과 함께 확대되고 불규칙하며 타원형 모양의 양측 내측 장골 및 양측 액와 림프절이 관찰되었습니다. 폐 전이의 증거는 관찰되지 않았습니다. 피부 병변에 대한 감별 진단에는 재발성 MGT, 피부에서의 MGT 전이 또는 림프절 종대를 동반한 피부 염증이 포함되었습니다. 좌측 사타구니 부위의 병변은 이전 수술로 인한 잔류 사타구니 림프절 또는 과립종 조직으로 의심되었습니다.\n \t\n(A) 비대조 및 (B) 조영제 후 횡단 복부 컴퓨터 단층 촬영 이미지 및 (C) 조영제 후 등쪽 평면 이미지. 양측 및 복측 흉복부 벽의 다초점, 불규칙 및 이질적으로 과감쇠된 비후와 이질적 조영제 증강 피부 및 피하 병변이 확인되었습니다(화살표). 확대된 액와 림프절(화살촉)이 관찰되었습니다.\n \n피부 병변 생검을 시행했습니다. 조직병리학적 검사 결과, 세포질 중심부가 콜라겐 기질에 의해 지지되는 괴사된 세관과 섬에 배열된 다각형 세포로 구성된, 잘 구분되고, 캡슐화되고, 세포가 밀집된 신생물이 나타났습니다. 세포 경계가 뚜렷하고 호산성 세포질이 빈번한 세포질 내 공포를 포함하는 신생물 세포에서 세포 사멸을 나타내는 이형성증도 감지되었으며, 일부는 반지 세포와 일치했습니다. 나아가, 눈에 띄는 핵소체와 얼룩덜룩한 크로마틴이 있는 불규칙하게 둥근 핵이 발견되었습니다. 불완전한 림프관 침윤이 있는 신생물의 조직학적 특징과 MGT 병력을 바탕으로, 매우 의심스러운 전이성 선암으로 진단했습니다. 환자는 3주마다 4 mg/m 2 (정맥 주사)의 미톡산트론(미트론 주사; 이연제약, 한국)을 5회 치료하는 화학 요법 프로토콜을 예약했습니다. 첫 번째 투여 후 피부 병변이 개선되었으나, 환자는 흉막 삼출과 관련된 호흡곤란으로 인해 두 번째 유도 전에 사망하였는데, 이는 진단 후 1개월 만에 흉막으로의 MGT 전이로 인한 것으로 의심되었습니다.\n \t\n피부 병변의 조직병리학적 단면. (A) 괴사 중심이 있는 세관과 섬에 배열된 다각형 세포로 구성된 잘 구분되고, 캡슐화되고, 치밀한 세포성 신생물. (B) 신생물성 세포로 인한 림프관의 불완전한 폐색. H&E, 척도 막대: (A) 100 μm, (B) 400 μm.\n \n혈관육종을 제외한, 내장 악성종양의 피부 전이는 드문 증상으로, 모든 피부 병변의 1%~5%를 차지합니다[ 4 , 8 ]. 특히, MGT를 앓은 개에서 피부 전이는 드물게 보고되었습니다. 개에서 단 4건의 사례가 있었으며, 그 중 3건은 임상적 증상에 대한 설명 없이 보고되었습니다[ 4-6 ]. 이러한 연구 중 단 하나만 이 임상적 증상과 조직병리학적 소견을 밝혔습니다. MGT 발병 2년 후에 궤양 없이 통증이 없고 단단하고 둥글고 갈색이며 여러 개의 피부 병변 이 관찰되었습니다[4 ] . 반면에 이 증례 보고 의 환자는 이전 연구와 임상적으로 다른 피부 패턴을 보였습니다. 화농성 피부 병변이 통증을 동반하고 첫 번째 수술 후 일주일 이내에 퍼졌습니다. 이 연구에서는 임상적 증상뿐만 아니라 진단 영상 및 조직병리학적 소견도 설명했으며, 이는 수의과 병원에서 유용할 것입니다.\nMGT의 피부 전이는 피부 병변의 임상적 표현이 유사하기 때문에 염증성 암과 구별해야 합니다. 염증성 암은 평균 생존 기간이 25일이고 전신적 질환을 초래하여 예후가 좋지 않습니다[ 1 , 3 ]. 염증성 암은 광범위한 피부 림프계 폐쇄를 동반하는 미분화 암으로, 유방선의 확산적 침범에 광범위한 염증과 부종, 따뜻함, 통증이 특징입니다[ 2 , 3 , 9 ]. 피부 림프계 침범은 염증성 암의 병리학적 진단의 특징으로 간주됩니다[ 10 ]. 폐, 간, 신장보다는 방광과 생식 기관으로의 전이가 비염증성 MGT보다 더 흔하게 관찰되었습니다[ 7 ]. 염증성 암과 MGT의 피부 전이의 차이점은 아직 완전히 밝혀지지 않았지만 몇 가지 차이점이 의심됩니다. 본 증례에서 피부 병변은 염증성 암과 유사하게 나타났지만, 염증성 암의 전형적인 특징인 유방선의 따뜻함과 부종은 확인되지 않았습니다. 또한, 조직병리학적 검사에서 림프관 침윤은 그렇게 심하지 않았고, 세포는 염증성 암에서 예상했던 것처럼 비정형적이거나 림프관을 막지 않았습니다. 신체 및 조직병리학적 검사와 전이된 장기의 평가는 염증성 암과 MGT의 피부 전이를 구별하는 데 도움이 됩니다.\nMGT의 첫 번째 림프 흐름을 받는 보초 림프절의 전이를 보여주는 것은 중요한 예후적 가치가 있다. 따라서 MGT 환자에서 영역 림프절을 평가해야 한다[ 1 , 11 ]. 초음파와 CT를 포함한 진단 영상은 복부 장기나 림프절로의 전이를 탐지하고 종양 침습 정도를 평가하는 데 유용하다[ 3 ]. 특히, 조영제를 유방 실질에 주입하여 보초 림프절을 확인하는 간접 CT 림프조영술은 림프절의 조영 패턴을 분석하고 전이 여부를 진단하는 데 도움이 된다[ 11 ]. 보초 림프절 불투명도의 이질성 또는 부재는 전이성 침습과 관련이 있다[ 1 , 11 , 12 ]. 림프절의 조영 패턴은 간접 CT 림프조영술[ 11 ]과 기존의 조영제 증강 CT[ 13 ]에서 유사한 것으로 간주되었다. 이 연구에서는 조영제 투여 후 CT 영상에서 비대해진 양측 액와 림프절의 불균일한 조영 증강이 나타났으며 림프절 전이가 매우 의심되었습니다.\n이 연구의 한계점은 조직병리학적 검사를 위한 샘플링이 피부 병변에서만 수행되었다는 것입니다.확실한 진단을 위해 전이는 원발 종양이 기원인지 확인하기 위해 원발 종양과 조직병리학적으로 유사해야 합니다[ 14 ].그러나 이 연구에서 유방선에서 기원한 병변의 확정적인 진단은 조직병리학적 소견과 림프관 침윤 증거 및 MGT 병력 간의 상관관계를 통해 확인되었습니다.\n요약하자면, MGT로 인한 피부 전이는 개에서 드물게 발생합니다. 이 연구에서는 MGT 피부 전이가 있는 개에서 임상 증상, 진단 영상 소견, 치료 및 예후를 설명했으며 다양한 형태의 피부 전이가 존재할 가능성을 시사합니다. 피부 병변을 동반한 MGT가 있는 환자의 경우 MGT 피부 전이를 감별 진단으로 고려해야 합니다.\n"
}