{
    "title": "개(2판)-수의사와 보호자가 함께보는 반려동물 아틀라스 시리즈 1",
    "author": "정나래 역 2e",
    "publisher": "(주)범문에듀케이션",
    "department": "피부과",
    "disease": "정상 털\n일년에 두 번의 털갈이가 일어난다(봄, 초겨울). 큰 온도 변화가 없는 실내에서 생활하는 개는 일년 내내 지속적인 털갈이가 일어날 수 있다.\n\n발바닥 패드\n압착되지 않는 지방세포들로 구성된 고도로 변형된 피부영역과 탄력구역 땀샘을 이용하여 영역표시를 한다.\n피부 층\n1. 표피\n2. 진피\n3. 피하조직 또는 피부밑조직\n\n촉각털 또는 코털\n고양이에서만큼 압력 변화와 공기 흐름에 민감하지는 않지만, 개에서도 얼굴 여러 부위에 이러한 특화된 털이 존재한다.\n\n코 상피(주둥이)\n개 코의 습기와 온도가 항상 건강상태를 대변하는 것은 아니다. 햇빛에 노출되어 뜨겁고 건조해질 수 있다.\n색소침착이 없다면, 햇빛으로부터 보호하는 것이 좋다.\n\n이차 털\n주머니\nSecondary\nhair follicles\n기름샘\nSebaceous gland\n아포크린 땀샘\nApocrine\nsweat gland\n털 세움근\nHair erector muscle\n일차 털 주머니\nPrimary\nhair follicle\n혈관\nVasculature\n개의 피부구조 _Skin structures in dogs\n변형된 각질층\nModified\nstratum corneum\n에크린 땀샘\nEccrine\nsweat gland\n신경 말단\nNerve endings\n털 세움근\nHair erector muscle\n기름샘\nSebaceous glands\n정맥굴\nVenous sinuses\n\n진드기 섭식기관의 잔유물이 남지 않도록 올바른 제거 방법을 따르는 것이 중요하고, 혈류의 병원성 인자는 제거되지 않을 가능성이 있다.\n 내과적 처치\n항진드기제를 개와 주위 환경에 적용한다.\n벼룩의 경우 주변을 철저하게 청소한다(그들은 숙주환경에서 하루 평균 40개의 알을 낳는다).\n과민증에 대한 대증요법\n진드기 감염 _Tick infestation\n보통 뿔진드기속으로부터 감염된다.\n주로 동물이 닿기 힘든 부위에 위치한다: 눈꺼풀, 등, 허리, 귀 등\n진드기가 감염성 질병을 전파할 수도 있다(에르리히증, 라임병, 바베스열원충증 등).\n임상증상: 발적, 경도의 가려움, 진드기 부착부위에 딱지와 작은 결절, 기생충 수가 많은 경우 외이염, 심지어 마비까지 발생한다.\n기름\n\n알콜\n외부기생충 _Ectoparasites\n벼룩과 진드기 _Fleas and ticks\n직접적인 조작\n\n\n개에서 가장 흔한 종은 고양이 벼룩(Ctenocephalides felis) 이다.\n\n벼룩은 미세참빗을 이용하거나 털에서 벼룩의 분변을 발견함으로써 검출될 수 있다.\n벼룩물림에 대한 과민증\n_Hypersensitivity to flea bites\n주로 벼룩의 침에 대해 알러지반응으로 인해 발생한다.\n벼룩이 감염성 질병(리케차증, 바토넬라증, 헤모플라즈마증)과 기생충질병(개조충증)을 전염시킬 수 있다.\n아토피가 있는 개에서 더 잘 발생할 소인이 있다.\n임상증상: 다양한 정도의 가려움증, 탈모, 홍반, 구진, 딱지, 긁은상처, 과다색소침착, 태선화\n병변 위치: 등의 꼬리쪽, 옆구리, 꼬리, 회음\n\n\n\n개선충증\n개선충(Sarcoptes scabiei)에 의해 발생한다. 피부에 고랑 또는 통로를 파며 암컷은 이곳에 알을 낳는다. 심한 소양감과 알러지 반응을 유발한다.\n임상증상\n심한 가려움증\n비늘구진과 딱지\n긁은 상처와 탈모\n귀 개선충증\n귀 개선충은 외이도에 위치한다. 어린 강아지에서 더 호발한다.\n임상증상\n외이염(이차성 세균감염 동반)\n짙은색의 귀지\n가려움증\n*사람에게 감염은 극히 드물다.\n38\n옴의 유형 _Types of mange\n\n모낭충증\n모낭충(Demodex canis)에 의해 발생한다. 유전적 소인 또는 면역손상 개와 관련있다. 국소적이거나 전신적으로 나타날 수 있다(유년, 성년기).\n임상증상\n홍반, 탈모, 여드름\n딱지, 종기증\n사지말단에 한정: 발모낭충증 (pododemodicosis)\n체이레티오시스\n체이레티엘라속(Cheyletiella)에 의해 발생한다. 피부 위에 기생하며, 굴을 파지 않는다.\n임상증상\n가려움증(긁은 상처)\n비듬\n탈모\n\n사람에게 전파가능한 질병\n(인수공통감염병)\n\n\n 내과적 처치\n국소 요법: 약욕과 약물 적용\n전신 요법\n피부사상균증\n작은포자균, 백선균 또는 표피균 감염에 의해 발생한다. 감염된 동물과의 접촉으로 인해 감염된다. 선행 요인: 유년기 또는 노령의 나이, 면역억압, 고온 다습, 피부 외상\n임상증상\n다발성 탈모, 얼굴, 머리 및 발에 비듬\n털집염과 종기증\n가려움증\n손발톱진균증\n육아종\n백선종창(결절성 병변)\n곰팡이와 효모균 감염\n_Fungal and yeast infections\n홍반, 비듬\nErythema and scaling\n외이염\nOtitis externa\n말라세지아 피부염\n권고사항\n피부사상균증에서는 삭모와 주변 소독이 권장된다(자외선 시험법과 배양으로 진단).\n최소 2주 간격으로 배양에서 음성이 나오기 전까지는 치료를 중지해서는 안 된다.\n대개 효모군의 과성장, 과민증을 유발하는 질병에서 이차적으로 발생한다.\n바셋하운드, 웨스트 하이랜드 화이트 테리어에서 품종 소인이 있다.\n사람에게 전파가능한 질병\n(인수공통감염병)\n\n임상증상 _Clinical signs\n외이염: 다량의 갈색의 악취가 나는 귀지샘 분비물\n가려움증, 홍반,\n지루(곰팡이 냄새)\n비듬, 탈모, 태선화, 과다색소침착\n\n선행요인: 면역의 변화, 피부 미세환경의 변화, 표피의 생리적 문제\n발톱질환(손발톱진균증)\nNails disorders (onychomycosis)\n백선종창(얼굴, 다리)\nKerion (face and legs)\n탈모와 비듬\nAlopecia and scaling\n\n\n\n국소적(귀)\n혹은 전신적으로 나타남.\n아토피 피부염\n흡입 또는 삼켜서 피부를 통과할 수 있는 환경 알레르기항원(꽃가루, 곰팡이, 진드기 등)에 대한 알러지 반응이다.\n접촉성 피부염(알러지성)\n플라스틱(밥 그릇), 섬유(침대 커버, 카펫), 개 목걸이, 위생도구, 식물 등 합성물질로부터 적은 양의 알레르기항원에 대한 반응이다.\n임상증상 _Clinical signs\n가려움증, 홍반, 구진 등\n이염\n자가창상 및 이차 감염(농피증, 말라세지아)\n탈모, 과다색소침착, 태선화\n음식 과민증에서 위장관계 문제\n(증례의 10~30%)\n\nIV형 과민반응\nType IV hypersensitivity\n과민증 _Hypersensitivity\n알러지 _Allergies\n\nI형 과민반응\nType I hypersensitivity\n\n\n음식 과민증\n특정한 음식 알레르기항원 섭취에 대해 과한 면역 반응을 보인다.\n두드러기와 혈관부종\n음식, 약물, 곤충 물림 또는 행렬털벌레와의 접촉에 대한 부작용에 의해 부종이 유발된다. 급성 또는 아급성으로 발현한다.\nI형 과민반응\nType I hypersensitivity\nI형 과민반응\nType I hypersensitivity\n\n\n벼룩알러지 피부염은 벼룩의 침이 항원으로 작용하는 특별한 유형의 과민증이다(말기 즉각 반응).\n농가진(표재성 화농피부증)\n화농창상성 피부염(핫스팟)\n 내과적 처치\n농가진\n1~2일 간격으로 클로르헥시딘 샴푸로 약욕\n국소 소독제의 적용(포비돈 아이오딘)\n화농창상성 피부염\n국소적: 삭모와 소독제, 소염제 적용\n전신적: 항생제, 소염제\n수 개월령의 어린 강아지에서 주로 호발하는 세균성 감염. 서혜부, 겨드랑이, 복부처럼 털 없는 피부에 잘 생기며, 농포를 포함한 병변이 특징적이다.\n갑작스럽게 발현하는 염증성, 삼출성 피부 병변.\n통증 또는 가려움증으로 인해 스스로 긁고, 핥고, 비벼서 유발된다.\n\n영양학적 문제, 진드기감염증 (면역억압) 또는 컨디션 저하 (비위생적인 환경)로 인해 병발 할 수 있다.\n\n이 병변은 단순 상처와 쉽게 혼동된다.\n농포와 표피 잔고리(농포의 파열로 남은 원형의 병변) 농가진 및 화농창상성 피부염\n_Impetigo and pyotraumatic dermatitis\n\n등쪽 허리엉치부위, 등가쪽 및 귀주변에 흔히 발병한다.\n\n\n귀 청소\n 내과적 처치\n적절한 제품을 사용하여 이도를 청소한다.\n원인 치료를 위해 귀 약물을 사용한다: 소염제, 항생제, 항 기생충 약물, 항진균제 일차적 요인을 치료한다.\n귀청소약을 떨어뜨리기 위해 귀를 위로 들어 올린다.\n\n외이염 _Otitis externa\n약물이 반응 할 수 있도록 바깥쪽을 몇분간 주물러준다.\n\n개 피부 질병의 10~20%를 차지한다. 이도의 염증과 종종 또 다른 상태의 증상이 나타난다(알러지 같은 증상).\n임상증상 _Clinical signs\n홍반, 악취\n이도 벽의 비후\n짙고 기름진 다량의 화농성 삼출액\n통증 혹은 가려움증, 머리기울임, 흔들고 긁음\n이차 감염(세균, 말라세지아)\n거즈를 이용하여 남은 약물, 귀지를 제거한다.\n\n원인 _Causes\n일차적 요인\n과민증 외부기생충(귀진드기)\n이물\n자가면역질환, 각질화\n약물 반응\n내분비계 장애\n선행 요인\n형태(귀가 늘어진 품종, 샤페이)\n이도 폐색(종양 또는 폴립)\n온도, 습도, 생활 방식(수영 등)\n외부 환경으로부터의 보호는 피부의 주요 기능 중 하나이다. 이를 위해 피부에는 고유의 면역 시스템이 존재한다. 간혹 이 방어 기전은 특정 외부 인자(면역 매개성) 혹은 피부 자체 세포에 대해(자가 면역성) 염증을 유발하며 과도한 반응을 일으켜 질병을 유발할 수 있다.\n면역 매개성 피부 질병\n특정 세균(포도상구균 등), 기생충 (벼룩, 사상충 등) 혹은 약물(항생제, 백신)에 대한 반응으로 염증반응(간혹 궤양을 동반)이 나타날 수 있다.\n원인을 파악하고 이를 제거한 뒤, 피부 병변을 치료하는 것이 중요하다.\n자가면역성 피부 질병\n이는 면역반응 억제 조절의 저하로 인해 발생한다.\n체내 방어기전은 표피의 특정 단백질을 공격하여, 피부, 점막,점막피부접합부 표면의 방어막을 파괴한다.\n궤양성병변(가피로 덮인)과 수포가 형성되며, 감염으로 합병화된다.\n병변의 분포에 따라 여러 패턴으로 나뉜다(심상성천포창, 낙엽천포창, 홍반성 루푸스 등).\n\n항체가 피부 세포를 공격\n피부의 면역매개성 및 자가면역성 질병\n_Immune-mediated and autoimmune diseases of the skin\n수포와 물집의 형성\n물집의 파열과 이로 인한 궤양\n홍반성 루푸스\nLupus erythematosus\n\n벼룩알러지성 피부염\nFlea allergy dermatitis\n\n\n"
}