{"title": "12 . 단측 개 원발 폐쇄각 녹내장에서 국소 베탁솔롤 및 도르졸라마이드의 반대 눈에 대한 예방 효과", "author": "안준영", "publisher": "한국수의과학회", "department": "안과", "disease": "12 . 단측 개 원발 폐쇄각 녹내장에서 국소 베탁솔롤 및 도르졸라마이드의 반대 눈에 대한 예방 효과를 실시한다 60건(2016.1-2021.5)\n이 연구는 편측 원발 폐쇄각 녹내장(PACG)이 있는 개에서 두 번째 눈에 대한 국소 5% 베탁솔롤(BTX)과 2% 도르졸라마이드(DRZ)의 방지적 항녹내장 효과를 평가하는 것을 목표로 했습니다. 2016년부터 2021년까지 두 번째 눈에 방지적 항녹내장 점안액을 투여받은 편측 PACG가 있는 개 60마리의 의료 기록을 검토했습니다. BTX의 예방 효과는 마지막 방문까지 28/60(46.7%) 눈에서 유지되었고 BTX 실패는 32/60(53.3%) 눈에서 중앙값 510일(범위, 53-1,927일)에 관찰되었습니다. BTX 실패 눈에 DRZ를 주입한 후 방지 효과는 21/32(65.6%) 눈에서 중앙값 610일(범위, 157-2,270일)로 확장되었습니다. DRZ 실패 눈(17/21, 81.0%)은 조절되지 않은 안구 내압으로 인해 화학적 절제술 또는 수술적 개입이 필요했습니다. 방지 효과의 지속 기간은 나이가 들면서 감소했습니다(R 2 = 0.334, p = 0.006). 우세한 품종은 시추(41.9%)와 아메리칸 코커 스패니얼(30.6%)이었으며 생존 곡선에 유의미한 차이가 없었습니다( p = 0.210). BTX의 평균 예방 효과는 1.5년 이상 지속되었으며 단측 PACG에서 첫 번째 방지용 점안액으로 선택할 수 있었습니다. 또한 방지 약물 실패 사례에서 조기 수술적 개입을 고려해야 합니다.\n키워드을 실시한다 베탁솔 롤 , 도르졸라미드 , 녹내장 , 예방 , 개\n이동 : \n소개\n녹내장은 진행성 및 신경퇴행성 안구 감염으로 [ 1 , 2 ] 안구 내압(IOP) 상승으로 인해 망막과 시신경 손상이 가속화되어 돌이킬 수 없는 실명에 이르게 됩니다 [ 3 , 4 ]. 안압 상승에 따른 시신경 손상 안압 상승에 따른 시신경 손상. 이는 초음파 영상 생체현미경(UBM), 전방각경 검사 또는 조직병리학을 사용하여 구별할 수 있습니다 [ 6 ]. POAG는 전방각경 검사에서 원래 정상적으로 보이는 홍채각막각(ICA)과 1~ 3세 개에서 점진적으로 양쪽 IOP가 상승하는 것이 특징입니다 [ 3 , 6 ]. PACG는 POAG보다 8배 더 흔하며, 전방각경 검사에서는 ICA로 나타날 수 있으며, 이는 처음에는 좁아지고, 부분적으로 닫히거나 빗장인대 이형성(PLD)으로 구성된 것처럼 보이고, IOP가 심하게 상승하면 사실상 완전히 닫힙니다[ 6 ]. PACG는 소인이 있는 품종의 중년에서 노년의 개에 나타내는 경향이 있습니다[ 7 ]. 이전 연구에 따르면 개 PACG는 일반적으로 질병이 첫 번째 눈에서 나타난 후 중간 8개월에 초기 IOP가 정상인 동료 눈에서 발생합니다[ 7 ]. 녹내장의 높은 위험과 동료 눈의 시력 보존 성공률이 낮다는 점을 고려할 때 방지 요법이 권장됩니다[ 1 , 8 ].\n소수의 연구에서 수의 안과 의사는 첫 번째 눈에서 녹내장을 판단한 후 정상 혈압의 동료 눈에 방지 약물을 투여하기 시작했습니다[ 1 , 8 ]. 다른 치료 프로토콜을 사용하는 일부 후향적 연구에서 정상 혈압의 동료 눈에서 방지 요법의 효능을 평가하려고 시도했습니다.[ 1 , 8 ]. 그러나 최근 조사에서는 수의 안과 의사가 연구된 점안액뿐만 아니라 다양한 다른 약물도 사용했음을 보여주었습니다.[ 1 , 8 ] . 이전 연구에서 국소 0.5% 티몰롤 말레산은 눈의 혈압을 낮추는 효과가 있는 것으로 나타났습니다[ 9-11 ]. 또한, 동물에서 베타 차단제의 IOP 저하 효과를 보여 준 연구는 거의 없습니다[ 12 , 13 ] . 그 중 한 연구에서는 0.5% 베탁솔롤(BTX)이 영향을 받지 않은 개 에서 IOP를 낮추었다고 보고했습니다.[ 13 ]. 그러나 BTX의 혈압 강하 효과는 약하고 IOP를 낮추기 위해 단독으로 사용하는 것은 권장되지 않습니다.[ 5 ]. 최근 연구에서 0.5% BTX가 개 단측 PACG에서 반대편 눈의 녹내장을 지연시키는 능력을 보였지만 용량에 따른 자세한 방지 효과는 알려져 있지 않습니다.[ 7 ].\n도르졸라미드(DRZ) 염산염은 IOP를 낮추는 데 널리 사용됩니다[ 14 ]. 섬모 과정에서 탄산탈수효소 동효소 II의 억제는 수액 분비를 최대 50%까지 감소시키며, 이에 따라 IOP가 감소합니다[ 5 , 15 ]. 따라서 DRZ는 급성 녹내장 위기 조절 및 환자의 장기적인 IOP 조절에 사용될 뿐만 아니라 녹내장 방지에도 사용될 수 있습니다[ 5 ].\n이 연구는 개 PACG 환자의 동측 눈에 대한 BTX와 DRZ의 효과를 파악하고 방지적 녹내장 치료의 예후를 결정하기 위해 진행되었습니다. 또한 이 연구는 첫 번째 치료가 실패한 후 두 번째 국소 방지적 녹내장 약물로 변경했을 때 녹내장 방지 기간을 연장할 수 있는지 확인하는 것을 목표로 했습니다.\n이동 : \n재료 및 방법\n이 후향적 연구는 2016년 1월에서 2021년 6월 사이에 제시된 개 PACG의 데이터를 기반으로 했습니다. 첫 번째 눈에 PACG가 발생하고 다른 눈에 방지적 치료를 받은 환자의 임상 데이터를 검토했습니다. 수의 안과 의사는 안과 검사와 임상병력을 검토한 후 PACG를 확인했습니다.\n모든 개는 리바운드 안압계(TonoVet; Icare Finland Oy, Finland), 간접 검안경(Vantage Indirect Ophthalmoscope; Keeler, UK), 슬릿램프 생체현미경(SL-D7; Topcon Corp., Japan)을 포함한 완전한 안과 검사를 받았습니다. PACG 판단은 임상 병력과 좁거나 감겨 있거나 PLD가 있는 정상 혈압의 다른 눈의 비정상적인 ICA를 기반으로 했습니다. 한쪽 눈에서 PACG가 확인되면 다른 눈을 고니오스코피(Volk Optical, USA)와 UBM(50MHz 변환기, MD-320W; MEDA, China)으로 검사했습니다. 개방각 또는 이차성 녹내장으로 판단받은 환자는 이 연구에서 제외했습니다. 또한, 안구내 수술의 병력이 있는 환자, 중등도에서 중증의 포도막염, 성숙/과숙 백내장 및 방수 유출에 영향을 줄 수 있는 기타 안구내 감염이 있는 환자는 제외하였다[ 5 , 16 ].\n6개월 이상의 추적 관찰 기간을 가진 환자을 중심으로 한 임상 데이터가 확인되었습니다. 예방적 치료를 위해 모든 환자에게 0.5% BTX(Betoptic; Al con Laboratories Inc., USA)를 하루 두 번 적용했습니다. BTX가 IOP를 조절하지 못한 후, BTX를 하루 두 번 2% DRZ(Trusopt Santen Pharmaceutical, Japan)로 변경하여 방지적 투약 기간을 연장했습니다.\n이 연구에서는 모든 IOP를 각 방문 시 진단했으며, 환자 기준은 정기적인 재검사를 통해 마지막 방문까지 IOP, 시력 및 녹내장의 의료적 징후를 유지하는 것을 기준으로 했습니다. BTX 치료 실패는 IOP가 20mmHg 이상이고 안저경 검사에서 망막/시신경 원반 손상이 보이지 않고 정상 혈압의 IOP를 유지하기 위해 국소 방지 약물을 변경한 경우(BTX에서 DRZ로)로 정의했습니다. DRZ 치료법 실패는 망막 및 시신경 원반에 이상이 있거나 없는 통제되지 않는 IOP(>20mmHg) 및 녹내장과 관련된 기타 안과적 이상(각막 부종, 산동, 상강막 주입 및 안구 돌출증)으로 정의했습니다 이에 대한 주요 항목이 논의된다.\n각 환자에게서 수집한 임상 데이터에는 성별, 품종, 나이, 첫 번째 눈 녹내장이 발생한 날짜, 반대쪽 눈에서 치료법이 실패한 날짜(BTX 또는 DRZ 치료법 실패), 그 후 녹내장 예후 (이러한 약물의 부작용이 포함되었습니다)에 대한 주요 항목이 논의된다.\n통계 평가은 Statistical Package for Social Sciences ver. 26.0 for Windows(IBM Corp., USA)를 사용하여 수행했습니다. Kaplan-Meier 방법과 Breslow and Mantel-Cox 검정을 사용하여 충분한 수의 환자가 있는 품종 간의 생존 곡선을 비교했습니다. 다중 선형 회귀 평가에서 부분 회귀 계수를 사용하여 종속 변수에서 얼마나 많은 변화를 기대할 수 있는지 보여주었습니다. R2 값은 설명 변수를 나타냅니다.\n이동 : \n결과\n총 60마리의 개 60개 눈을 연구했는데, 38/60(63.3%)의 암컷(10마리는 온전하고 28마리는 중성화)과 22/60(36.7%)의 수컷(2마리는 온전하고 20마리는 중성화)으로 구성되었다. 개들의 중간 연령은 10세(범위, 5-16세)였습니다. 오른쪽 눈(n = 28, 46.7%)과 왼쪽 눈(n = 32, 53.3%)은 거의 동일하게 영향을 받았습니다.\n이 연구에는 11종의 개 품종이 포함되었습니다. 시추(n = 26/60, 43.3%)가 가장 흔한 품종이었고, 그 다음으로 아메리칸 코커스파니엘(n = 18/60, 30.0%), 말티즈(n = 6/60, 10.0%), 기타 품종(n = 10/60, 16.7%) 순이었습니다.\n표 1.\n원발각 폐쇄성 녹내장을 가진 개들의 품종 분포\n새끼를 낳다\t환자 수 \t베탁솔롤 치료 실패\t도르졸라미드 치료 실패\n시추\t26(43.3) *\n12 (20.0)\t8 (13.3)\n아메리칸 코커 스패니얼\t18 (30.0)\t9 (15.0)\t8 (13.3)\n몰티즈\t6 (10.0)\t5 (8.3)\t1 (1.7)\n혼합\t2 (3.3)\t1 (1.7)\t1 (1.7)\n시바 이누\t2 (3.3)\t1 (1.7)\t1 (1.7)\n진도\t1 (1.7)\t1 (1.7)\t1 (1.7)\n포메라니안\t1 (1.7)\t1 (1.7)\t1 (1.7)\n사모예드\t1 (1.7)\t1 (1.7)\t0 (0)\n프렌치불독\t1 (1.7)\t1 (1.7)\t0 (0)\n라브라도 리트리버\t1 (1.7)\t0 (0)\t0 (0)\n푸들\t1 (1.7)\t0 (0)\t0 (0)\n총\t60 (100.0)\t32(53.3)\t21 (35.0)\n* 개 수 (%).\n \n영어: 28/60개의 동료 눈(46.7%)은 정상적인 IOP를 가지고 있었고 B TX 주입 동안 정기적으로 검사를 받았습니다. 그러나 32/60개의 동료 눈(53.3%)은 첫 번째 녹내장 발병으로부터 510일(범위, 53-1,927)의 높은 IOP 중앙값을 보였습니다. 눈이 높은 IOP를 보였기 때문에 BTX를 DRZ로 변경하여 방지 기간을 연장했습니다. 안압 상승에 따른 시신경 손상(6%)은 DRZ 주입 동안 높은 IOP를 나타내었고(범위, 157-2,270), 나머지 11/32개의 동료 눈(34.4%)은 마지막 방문까지 정상적인 IOP를 유지했습니다.\n방지 약물 변화에 따른 환자 분포를 보여주는 그래픽 흐름도. BTX, 베탁솔롤; IOP, 안압; DRZ, 도르졸라미드.\n모든 DRZ 실패 21개 눈은 녹내장으로 판단되었고, 높은 IOP/시력 장애가 있었으며 추가적인 항녹내장 약물(프로스타글란딘 유사 점안액; 0.005% 라타노프로스트 또는 0.03% 비마토프로스트)을 투여받았습니다. 이 21개 눈 중 추가적인 국소 항녹내장 약물로 IOP를 조절할 수 없는 16개 눈은 시력을 잃었고, 시도포비르 화학적 절제술을 통한 구제 수술을 받았습니다. 1개 눈은 시력은 여전히 확인되었지만, 국소 항녹내장 약물로 IOP를 조절할 수 없었기 때문에 고니오 이식을 시행했습니다. 다른 4개 눈은 여전히 시력 장애가 있었지만, 국소 항녹내장 약물로 IOP를 조절했습니다.\n표 2.\n모든 예방 약물 실패 후 치료\n치료\t숫자(품종)\n인양 절차\t16(ST, 8; ACS, 5; 혼합, 1; Mal, 1; Pome, 1)\n고니오플랜테이션\t1(ACS, 1)\n국소 약물을 사용한 정상 혈압 IOP\t4(진도 1, ACS 2, S 1)\n총\t21\nST, 시츄; ACS, 아메리칸 코커스파니엘; 말, 몰티즈; 포메, 포메라니안; 진도, 진돗개; S, 사모예드.\n \nBTX 치료법이 실패한 경우는 시츄가 12마리로 가장 많았고, 그 다음으로 아메리칸 코커스파니엘이 9마리로 뒤를 이었습니다 이에 대한 주요 항목이 논의된다. 시츄와 아메리칸 코커스파니엘 8마리가 DRZ 치료법 실패로 진행되었습니다. 안압 상승에 따른 시신경 손상.6±686.7; 범위 53~2,342일; 녹내장 발병까지의 중앙값 시간을 중심으로 한 95% 신뢰 구간[CI] 1,287.7~2,011.0일). 영어을(를) 실시한다 American Cocker Spaniels는 첫 번째 눈에서 PACG가 시작된 후 중앙값 512일에서 두 번째 눈에 녹내장이 발생했습니다(평균, 715.6 ± 596.3; 범위, 63~2,270일; 95% CI, 722.0~1,595.2일). Shih-Tzu에서 첫 번째 눈에서 두 번째 눈까지의 발달 기간이 American Cocker Spaniel보다 길었지만 Shih- Tzu와 American Cocker Spaniel의 생존 곡선 사이에는 유의미한 차이가 없었습니다(Mantel-Cox, p = 0.17).\n44마리의 개(시추[ST], 26마리; 아메리칸 코커 스 패니얼[ACS], 18마리)의 원발성 폐쇄각 녹내장에서 0.5% 베탁솔롤을 하루 두 번 두 번째 눈에 투여 한 품종별로 비교한 카플란-마이어 생존 곡선입니다. 두 품종 간에 유의미한 차이는 없습니다( p =0.94). +: 정상 안구 내압/시력 동료 눈의 마지막 방문.\n0.5% 베탁솔롤 치료법 실패 후 2% 도르졸라마이드로 하루 두 번 두 번째 눈을 치료법한 품종별로 비교한 카플란-마이어 생존 곡선, 44마리의 개(시추[ST], 26마리; 아메리칸 코커 스패니얼[ACS], 18마리)의 원발성 폐쇄각 녹내장에 대한 주요 항목이 논의된다. 두 품종 간에 통계적으로 유의미한 차이는 없습니다( p =0.17). +: 정상 안압/시력 동료 눈의 마지막 방문.\n다중 선형 회귀 평가에서 녹내장으로 진행된 개 21마리의 임상정보를 평가하였다. 이 평가은 성별, 품종, 연령, 방지적 치료 기간, 다른 안과 감염의 존재를 포함하여 방지적 치료를 받는 환자에서 녹내장 발생과 높은 상관관계를 갖는 요인을 결정하기 위해 진행되었다. 다중 선형 회귀 평가에서 녹내장 방지 약물을 시작할 때, 방지적 약물 치료 날짜는 연령과 관련이 있는 것으로 확인되었다( p =0.006, R2 =0.334). 방지적 약물을 시작하는 나이가 1년 증가할 때마다 치료 기간은 112일씩 감소하였다[방지적 약물 치료 날짜(일) = 1,882-112 × 연령(년)]. 다른 요인(품종, 성별, 건성각결막염[KCS])은 녹내장이 있는 눈의 치료법 기간에 영향을 미치지 않았다에 대한 주요 항목이 논의된다.\n표 3.\n녹내장 방지치료기간과 연령, 품종, 성별, 각결막염 건성안과의 연관성 평가\n요인\tp- 값\n나이\t0.006\n새끼를 낳다\t0.609\n섹스\t0.276\n각결막염 건성\t0.402\n \n이동 : \n논의\n녹내장은 많은 안과 감염의 궁극적인 공통 경로를 나타내는 복잡한 신경퇴행성 감염입니다[ 3 ]. 병리학적으로 높은 IOP가 우선적인 위험 요인으로 간주되기는 하지만, 질병 발병 전에는 다른 많은 요인들도 중요합니다[ 3 ]. 역행성 축삭 수송은 후속적인 망막 신경절 세포 사멸 및 신경 영양인자 결핍과 같은 강막 격자의 변화에 의해 감소합니다[ 17 ]. 저산소성 허혈성 신경 손상은 안구 관류 압력을 초과하는 높은 IOP로 인해 발생하며, 이로 인해 시신경과 망막으로의 혈류가 감소합니다[ 18 ]. 이 상태는 아미노산 흥분 독성, 반응성 산소종의 축적 및 형성에 따른 비정상적인 유전자 발현으로 IOP를 낮춰 추가 재관류 손상을 방지하더라도 망막과 시신경에 추가 손상을 일으킵니다[ 19-21 ]. 녹내장의 이러한 특징은 방지적 항녹내장 약물의 필요성을 뒷받침합니다. 이전 연구에 따르면 방지적 항녹내장 치료 없이 PACG 환자의 상당수가 대측 눈에 녹내장을 발병하는 것으로 나타났습니다. 안압 상승에 따른 시신경 손상. 많은 연구에서 방지적 국소 적용이 정상 혈압을 가진 반대편 눈에서 녹내장 발병을 지연시킬 수 있다고 제안했습니다[ 7 , 8 ].\n선택적 베타 차단제인 BTX는 정상 혈압의 개 눈에서 IOP를 감소시킵니다[ 13 ]. 그러나 유일한 국소 약물인 베타 차단제 점안액은 약하고 개의 녹내장 치료을 중심으로 한 특정 제한이 있습니다[ 5 ]. 그러나 BTX는 개의 녹내장 방지에 역할을 할 수 있습니다[ 5 , 7 ]. 안압 상승에 따른 시신경 손상. 여러 특정 방지 약물에 대한 이전 연구에서는 PACG가 있는 개의 두 번째 눈에서 IOP 상승을 지연시키는 데 2% DRZ 염산염, 1% 브린졸라마이드 또는 2% DRZ 염산염과 0.5% 티몰롤의 조합의 효과를 연구했습니다. 안압 상승에 따른 시신경 손상.7개월 동안 나타났다는 것을 보여주었습니다[ 23 ].\n영어을 실시한다 원발성 녹내장에 따른 품종 분포를 조사하기 위해 수행한 이전 연구에서는 아메리칸 코커 스패니얼과 차우차우가 가장 소인이 있는 품종임이 확인되었습니다[ 24 ]. 그러나 PACG 환자만 포함한 현재 연구에서는 아메리칸 코커 스패니얼과 시츄가 가장 소인 이 있는 품종이었습니다. 이는 시간이 지남에 따라 선호하는 품종이 바뀌었기 때문일 수 있었습니다. 이전 연구와 유사하게 아메리칸 코커 스패니얼은 본 연구에서 두 번째로 인기 있는 품종(31.7%)이었습니다[ 7 , 8 , 23-25 ] . 그러나 이 연구에서 시츄가 가장 많이 대표된 품종이었습니다. 다른 연구와 마찬가지로 이 연 구에서는 PACG가 암컷(63.3%)에서 수컷보다 더 자주 판단되었습니다[ 23 , 26 ]. 이 연구에서 대부분의 환자는 이전 연구와 마찬가지로 중 년에서 노령의 개(중앙값 10년)였습니다[ 3 , 5 ].\n이 연구에서는 모든 환자가 녹내장에 대한 방지적 치료를 받았기 때문에 대조군이 없었습니다. 이 연구에서 방지적 치료를 받은 환자의 반대쪽 눈에서 녹내장이 발병하는 중앙값 시간은 이전 연구의 대조군(중앙값 8.0개월)보다 길었습니다(20.3개월)[ 7 ]. 같은 연구의 방지적 치료군과 비교했을 때, 이 연구의 결과는 더 짧았습니다(중앙값 30.7개월)[ 7 ]. 이러한 결과의 차이는 품종 분포의 차 이 때문이라고 생각되었습니다[ 27 ]. BTX 치료 실패 후, DRZ로 방지적 치료 기간을 연장했지만, 대부분의 BTX 실패 환자(n=21, 65.6%)에서 녹내장이 발생했습니다. 또한, DRZ 실패 눈에서는 대부분의 환자(17/21)에서 추가적인 항녹내장 약물을 투여해도 IOP가 더 이상 조절되지 않았습니다. 따라서 DRZ 주입 중 IOP 상승을 확인한 후 프로스타글란딘을 처방한 경우 두 번째 눈에서 IOP 수치에 미치는 영향을 모니터링하고 이에 따라 수술 계획을 고려해야 합니다[ 28 ]. 60마리의 개 중 28마리(46.7%)는 BTX 주입만으로 안정적인 IOP를 유지했습니다. BTX 치료에 실패한 32마리의 개 중 방지 약물을 DRZ로 변경했을 때 11/32마리(34.3%)에서 마지막 방문까지 n-IOP가 유지되었습니다. DRZ 치료에 실패한 21마리의 개 중 4마리(19.0%)에서 IOP는 추가 항녹내장 약물로 조절되었습니다. 이전 연구에서 방지 약물을 투여받은 PACG 개의 50%가 정상 혈압 IOP를 유지했습니다[ 23 ]. 하지만 이번 연구에서는 개의 65%가 방지 약물을 유지했습니다. 이번 연구에서 성공률 증가는 기존 연구[ 23 ]보다 높았는데, 이는 DRZ의 항녹내장 효과가 BTX보다 강하기 때문에 방지 약물을 BTX에서 DRZ로 변경한 데 따른 것으로 생각되었다.\n안압 상승에 따른 시신경 손상. 안압 상승에 따른 시신경 손상. 그러나 다양한 종과 더 많은 환자를 대상 으로 비교하지 않았다는 한계가 있었습니다.\n다중 선형 회귀 평가를 통해 방지적 약물 투여 기간이 연령 증가에 따라 감소하는 것을 확인했습니다. 이러한 결과는 ICA와 CC가 PACG 환자에서 점진적으로 좁아지기 때문에 연령에 영향을 받는 것으로 생각되었습니다[ 5 ]. 최근 후향적 연구에서도 환자 연령이 수술 후 녹내장 발생률에 직접 비례한다고 보고했습니다[ 29 , 30 ]. 이러한 결과는 첫 번째 눈에서 PACG를 확인한 후 두 번째 눈에 방지적 녹내장 약물을 즉시 투여해야 한다는 다른 연구 결과를 뒷받침합니다[ 1 , 5 , 7 , 8 , 23 , 26 ].\nBTX 주입 중에 KCS로 판단되었거나 KCS와 동등한 치료가 필요한 눈은 36개였습니다. 이전 연구에서 데이터 평가 중에 BTX 치료 그룹의 개에서 비교적 높은 KCS 발생률이 기록되었습니다[ 7 ]. 이 연구에 포함된 개들의 평균 연령 이 나이가 많았을 뿐만 아니라(10.1±3.3세) 대부분의 환자가 특정 품종(아메리칸 코커 스패니얼, 시추)이었고, 이러한 품종은 이전 연구에서 KCS 소인 품종으로 보고되었습니다[ 31 , 32 ]. 또한 대조군이 없었으므로 다른 효과의 존재를 배제할 수 없었습니다. 그러나 이 연구에서 BTX 주입 기간과 KCS 발생 사이에는 연관성이 관찰되지 않았습니다( p =0.38).\n이 후향적 연구의 한계점은 표본 크기가 작고 대조군이 없다는 점이었습니다. 또한 특정 품종의 선호도 때문에 품종별로 비교하기 어려웠습니다. 이로 인해 항녹내장 약물 투여 유형과 빈도 간의 차이를 평가하거나 항녹내장 치료가 약물 실패의 중간 시간을 연장했는지 여부를 평가할 수 없었습니다. 두 번째 눈에서 IOP 스파이크를 확인했을 때 전방 안방의 포도막염 사례는 제외되었는데, 이는 결과에 영향을 미쳤을 수 있습니다[ 3-35 ]. 개 PACG 의 발병 을 지연 또는 방지하기 위해 국소 항녹내장 약물을 사용하는 것을 조사하려면 더 큰 표본 크기를 가진 추가 대조 연구가 필요할 것입니다.\n결론적으로, 첫 번째 눈에 PACG가 있는 환자에서 BTX를 DRZ에 주입한 후 중간값 610일 후에 두 번째 눈에 녹내장이 발생했습니다. 이 연구에서 BTX를 사용한 후 DRZ를 사용한 것은 다른 눈의 녹내장 발생에 대한 방지 효과가 충분하지 않았습니다. 따라서 두 번째 눈의 시력을 유지하려면 수술적 개입이나 치료법적 프로스타글란딘 유사체 주입이 필요해야 합니다. 또한 두 번째 눈의 방지적 녹내장 약물의 지속 기간은 나이가 들면서 감소했습니다. 따라서 첫 번째 눈에서 PACG가 감지되는 즉시 두 번째 눈에 대한 즉각적인 방지 약물을 투여하는 것이 중요합니다.\n"}
