{"title": "소동물 주요 질환의 임상추론과 감별진단", "author": "현창백 내과아카데미 역", "publisher": "(주)범문에듀케이션", "department": "내과", "disease": "\n\n황달 증례의 임상적 추론\n황달 증례에 대한 임상적 분석\n7\n황달 증례의 임상적 추론\n황달 증례에 대한 임상적 분석\n임상 증례\n황달\nV는 4살의 중성화한 수컷 프렌치 불독으로 7일 동안 무감각증(apathy), 식욕저하, 구토 증상을 보였으며 지난 24시간 동안 황달 소견이 관찰되었다. 보호자는 6개월 전부터 V가 점진적인 체중 감소와 식욕저하를 보였다고 덧붙였다. 최근 약물 복용, 독소에 대한 노출과 백신 접종 이력(보통 정기적인 접종을 함에도 불구하고)은 없는 것으로 확인되었다. 환자는 최근 생활 반경을 벗어나는 여행이나 벼룩 등에 대한 노출 이력도 없다. 신체검사에서도 약간의 황달 증상을 보이는 분홍빛 점막을 제외하고는 특별한 변화는 확인되지 않았다.\n사례에 적용되는 추론 방법\n\n\n확보된 정보를 바탕으로 다음 2단계의 임상적 추론을 진행한다:\n1. 환자의 문제를 파악한다\n2. 문제의 우선순위를 설정한다\n환자는 지난 7일 동안 식욕부진, 무감각증, 구토, 황달 및 만성적인 체중 감소를 보이고 있다.\n식욕감소/식욕부진, 점진적인 체중 감소, 무감각증으로 시작되어 구토로 이어지고 결국 황달 증상까지 보이는 해당 환자의 경우, 만성적인 질병의 진행을 염두에 두고 임상적 특징을 조사하는 것이 타당해 보인다. 감별진단 목록에서 가장 중요한 임상 증상 또는 소견은 황달이 될 것이다. 구토 또한 중요한 증상이지만 황달과 연관되어 있거나 속발적으로 발생할 수 있으므로 우선 고려 항목에서는 제외할 수 있다.\n\n\n이 전제를 가지고 다음과 같은 두 가지 임상적 추론을 진행하여보자.\n3. 환자의 문제를 체계적으로 조직화한다.\n4. 진단 계획을 상황에 맞게 수립한다.\n황달은 빌리루빈 축적으로 인한 혈관 내 빌리루빈 수치 증가, 즉 고빌리루빈혈증 때문에 노랗게 변한 피부, 점막 및 공막이 특징이다. 일반적으로, 혈중 빌리루빈 수치는 2 mg/dl 이상일 때만 임상적으로 확인 가능하다. 다시 말해, 일부 환자에서 황달 증상 없이 고빌리루빈혈증 소견을 보일 수 있다는 것을 의미한다.\n빌리루빈 대사\n빌리루빈은 적혈구 혈색소에서 주로 발견되는 heme의 분해과정에서 볼 수 있는 최종산물이거나 heme group을 포함하는 근색소 또는 간 효소에서 의해서도 생성될 수 있다. 오래되거나 손상된 적혈구는 단핵구성 대식세포 시스템(비장, 간, 골수) 내에서 제거되는데 혈색소는 대식세포 내에서 철과 heme group으로 분해된다. 대식세포는 재사용을 위해 철을 저장하고 heme group은 biliverdin으로 변환시켜 비포합형 빌리루빈(간접 빌리루빈)을 만들어낸다. 비포합형 빌리루빈은 비수용성으로 신장에서 여과되지 않고 세뇨관에서의 제거 또한 이루어지지 않는다.\n개들은 빌리루빈과 부분적으로 접합할 수 있는 신장 효소를 가지고 있어서 오줌 중으로 빌리루빈을 배출시킬 수 있으므로 대부분의 개들은 낮은 농도의 빌리루빈뇨를 배설한다. \n담낭의 담즙 배출과 저장과정을 거친 포합형 빌리루빈은 십이지장으로 배출되어 장내 세균에 의해 stercobilin을 포함한 일련의 분변 색소로 대사되어 분변을 갈색으로 띄게 한다. 포합 빌리루빈은 동시에 장간 순환에 의해 재흡수되거나 혈액으로 유입되어 신장에서 제거된다. 담도 배설 단계에서 빌리루빈의 분해 속도가 조절되며, 빌리루빈 배설에 대한 과도한 수요가 있을 때 처음으로 과부하된다.\n황달은 그 자체로 질병이라기보다는 기저질환에 의해 발생하는 임상 증상이다. 따라서 임상의는 논리적인 임상 진단 접근을 위해 앞서 설명한 빌리루빈 대사에 대해 좀 더 숙지할 필요가 있다.\n앞에서 설명한 것과 같이 황달 증상을 유발하는 고빌리루빈혈증은 기본적으로 다음과 같은 세 가지 기전에 의해 발생할 수 있다:\n간의 대사, 배설 능력을 초과하는 빌리루빈 생산. 이를 간전성 황달이라고 하며 중등도 또는 심한 용혈과 관련이 있다\n간성 황달일 경우, 간세포는 빌리루빈을 대사, 포합, 배설할 수 없다.\n담도계의 폐색(내강 또는 외강의)이나 파열로 인하여 포합 빌리루빈을 소화계로 이동시킬 수 없을 경우를 간후성 황달이라고 한다.\n따라서 황달 증상이 있는 환자에게 접근할 때는 문제의 원인이 무엇일지 스스로 고민해보는 것이 매우 중요하다. 환자가 용혈을 보이는가? 간성 또는 간후성 황달인가?\n이 질문에 답을 얻기 위한 첫 번째 단계는 기본적으로 혈구 계수를 위한 혈액과 요 샘플을 채취하는 것이다. 중등도에서 심한 재생성 빈혈 소견(세망 적혈구의 증가, 재생 징후[망상 적혈구, 다염성 적혈구, 구상 적혈구, 적혈구 부동증의 증가] 또는 적혈구 자가응집)은 간전성 황달의 문제를 확인하는 데 유용하다. 이 상황에서 황달은 원발성(면역매개성), 속발성 여부에 관계없이 용혈성 빈혈에 의해 발생한 것일 수 있지만 임상의는 다른 용혈의 원인(바베시아 감염, 양파 중독, 선천성 효소 변형, 미세 혈관 병증 등) 또한 고려해야 한다.\n간전성 황달이 있는 동물은 창백한 점막과 피로, 빈맥, 빈호흡, 우울과 같은 빈혈 증상을 보이는 경향이 있다. 이 증상들은 빈혈 정도에 따라 다르게 나타난다.\n간성 및 간후성 황달의 경우 진단이 가장 어렵다. 하지만 간성 황달은 간질환의 최종 단계에서 발생하는 경향이 있으며 환자는 그 이전에 간 기능장애와 관련된 전신적 임상 증상을 보이는데 이는 간 기능장애가 진행되는 속도에 따라 다르다. 하지만 간후성 황달을 가지고 있는 동물은 폐색이 발생하기 전까지는 임상 증상이 거의 나타나지 않는다.\n간성 황달의 가장 흔한 원인은 다음과 같다:\n담관간염\n감염(leishmaniasis, leptospirosis 등)\n종양(특히 림프종)\nV의 경우, 체중 감소는 확실히 만성적인 질병의 진행 과정과 관련이 있다. 빈맥, 빈호흡 또는 창백한 점막(V의 점막은 분홍색이며 약간의 황달 소견을 보인다)과 같은 빈혈로 인한 증상이 없다는 것은 간전성 황달이 아니라는 것을 보여준다. 더욱이 환자의 의료 기록 검토를 통해 약물, 최근 예방 접종, 독소, 그리고 감염성 요인(특히 용혈과 관련된 병원체)의 영향을 배제할 수 있다. 구토와 점진적인 체중 감소 또한 V의 황달 증상의 원인이 간성, 간후성 또는 두 가지 모두에 해당함을 암시한다. 표 1은 초기 감별진단 목록을 보여준다.\n이 환자에서는 황달이 간전성이 아니라는 임상적 소견을 확인해야 하므로 CBC 검사가 필요하다(표 2). 포괄적인 혈청 생화학 검사(표 3)를 통해 간 상태에 대한 확인이 필요하다. 모든 황달의 경우, 담즙산의 증가가 관찰되므로 담즙산의 검출은 진단 초기 단계에서 감별에 큰 도움이 되지 않는다. 권장되는 다른 검사로는 혈청을 통한 Leishmania 검사, Leptospira 검사, 응고계 검사 및 영상진단 검사가 있다.\n이 시점에서 임상의는 종양 가능성을 배제하지 않았으므로 복부 초음파 검사가 선행되어야겠지만 흉부 X-ray 촬영 또한 고려할 수 있다.\n\n\n결과를 어떻게 해석해야 하는가?\nCBC 검사에서 경미한 적혈구증가증이 확인되었고 이는 혈액 농축에 인한 상대적인 변화인 것으로 보인다. 백혈구 수에는 변화가 없었지만 혈소판감소증(45×103/μl)이 두드러졌다. 도말 검사에서 응집된 혈소판이 나타났는데, 이는 검사 결과가 실제 수치보다 더 낮을 수 있음을 나타낸다. 그러나 전혈 응고 시간은 혈소판이 소비되고 환자가 보상반응으로 파종성 혈관내 응고(DIC) 소견을 보이고 있음을 의미했다.\n혈청생화학 검사 결과, 빌리루빈과 간 효소가 크게 증가하였는데 간 손상 지표(ALT) 및 담즙 정체 지표(ALP 및 GGT) 또한 높게 나타났다. ALP/GGT의 주목할 만한 증가와 약간의 ALT 증가는 주로 담관 폐색과 관련된 문제를 의심하게 하는 소견이다. 간 손상이 있을 때 올라가는 ALT의 상승과 이러한 효소들의 이상 소견은 간세포의 파괴, 간경화와 같은 매우 만성적인 간의 변화나 림프종, 비만세포종 등 침윤성 질환을 암시한다. 저콜레스테롤혈증은 콜레스테롤을 생산하는 간의 기능 문제로 인해 발생할 수 있다. 나트륨과 염소 이온의 미약한 변화는 환자의 수화 상태와 이차적인 위장관 질환과 관련 있다. 다른 모든 지표는 정상 범위에 속하고 있으며 Leishmania와 Leptospira의 혈청 검사 결과는 음성이었다.\n복부 초음파에서는 간의 명확한 에코 변화는 없었지만 간종대 징후가 확인되었다. 담낭 침전물과 함께 담낭벽의 부종/염증, 약간 확장된 담관, 간 주위 림프선종대가 관찰되며 나머지 복부 부분은 정상적이었다. 초음파 소견은 담관간염 가능성을 나타낸다. 폐색을 나타내는 증거는 없지만 담관에 영향을 미치고 담즙 정체를 일으키는 염증/감염 가능성을 배제하기에는 아직 이르다. 흉부 X-ray에서는 특별한 이상 소견은 없었다.\nV의 문제는 이제껏 시행된 검사 결과를 토대로 볼 때 심각했다. 환자는 초음파상으로 확인되지 않는 간담도계 문제 및 국소 림프선종대의 확산으로 매우 심각한 상황인 파종성 혈관내 응고(DIC) 증상을 가지고 있는 것으로 보인다. 이 모든 소견들은 황달이 간의 문제에서 비롯되었다는 것을 의미하며 초기 평가 시 우리가 생각했던 것보다 문제가 심각하다는 것을 암시한다.\n감별진단을 통해 문제의 원인이 간임을 확인한 다음, 다음 단계로 초음파-유도 미세바늘 흡인 또는 생검을 통해 간 샘플을 채취하고 세포학 및 배양 검사용 담즙을 채취해야 한다. 응고 시간의 변화를 고려하면, 이러한 검사를 안전하게 진행하기 위해서 검사 전에 간 문제를 가지고 있는 동물에게 신선한 혈장의 수혈과 비타민 K 보충이 필요할 수 있다. V의 보호자 동의하에 수혈과 진정 후 세포학 검사를 위한 샘플 채취가 시도되었다.\n세포학적 분석 결과 간세포의 비-지질성 퇴행성 변화, 경미한 담즙정체, 다수의 림프아세포를 확인할 수 있었다. 세포학적 특징은 간의 림프종을 시사하고 있다.\n이 환자를 포함한 대부분의 간 질환 증례에서 간 생검이나 세포학 샘플 없이는 확정적인 진단에 도달할 수 없다. 때때로 세포학적 검사는 초기 감별진단을 위한 검사 방법으로만 쓰이며 초음파-유도 또는 복강경을 통한 생검, 심지어 탐색적 개복술이 필요할 수도 있다.\n최종 치료 계획과 경과\n간 림프종은 불량한 예후를 암시하며 V의 경우, 파종성 혈관내 응고증후군까지 의심되는 상황으로 치료가 매우 어렵다. 지속적으로 환자를 안정시키고 CHOP chemotherapy protocol (Madison-Wisconsin protocol)에 따른 치료 시작을 권유하였으나 V의 상태가 급속히 악화되어 보호자들은 안락사를 선택했다. 부검 결과 간의 T세포 림프종이 확인되었다.\n간의 고립형 림프종이 존재할 수 있을까?\n림프종은 개에서 모든 종양의 24%에 이른다. 다발성(multicentric) 림프종이 가장 흔하며 모든 림프종 중 80%를 차지한다. 이 유형은 간, 비장 또는 골수뿐만 아니라 하나 이상의 말초 림프절에 영향을 줄 수 있다. 그러나 림프종은 V의 사례와 같이 간 또는 비강 및 비뇨기 같은 고립된 위치에서도 나타날 수도 있다. 이와 같은 림프종에 대한 연구 자료는 부족한 상황이다.\n다발성 림프종이 간에 영향을 미칠 수 있다면, 간에서 유래하는 림프종과는 어떻게 구별할 수 있을까?\n대부분의 다발성 림프종은 하나 이상의 말초 림프절에 영향을 미치면서 연이어, 또는 동시에 간 또는 비장에도 영향을 준다. 때로는 말초 림프선종대증의 소견이 없으며, 이러한 경우 원발 발생 부위가 해당 장기에 있다고 볼 수 있다. 간은 다능성 세포(pluripotent cell)를 보유하고 있는 조혈 기관이므로 백혈병의 원인이 될 수 있다.\n개에서 보통 어떤 표현형이 간에 영향을 끼칠까?\nT-세포 림프종은 간에서 발생하는 가장 대표적인 유형이며 atypical marker들에 양성을 보이는 경향이 있다. World Health Organization (WHO)은 최근 간 림프종의 두 가지 형태[간세포성/간비장성(hepatosplenic) T-세포 림프종]를 인정하였다. 이 두 림프종은 서로 다른 임상적 경과를 보이는 것으로 믿고 있다. 간비장성 림프종은 간 및 비장 혈관(sinusoid)에서의 림프구를 특징으로 하는 반면 간세포성 림프종에서는 림프구가 일반적으로 간세포삭(hepatic cord) 또한 침범한다.\n영상학적 진단으로 간 림프종을 식별하는 것이 쉬운가?\n일부 초음파 및 CT 촬영 연구에 따르면 비장 림프종은 장기의 변화를 암시하는 초음파 변화를 일으키는 경향이 있지만 간 림프종의 경우 특별한 변화를 관찰하기가 어렵기 때문에 림프종을 배제하거나 진단하기 위해서는 항상 세포학적 분석이 필요하다.\n다발성 림프종과 간 림프종은 같은 예후를 보일까?\n한 연구에서 원발성 간 림프종 환자의 항암제 치료에 대한 반응을 평가하였는데 다발성 림프종 환자의 경우, 평균 생존기간은 63일로 더 불량한 예후를 나타냈다. 해당 연구의 저자들은 저알부민혈증 또는 고빌리루빈혈증과 치료에 대한 불완전한 반응이 있는 환자가 더 나쁜 예후를 보였다고 보고하고 있다. 간-비장성 림프종을 가진 동물들의 예후는 그보다 더 나빴다.\nCienava, E.A., Barnhart, K.F., Brown, R., et al. Morphologic, immunohistochemical, and molecular characterization of hepatosplenic T-cell lymphoma in a dog. Vet Clin Pathol, 2004; 33(2):105–110.\n\n\n황달의 진단 알고리즘\n면역매개성\nHCT 30% 이하\n또는 재생성 빈혈\n용혈의 원인을 배제\n간전성\n감염성\n(기생충 포함)\n가능한 외과적 치료\n황달 또는 높은 빌리루빈 수치\n유래?\n독성\n간성\n간 효소치 상승\n진단 영상 검사\n종양성\n간세포 검사 +/– 생검\n폐색성\n간후성\n대사성\n\n개의 간 림프종에 대한 간단 리뷰\n\n"}