{
    "title": "수의사와 보호자가 함께 보는 반려동물 아틀라스 시리즈- 기생충 질병",
    "author": "윤희정 감수",
    "publisher": "(주)범문에듀케이션",
    "department": "내과",
    "disease": "\n삽화 7\n와포자충 _Cryptosporidium\n작은와포자충, 개와포자충, 고양이와포자충\n_C. parvum, C. canis, C. felis\n 사람 위험요소\n인수공통전염병\n작은 와포자충(더 흔하다)\n개와포자충과 고양이와포자충(드물다)\n아이들, 면역이 억압된 사람들, 동물들과 일하는 사람들에게 더 위험하다\n다른 가능한 숙주(사람과 작은 포유류)\n\n\n2\n난포낭\nOocyst\n난포낭의 섭취\n\n\n수일에서 수개월\n분변-구강 전파\n(음식/물의 오염)\n 동물 위험요소\n면역이 억압된 동물들에서 가장 병원성이 크다\n숙주 H.\n개와 고양이\nDog and cat\n\n2\n\n2~10일\n 기생충 관리 수단\n좋은 위생관리를 실천하라.\n- 처리되고 정화된 물만 마셔라.\n- 날 음식과 채소를 완전하게 씻고 소독해라.\n농장관리를 철저히 하라.\n동물들에게 깨끗한 물과 음식을 제공하라.\n\n난포낭(4개의 자유 포자소체)\nOocyst (four free sporozoites)\n\n분변\nFeces\n1\n감염형\n(포자소체를 가진 난포낭)\n\n작은 창자\nSmall intestine\n무성생식주기\n유성생식주기\n포자소체\nSporozoites\n와포자충 감염 _Cryptosporidia infection\n감염성 난포낭\nInfective oocyst\n설사\n분열소체\nMerozoites\n분열체 유형 1\nMeront type I\n분열체 유형 2\nMeront type II\n포자소체와 함께 자가감염\n(만성 감염)\n생식모세포\nGamonts\n보통 혈변이 아니다. 숙주의 면역 상태에 달려있다.\n와포자충\n얇은 벽을 가진(박막형, thin-walled) 난포낭\n소형생식모세포\nMicrogametocytes\n두꺼운 벽을 가진(후막형, thick-walled) 난포낭\n대형생식모세포\nMacrogamonts\n감염성 난포낭\nInfective oocyst\n\n1\n삽화 8\n톡소플라즈마 _Toxoplasma\n톡소포자충 _T. gondii\n 사람 위험요소\n인수공통전염병\n사람들은 직접적인 접촉과 날고기, 날 야채를 먹거나 오염된 물을 마심으로 인해 감염될 수 있다. 태반이동이 발생할 수 있다.\n높은 감염 위험\n혈청반응이 음성인 임산부\n면역 억압성 질병을 가진 사람들\n면역 억압성 치료를 받은 사람들\n혈청검사(톡소포자충에 대한 항체의 존재)에서 양성 반응을 보인 임산부는 전형적으로 질병에 면역이 되고 임신기간 동안 태아에 전염병을 전파하지 않을 것이다.\n분변에 포자형성되지 않은 난포낭\n\n종숙주(고양이 유일) 장-상피 발육 주기\n2\n\n분열소체\nMerozoites\n3\n생식모세포\nGamonts\n4\n소형생식세포\nMicrogamete\n대형생식세포\nMacrogamete\n\n 동물 위험요소\n이 기생충은 태반감염을 통해 더 높은 병원성을 일으킬 수 있다.\n\n포자형성된 난포낭\n(감염형)\n육식동물들이 감염된 동물을 먹으면\n3~10일 안에 감염이 이루어진다.\n\n분변\nFeces\n\n 기생충 관리 수단\n\n좋은 위생 관리 수단을 실천하라(물, 음식, 리터 용기, 정원)\n면역 억압 치료 전의 환자와 임산부에서 혈청검사를 하라.\n임신하거나 면역이 억압된 경우 날 혹은 덜 조리된 고기(양, 돼지와 닭)를 먹지 마라.\n애완동물에게 날고기를 먹이지 마라.\n\n반려동물의 분변검사\n톡소플라즈마 감염 _Toxoplasma infection\n\n외부-장 발육 주기(모든 온혈 척추동물: 포유류와 조류)\n감수성이 있는 모든 온혈동물\n빠른분열소체는 다양한 조직(대뇌, 눈, 간, 허파, 근육, 태반)에 침입하여 증식하며 세포사와 세포괴사를 일으킨다.\n\n\n10\n톡소플라즈마\n~3주\n포자소체\nSporozoites\n빠른분열소체\nTachyzoites\n8\n숙주 조직에서 이 기생충은 수년 동안 잠복할 수 있는 포낭(느린분열소체를 가진)을 형성한다.\n9\n\n종숙주 D. H.\n개와 코요테\nDog and coyote\n삽화 9\n네오스포라 _Neospora\n네오포자충 _N. caninum\n 사람 위험요소\n없음\n빠른분열소체/느린분열소체\n감염된 조직에 대한 손상은 때때로 임상증상으로 이어질 수 있다 .\n감염된 조직을 섭취\n 동물 위험요소\n소의 경우, 임신한 소에게 감염은 유산을 초래하고, 소에서 송아지로 전파될 수 있고, 세대를 걸쳐 새끼들의 생존 능력에 영향을 줄 수 있다.\n개의 경우, 어미에서 강아지로 태반이동은 심각한 임상증상에 이를 수 있다.\n\n작은 창자 세포\nSmall intestine cells\n수개월에서 수년\n~5일\n중간 숙주\nI. H.\n5\n3일 이내\n분변에서 낭포낭이\n감염성을 갖음\n난포낭은 5~17일 동안 배설된다(shed).\n난포낭을 섭취\n6\n 기생충 관리 수단\n개들에게 날고기, 내장 혹은 태반을 먹이지 마라.\n개에게 혈청검사와 분변 검사를 실시하라.\n양성 동물 잔여물과 유산의 충분한 제거\n\n\n\n포자형성된 난포낭\n(감염형)\n포자형성되지 않은 난포낭\n분변\nFeces\n\n\n강아지에서 네오스포라 감염 _Neospora infection in puppies\n임상증상 _Clinical signs\n(감염된 기관에 따라 다양)\n뒷다리에서 마비로 진행되는 부전마비\n연하곤란, 아래턱뼈 마비, 근력 약화/ 근육 위축과 심장 기능 상실\n선천성 감염을 가진 개는 가장 심하게 영향을 받는다.\n네오스포라\n\n삽화 10\nCystoisospora, Besnoitia, Hammondia\nCystoisospora spp., 소피부포자충 _B. besnoiti, H. hammondi\n 사람 위험요소\n없음\n종숙주 D. H.\n개와 고양이\nDog and cat\n빠른분열소체와 느린분열소체\n구포자충 아강\n감염 조직 섭취\n\n\n 기생충 관리 수단\n환경 오염을 덜기 위해 위생 관리를 잘해라.\n분변검사\n임상증상을 막기 위해서 어린 동물들에게 항콕시듐제제로 치료하라.\n4\n\n작은 창자와 큰창자 세포\n무성생식과 유성생식은 종숙주에서\n일어난다.\n중간숙주 장과 조직\n수개월에서 수년\n\n감염성을 갖기까지\n분변에서 3일 이내\n7\n5~6일\n섭취\nIngestion\n8\n1\n\n\n2\n\n감염성 난포낭\nInfective oocyst\n비감염성 난포낭\nNon-infective oocyst\n\n분변\nFeces\n\n 사람 위험요소\n인간들은 특유의 근육포자충(Sarcocystis) 종에 의해 감염된다.\n근육포자충 _Sarcocystis\n근육포자충 _Sarcocystis spp.\n분열소체는 가로무늬근의 세포들에 침입하고 포낭(느린분열소체)을 형성한다.\n종숙주 D. H.\n개와 고양이\nDog and cat\n감염된 조직 섭취\n\n5\n 기생충 관리 수단\n좋은 위생관리를 실천하라(환경적인 조절 수단)\n분변검사\n임상증상을 피하기 위해서 어린 동물들에게 항콕시듐제제로 치료하라.\n\n느린분열소체\nBradyzoites\n4\n종숙주 작은 창자 세포\n\n생식모세포\nGametocytes\n6\n무성생식은 장간막동맥과 모세혈관 내부에서 일어난다.\n수 주에서 수개월\n9~10일\n7\n구포자충 아강\n\n임상증상 _Clinical signs\n다량의 수양성 설사\n구토와 복통\n탈수와 체중감소\n감소된 식욕\n\n오직 유성생식만이 종숙주에서 일어난다.\n\n섭취\nIngestion\n\n중간숙주\nI. H.\n감염성 난포낭\nInfective oocyst\n분변\nFeces\n2\n\n진드기의 내장세포 내에서 생식\n난소전파\nTransovarial transmission\n\n3\n생식모세포\nGamont\n삽화 11\n바베스열원충 _Babesia\n바베스열원충 _Babesia spp.\n 사람 위험요소\n쥐바베스열원충, 분기바베스열원충, 그리고 소바베스열원충은 사람에게 감염을 시키는 것으로 알려져 있다. 진단이 개선될수록, 다른 종들도 사람에게 감염을 시킬 수 있는 것으로 판별될 가능성이 있다.\n진드기 유충\nTick larvae\n\n운동접합체(kinete)는 침샘으로 이행하고 감염성 포자소체로 발달한다.\n\n\n접합체\nZygote\n진드기 종은\n바베스열원충종에 따라 다양하다.\n운동접합체\nKinete\n진드기가 흡혈 시 감염\n 동물 위험요소\n라임병, 주혈원충증, 범안열원충, 에를리키아, 리케차와 같은 다른 진드기 매개 감염은 바베스열원충 감염과 연관되어 있을 수 있다.\n우울, 신경성 식욕 부진, 빈혈, 그리고 지라비대\n\n\n종숙주 진드기\nD. H. Tick\n진드기가 감염된 혈액 섭취\n중간숙주 I. H.\n척추동물 숙주\nVertebrate host\n\n바베스열원충 감염\n_Babesia infection\n7~14일\n 기생충 관리 수단\n살충제로 진드기 구충\n진드기 회피/환경적 관리\n혈청검사와 관리\n아픈 동물들 관리\n감염된 동물들과 감염되지 않은 동물들의 접촉을 허락하지 말고, 제한해라.\n\n증식, 파열시키고 다른 적혈구를 감염시킨다.\n포자소체는 숙주의 적혈구를 뚫고 들어간다.\n범안열원충 _Theileria\n범안열원충 _Theileria spp.\n1, 2번을 제외하면 범안열원충의 생활사는 바베스열원충의 생활사와 매우 유사하다.\n1. 포유동물에서 림프구에 침입한다.\n2. 진드기에서 경란전파가 없음\n침샘에서 무성생식으로 증식\n\n 동물 위험요소\n면역-매개 상태, 혈소판 감소증, 빈혈과 콩팥 기능 상실과 연관된 범안열원충(Theileria spp) 감염의 최근의 PCR 확인. 그러므로 범안열원충(Theileria)은 복합감염에서 복잡한 요인이 될 뿐 아니라 단일감염을 일으킬 가능성이 있다.\n이 기생충은 진드기 내장세포에 대량 서식하고 그곳에서 유성생식을 한다.\n\n\n5\n\n진드기 종은 범안열원충 종에 따라 다양하다.\n종숙주\n진드기\nD. H. Tick\n\n수 주에서 수개월\n진드기가 흡혈 시 감염\n진드기가 감염된 혈액 섭취\n중간숙주 I. H.\n척추동물 숙주\nVertebrate host\n바베스열원충/범안열원충\n 기생충 관리 수단\n살충제로 진드기 구충\n아픈 동물들을 관리하라.\n진드기 회피/환경적 관리\n3\n\n수일에서 수 주\n적혈구 내에서 이열열원충(piroplasm)으로 발달한다.\n범안열원충 감염\n_Theileria infection\n1\n\n\n\n\n포자소체는 림프구에 감염되어 분열소체로 가득 찬 분열체를 형성한다. 이 감염은 림프구가 분열과 증식을 겪도록 유도한다.\n2\n\n분열소체는 무성생식을 하여 새로운 적혈구에 침입한다.\n분열체는 분열소체를 방출하며 파열되고, 분열소체는 적혈구에 침입한다.\n분열소체\nMerozoite\n분열체를 가진 림프구 \n이 기생충은 진드기 장세포에 대량 서식하고 유성생식을 한다.\n3\n삽화 12\nCytauxzoon 속\nCytauxzoon felis\n종숙주\nDermacentor variabilis\nAmblyomma americanum\n 사람 위험요소\n없음\n\n\n진드기 침샘\nTick salivary glands\n4\n진드기가 감염된 혈액 섭취\n적혈구 내의 이열열원충(piroplasm)\n진드기가 흡혈 시 감염\n 동물 위험요소\n반려묘의 가장 치명적인 질병\n반려묘는 종말숙주로 간주된다.\n보브캣은 보유/종숙주\n전신 혈전증의 좋지 않은 예후\n\n\n중간숙주 I. H.\n척추동물 숙주\nVertebrate host\n\n\n2\n 기생충 관리 수단\n살충제로 진드기 구충\n진드기 회피 수단\n1\n포자소체는 숙주의 대식세포를 감염시키고 분열소체를 갖는 분열체로 발달한다.\n\n분열소체\nMerozoites\n포자소체\nSporozoite\n(분열체를 갖는)대식세포\n\nCytauxzoon 감염 _Cytauxzoon infection\n임상증상 _Clinical signs\n반려묘에서\n빈혈\n황달,탈수\n종종 사망\n\n현미경적 감별진단\nCytauxzoon\n범안열원충(Theileria)\n원형 혹은 고리모양의 개체 혹은 독립된 생물체\n크기: 1~2 μm\nCytauxzoon\n고리모양 또는 C모양\n크기: 1~2 μm\n담청색 세포질과 암적색의 핵\n바베스열원충(Babesia)\n서양배모양. 크기: 4~5 μm\n적혈구 내에서 쌍을 이룸\n\n\n\n\n"
}