{"title": "수의사와 보호자가 함께 보는 반려동물 아틀라스 시리즈- 기생충 질병", "author": "윤희정 감수", "publisher": "(주)범문에듀케이션", "department": "내과", "disease": "\n\n삽화 28\n요충 _Threadworm\n분선충 _Strongyloides stercolaris\n 사람 위험요소\n인수공통전염병\n감염은 더 오랫동안(연장된 기간 동안) 혹은 일생에 걸쳐 지속할 수 있다.\n감염은 증상이 없을 수 있지만 몇몇의 경우에는 질병이나 죽음으로 진행될 수 있다.\n감염의 위험은 면역이 억압된 사람들에게 더 높게 나타난다.\n자유생활세대\n막대유충\nRhabditiform larva\n간접생활사\nIndirect cycle\n충란\nEgg\n\n감염성\n사상유충\n성충은 발육하고,\n짝짓기하여 충란을 낳는다.\n새로운 자유생활 세대: 유충이 성충으로 발육한다.\n막대유충은 감염성 사상유충이 된다.\n\n\n감염성 유충은 멀쩡한 피부를 뚫는다.\n 동물 위험요소 감염은 신생, 치료받는 강아지, 그리고 면역이 억압된 동물에게만 중요하다.\n면역이 억압된 동물들은 보통 자가감염에 시달린다.\n사람들은 자연감염숙주이고 전형적으로 개감염의 원인이 되며 개가 사람 감염의 원이 되지는 않는다.\n직접생활사\ndirect cYcle\n\n\n환경\nEnvironmental\n막대유충\nRhabditiform larva\n\n동물/사람\nAnimal/Human\n종숙주 D. H.\n개, 고양이와 사람\nDog, cat and human\n모유 전파\nlactogenic transmission\n\n유충은 젖을 통해 강아지들을 감염시킨다.\n내부자가감염\nInternal autoinfection\n분변\nFeces\n\n\n유충은 다시 장벽을 통해 항문 주위 피부로 뚫고 들어간다.\n\n감염성 사상유충\n 기생충 관리 수단\n잠자는 공간에서 짚, 톱밥, 모래를 피해라.\n구충제로 치료 좋은 위생 관리를 실천하라.\n기생세대 유충은 혈류로 들어가 허파, 허파꽈리와 기관에 이행한다. 최종적으로 유충들은 삼켜지고 오직 암컷 성충만 작은창자에서 성장한다.\n\n막대유충\nRhabditiform larva\n\n암컷 성충은 발육된충란을 생산한다.\n발육된 충란\nEmbryonated egg\n\n성충(암컷 유일)\nAdult\n(Female only)\n\n\n분선충 감염 _Strongyloides infection\n감염은 피부를 뚫는 유충 또는 내부 자가감염에 의해 모유 전파(lactogenic transmission)로 강아지에게 전파된다.\n임상증상 _Clinical signs\n기관지폐렴\n심각한 수양성 점액성 설사(바이러스 감염과 혼동될 수 있다)\n출혈과 극미한 출혈로 생긴 작은 자줏빛 반점들(점상출혈)이 강아지의 허파에서 관찰될 수 있다.\n막대유충의 진화\n일부 막대유충은 몸을 떠나기 전에 사상유충이 되어 내부 자가감염이 일어날 수 있다.\n다른 막대유충은 몸을 떠나 두 가지 방법 중 하나로 환경에서 성장한다: 직접생활사 또는 간접생활사\n요충\n 사람 위험요소\n특히 허파의 경우, 이행과 증상이 없는 육아종 형성의 가능성\n필라리아자충은 1기 유충으로 발육한 후 2기 유충으로 탈피하고 다시 한 번 탈피하여 감염성 3기 유충이 된다.\n\n\n삽화 29\n심장사상충 _Heartworm\n개심장사상충 _Dirofilaria immitis\n중간숙주(모기-숲모기, 집모기, 그리고 다른 많은 중간숙주들)\n개 심장사상충인 Dirofilaria immitis는 전 세계 개에서 이환율과 사망률을 높이는 흔한 원인입니다. 일반적으로 개(애완용 및 야생)가 최종 숙주 역할을 하며, 대부분의 개는 명백한 임상 증상 없이 또는 기침과 같은 경미한 증상만 보이면 이 기생충을 보유하게 된다. 그러나 일부 개에서는 심장사상충 감염(HWI)이 심각한 임상 증상을 유발할 수 있습니다. 질병의 중증도를 결정하는 요인으로는 상대적인 기생충 부담, 감염 기간, 운동량, 기생충에 대한 개체의 반응 등이 있다. 나이, 지역, 예방 병력, 방사선 사진 소견을 통해 감염 기간과 부담을 추정할 수 있지만 반려견의 경우 이러한 요인을 확실하게 정량화하는 것은 불가능하다. 기생충 부담이 반드시 폐혈관 저항과 상관관계가 있는 것은 아니지만, 간헐적인 기침 이상의 임상 징후를 보이는 대부분의 반려견은 만성적이거나 심한 감염을 앓고 있을 가능성이 높다. 임상 증상으로는 운동 과민증, 잦은 기침, 객혈, 빈호흡, 호흡곤란, 실신 등이 있을 수 있습니다. 심한 경우 심장사상충-폐혈전색전증, 심부전, 공동 증후군 또는 사망이 발생할 수 있습니다. 이러한 합병증의 위험은 질병이 진행됨에 따라 증가하므로 심장사상충증에 걸린 반려견은 조기 진단과 치료가 필수적이다. 심장사상충에 감염된 개의 근본적인 임상 증상의 병리 생리학적 계단식은 직접적인 폐 내피 손상, 근막 증식, 폐쇄성 내막염, 혈관 수축 매개체의 증가, 폐 고혈압으로 이어지는 혈전증 및 혈전색전증이다.  폐 고혈압은 심장의 오른쪽에 압력 부하를 가하여 우심실 기능 장애, 부정맥 및 우측 심부전을 초래할 수 있다. 폐 고혈압은 또한 원위 폐동맥에서 더 근위 폐동맥과 심장으로 기생충의 이동을 촉진하여 다계통 공동 증후군을 일으킬 수 있다. 미세사상충 및 성체 심장사상충의 사멸과 항원 방출은 폐실질과 같은 폐동맥에서 멀리 떨어진 부위에서도 손상을 일으켜 폐렴, 사구체에서 항원-항체 복합체가 막증식성 사구체신염을 유발하는 사구체염을 유발하기도 한다.\n\n\n모기는 개를 물고 3기 유충은 혈액 한 방울로 피부 표면에 축적된다(deposite)\n모기가 필라리아자충을 포함한 혈액을 먹는다.\n(전유충기)\n\n 동물 위험요소 감염은 연중 지속되는 풍토지역에서 전파될 수 있다.\n개심장사상충 감염은 개에게 잠재적으로 치명적이다.\n개심장사상충의 유충이 허파동맥에 도달할 때마다 영구적으로 혈관과 허파에 손상이 일어난다.\n감염이 된 후 첫 6~7개월 동안, 미세사상충은 혈액에서 발견될 수 없고 항원 검사는 일관적으로 작용하지 않는다.\n혈액 속 필라리아자충\nMicrofilariae in blood\n10~14일\n\n\n\n종숙주 D. H.\n개\nDog\n6~7개월 충체잠복기\n암컷 기생충은 필라리아자충을 생산하고 필라리아자충은 혈류를 통해 순환 한다.\n\n\n\n 기생충 관리 수단\n예방 치료는 일찍 시작해야 하며 지속되어야 한다.\n매년 검사는 규정준수를 보장하기 위해 항원검사와 미세사상충검사 둘 다 이용하여 실행되어야 한다.\n면역력이 예방/치료에 있어 역할을 하므로 개의 건강한 상태를 유지하라.\n모기 관리/회피 프로그램이 풍토지역에 도입되어야 한다.\n\n3기 유충은 모기로부터 물린 상처를 통해 피부로 이행한다.\n3기 유충은 3일 안에 4기 유충으로 발육한다. 4기 유충은 47~67일 후 조직으로 이행하고 자라고 허파 동맥에 도달한다. 기생충들은 필라리아자충들을 생산하기 전 4~5개월 이상 동안 계속 발육하고 자란다.\n성충은 허파 동맥(pulmonary arterial tree)에 산다\n(암컷-25~31 cm, 수컷- 12~20 cm 길이).\n\n감염성 3기 유충\nInfective L3 larvae\n우팔머리정맥\nRight brachiocephalic vein\n우심방귀\nRight auricle\n우심실\nRight ventricle\nDirofilaria 감염, 즉 심장사상충 질환의 사례\n흔히 개심장사상충이라고 불리지만 개심장사상충 성충은 주로 허파에 있는 허파 동맥(pulmonary arterial tree)에 산다. 오직 그 수가 너무 많은 경우 또는 개가 작은 경우에만 기생충들이 지속적으로 허파 동맥에서 심장으로 옮겨갈 것이다. 기생충들은 종종 개의 죽음 이후에도 살아있고 보통 사후에 허파의 동맥에서 심장으로 이동한다.\n임상증상 _Clinical signs\n허파 혈관 손상과 결과적인 허파 손상\n기침과 호흡곤란\n운동불내성\n허파 고혈압\n심장기능상실\n대정맥의 폐쇄, 허탈과 죽음을 일으킬 수 있는 심각한 감염\n팔머리동맥줄기\nBrachiocephalic trunk\n전대정맥\nCranial vena cava\n허파(중엽)\nLung (middle lobe)\n허파(후엽)\nLung (caudal lobe)\n허파(전엽)\nLung (cranial lobe)\n\n오른쪽\n심장사상충\n왼쪽\n허파동맥줄기\nPulmonary trunk\n좌심방귀\nLeft auricle\n좌빗장밑동맥\nLeft subclavian artery\n좌심실\nLeft ventricle\n가슴대동맥\nThoracic aorta\n허파(전엽)\nLung (cranial lobe)\n대동맥활\nAortic arch\n좌팔머리정맥\nLeft brachiocephalic vein\n허파(후엽)\nLung (caudal lobe)\n기관\nTrachea\n삽화 30\n심장사상충 _Heartworm\n개심장사상충 _Dirofilaria immitis\n\n 사람 위험요소\n모기 물림과 연관되어 있다.\n필라리아자충은 1기 유충으로 발육한 후 2기 유충으로 탈피하고 다시 한 번 탈피하여 감염성 3기 유충이 된다.\n감염성 3기 유충\n(모기의 입 부위로 이행한다)\n\n\n모기는 필라리아자충(전유충기)을 포함하는 혈액을 먹음으로써 감염된다. 감염된 개로부터 감염되는 것이 가장 가능성이 높다.\n유충\nLarva\nDirofilaria 감염, 즉 심장사상충 질환의 사례\n개심장사상충의 고양이 감염의 특징\n기생충의 성충 형태는 거의 고양이의 심장에서 발견되지 않는다.\n성충은 주로 고양이에서 필라리아자충을 생산하지 않거나 아주 조금만 생산한다.\n고양이는 잠복기(patent infection) 없이 허파로의 유충 이행으로 인한 심각한 임상증상을 보일 수 있다.\n개심장사상충에 감염된 고양이에서 일어나는 호흡기 질병은 HARD(개심장사상충 관련 호흡기 질병)라고 불린다.\n성충용 살충제는 고양이에서 가능하지 않다.\n허파에서 기생충(유충 또는 성충)의 죽음은 고양이에서 심각한 호흡기 임상증상의 원인이다.\n성충의 수술적 제거는 좋은 옵션(선택)이 될 수 있다.\n전대정맥\nCranial vena cava\n허파(중엽)\nLung (middle lobe)\n허파(후엽)\nLung (caudal lobe)\n허파(전엽)\nLung (cranial lobe)\n우심실\nRight ventricle\n우심방귀\nRight auricle\n오른쪽\n\n심장사상충\n왼쪽\n허파동맥줄기\nPulmonary trunk\n좌심방귀\nLeft auricle\n좌심실\nLeft ventricle\n가슴대동맥\nThoracic aorta\n허파(전엽)\nLung (cranial lobe)\n대동맥활\nAortic arch\n허파(후엽)\nLung (caudal lobe)\n기관\nTrachea\n\n필라리아자충은 1기 유충으로 발육한 후 2기 유충으로 탈피하고 다시 한 번 탈피하여 감염성 3기 유충이 된다.\n중간숙주(모기)\nI. H. (mosquito)\n삽화 31\n피하 사상충 _Subcutaneous filarial worm\nDirofilaria repens\n 사람 위험요소\n인수공통전염병\n사람의 경우, 기생충은 결막(눈을 덮고있는 막) 혹은 몸 전체의 피하 결절에서 자주 발견된다.\n성충은 피부의 림프 공간과 혈액에 머무르는 필라리아자충(1기 유충)을 생산한다. 개심장사상충의 필라리아자충과 사이즈, 외형이 비슷하다.\n\n\n2기, 3기 유충\nL2 and L3 larvae\n필라리아자충\n(1기 유충)\nMicrofilaria (L1)\n\n모기는 물고 필라리아자충이 있는 혈액을 먹는다.\n\n10-16일\n\n\n종숙주 D. H.\n개와 사람\nDog and human\n\n 기생충 관리 수단\n물림을 방지하기 위해 모기 방충제를 사용하라.\n혈액에서 필라리아자충의 감지\n개심장사상충 유충에 대한 감별진단이 이루어져야 한다.\n피하조직에 있는 성충\nAdults in subcutaneous tissue\n\n3\n6~9개월\n모기는 물고 유충(3기 유충)은 상처를 뚫고 피하조직에 도달한다.\n\n\n성충은 결절을 형성하고 피하조직과 또한 다리의 힘줄 사이와 림프절에 위치할 수 있다.\n\n감염성 유충(3기 유충)\nInfective larva (L3)\n4기, 5기 유충\nL4 and L5 larvae\n유충은 4기, 5기 유충으로 탈피하고 성충이 된다.\nDirofilaria repens 감염\n_Dirofilaria repens infection\n임상증상 _Clinical signs\n대부분의 감염은 증상이 없다.\n통증이 없고 차가운 결절이 피부 표면을 촉진하면서 발견된다. 이 결절들은 또한 부드럽고 유동성이 있다.\n심각한 감염 또는 기생충이 죽는 경우 가려운 피부염을 일으킬 수 있다.\n\n피하 사상충\n\n중간숙주(흡혈성 매개체)\nI. H. (haematophagous vectors)\n삽화 32\n다른 사상충 _Other filarial worms\nAcanthocheilonema (Dipetalonema) reconditum\nAcanthocheilonema (Dipetalonema) dracunculoides\n 사람 위험요소\n없음\n\n\n2기, 3기 유충\nL2 and L3 larvae\n중간숙주는 물고 타액은 감염성 3기 유충을 접종한다.\n중간숙주는 물고 필라리아자충이 있는 혈액을 먹는다.\n\n7~14일\n 동물 위험요소 성충은 감염을 식별하게 해주는 어떠한 임상 증상도 나타내지 않는다.\n치료를 선택하기 전 적절한 식별(개심장사상충과 구별)이 보장되어야 한다.\n필라리아자충(1기유충)\nMicrofilaria (L1)\n\n성충은 피하조직이나 콩팥에 위치한다(A.reconditum). 그러나 또한 아래와 같이 이동한다:\n} 아칸토케일로네마 용선충\n(A. dracunculoides): 배안\n} 아칸토케일로네마 reconditum:\n콩팥주위와 팔다리와 등의 피하조직\n\n\n종숙주 D. H.\n개\nDog\n2-3달\n 기생충 관리 수단\n적절한 살충제와 구충제로 치료\n혈액에서 미세사상충의 감지와 적절한 식별\n\n\n성충은 혈액에서 순환하는 필라리아자충을 생산한다.\n감염성 유충(3기 유충)\nInfective larva (L3)\n성충\n아칸토케일로네마 감염 _Acanthocheilonema infection\n아칸토케일로네마 종의 필라리아자충과 개심장사상충의 필라리아자충과의 차이점\n아칸토케일로네마. 필라리아자충\n} 몸통이 얇다.\n} 꼬리가 고리처럼 휘는 경향이 있다.\n} 몸의 직경이 일정하다[앞 말단이 가늘어지지 않는다(taper 결여)].\n} 머리의 고리가 더 눈에 잘 띄며 분리되어있다.\n} 만약 운동성이 있다면, 조절되지 않은 움직임(개심장사상충)보다는 대각선으로 움직인다(move accross slide).\n중간숙주: 흡혈 매개체\n\nA. dracunculoides\n파리\n이파리\n\n\n진드기\n개진드기(Rhipicephalus sanguineus)\n\nA. reconditum\n벼룩\n고양이벼룩\n다른 사상충이\nHeterodoxus spiniger\n\n\n운반숙주\n\nP. H. (lizards, chickens, mice)\n 사람 위험요소\n없음\n감염성 3기 유충은 운반숙주의 내장에서 다시 자충낭을 형성한다.\n삽화 33\n선미선충과(식도 기생충)\n_Spiruridae (esophageal worms)\n개식도충 _Spirocerca lupi\n중간숙주는 운반숙주에게 먹힌다.\n딱정벌레 안에서 감염성 3기 유충으로 발육하고 자충낭을 형성한다.\n종숙주는 감염성 3기 유충을 가진 운반숙주 또는 딱정벌레를 먹는다.\n\n1-2달\n중간숙주(쇠똥구리)\nI. H. (dung beetle)\n\n\n종숙주 D. H.\n개, 여우, 늑대, 자칼, 코요테와 야생 고양이과\n(보브캣, 눈표범과 스라소니)\nDog, fox, wolf, jackal, coyote and wild felidae\n(bobcats, snow leopards and lynx)\n 기생충 관리 수단\n개에게 도살된 닭의 날 내장을 먹이지 마라.\n개가 사냥을 하게 하지 마라.\n적절한 위생 관리 수단(분변제거와 적절한 처리)\n적절한 분변검사\n구충제로 치료\n중간숙주가 충란을 먹는다.\n충란은 적절한 딱정벌레가 충란을 먹을 때까지 부화하지 않는다.\n\n5~6개월\n\n\n분변\nFeces\n\n\n유충은 위벽을 뚫고 동맥을 따라 중식도로 이행한다. 그들은 식도의 벽을 따라 이행하고 더 얇은 벽에서 결절을 형성하고 성충으로 발육한다.\n발육된 충란\nEmbryonated egg\n성충\n(식도 육아종 속)\nAdults\n(in esophagus granuloma)\n\n성충이 있는 식도 벽의\n섬유성 결절\n개식도충 감염 _Spirocerca lupi infection\n 개식도충 감염은 개과 동물에서 주로 발생하는 질병으로, 선충에 의해 발생한다.\n개식도충 감염은 전형적인 임상 증상은 역류, 구토, 호흡 곤란이다. 수명 주기에는 중간 숙주(공생 딱정벌레)와 다양한 기생 숙주가 포함된다.\n유충은 숙주의 위 점막을 관통하여 특정 이동 경로를 따라 이동하며,\n동맥을 따라 이동하고 흉부 대동맥에서 성숙하여 결국에는 식도를 통해 이동한다. 여기서 이 기생충은 결절에 서식하며 유충으로 변한 알을 전달한다.\n황산아연 대변 부유를 사용하여 검출할 수 있습니다. 조직학적으로 성숙한 식도 결절은 대부분 활발하게 분열하는 섬유아세포로 구성됩니다.\n스피로세르카 루피 관련 식도 육종이 발생할 수 있으며 대동맥에 손상을 입히고 대동맥류가 발생할 수 있습니다. 스피로세르균증의 병리학적 병변은 척추의 척추염이다.\n흉추의 척추염이다. 일차 방사선 병변에는 일반적으로 식도 종괴가 포함된다.\n말단 식도, 척추염 및 대동맥 경계의 기복이 있습니다. 조영제 방사선 촬영과 컴퓨터 단층 촬영은 유용한 추가 검사법이다.\n식도 내시경 검사는 방사선 촬영보다 진단 민감도가 더 높습니다. 내시경 생검은 종양 변형을 감지하는 데 민감하지 않습니다. Doramectin 은 현재 선택되는 약물로, 성충을 효과적으로 죽이고 알을 낳는 것을 감소시킵니다.\n감염의 조기 진단은 여전히 어려운 과제이며, 현재까지 이상적인 예방을 위한 이상적인 요법은 아직 발표되지 않았다.\n\n회충의 수명 주기에는 중간 숙주 및 기생 숙주가 포함됩니다. 성충은 식도벽의 결절 내에 감겨 있습니다. 유충이 포함된 S. lupi 알은\n이 포함된 알은 식도에서 위장관을 통해 대변으로 배출되거나 구토물로 배출될 수 있습니다. 다양한 종류의 공생 딱정벌레가 중간 숙주 역할을 합니다.\n중간 숙주 역할을 합니다. 알은 중간 숙주에 의해 섭취되고 유충은 조직 내에서 알을 품고 조직 내에서 2개월 이내에 감염성으로 발전합니다. 딱정벌레는 최종 숙주(개) 또는 기생 숙주에 의해 섭취됩니다.기생충에서 숙주에서 세 번째 단계의 유충은 숙주 조직 내에서 다시 부화하여 나타납니다.\n작은 흰색 결절로 나타납니다. 분포 기생충 숙주 내 L3의 분포는 종에 따라 다릅니다. \n최종 숙주는 감염된 딱정벌레 또는 기생 숙주를 섭취함으로써 감염됩니다.\n기생충 숙주는 육식동물에게 감염될 가능성이 더 높습니다(Sharpilo, 1983).\nL3 낭충은 섭취 후 2시간 이내에 위 점막에 침투합니다,\n점막의 점상 출혈과 미란으로 입증됩니다 (Hu and Hoeppli, 1936). 24-48 시간 이내에 위 혈청 표면에 도달하여 다시 다음과 같은 결과가 발생합니다.\n출혈과 염증이 발생합니다. 유충은 위 및 위식도 동맥의 벽 내에서 이동하며, 4일째부터 출혈성 병변이 나타납니다. 숙주는 꼬리 흉부 대동맥에 도달하며, 부화 후 약 10일이 지나고 7~10일째부터 109일째까지 그곳에 머물면서 L4까지 성장합니다. 이후 감염 후 약 3개월이 지나면 최종 탈피 후 미성숙 상태로 이동합니다.\n성체, 꼬리 흉부 대동맥에서 꼬리 식도까지 이동합니다.\n93-227 일까지. 여기서 그들은 식도의 점막하층과 돌기의 결절에 서식합니다.\n식도 위장관 이외의 숙주 부위에 이식된 유충조차도 위장관 이외의 숙주 부위에 이식된 유충도 결국 대동맥이나 식도에서 발견됩니다.\n수컷 및 암컷 웜은 감염 후 60일이 지나면 구분할 수 있습니다. \n성충을 포함하는 식도 결절은 3-9개월까지 존재합니다.\n 성충은 큰 나선형 분홍색 벌레로 수컷은 최대 54mm, 암컷은 최대 80mm 길이입니다. 암컷은 점막에 구멍을 뚫어 식도 내강에 구멍을 뚫고 알을 통과시킨 다음 점막하층이나 근육층으로 다시 이동하여 완료합니다.\n발달 (Bailey, 1972). 결국 벌레 주위에 결절이 생깁니다. 성충은 성충은 최대 2년 동안 식도에 남아있을 수 있으며 암컷은 하루에 최대 3백만 개의 알을 낳을 수 있습니다. 최대 알 생산량은 다음 사이에 나타나는 것으로 보입니다.\n감염 후 140일에서 205일 사이에 대변 그램당 최대 2100개의 알을 낳습니다.\n\n육아종은 기생충이 자라면서 더 커진다. 육아종은 기관과 대동맥에 압박을 주며, 호흡곤란과 연하곤란을 일으키는 식도 폐색을 유발한다.\n증식성, 종양성 조직은 기생충 감염의 결과로 발생할 수 있다.\n선미선충과\n삽화 34\n안충과(안충) _Thelaziidae (eyeworms)\n동양안충, 칼리포니아안충 _Thelazia callipaeda, T. californiensis\n 사람 위험요소\n인수공통전염병\n파리[잡초파리(초파리과)일 가능성이 가장 높다]는 동양안충을 사람에게 전파한다.\n가벼운 결막염이지만, 치료되지 않은 상태로 방치된다면, 심각한 안구 병변으로 진행될 수 있다.\n감염성 3기 유충은 중간숙주의 입 부분으로 이행한다.\n감염성 3기 유충\nInfective L3 larvae\n유충은 파리에 감염되고 2기 유충으로 발육한 후 감염성 3기 유충으로 발육한다.\n\n감염성 3기 유충은 파리가 눈물 분비물을 먹을 때 입에 존재한다.\n중간숙주(초파리과, 집파리)\nI. H. (Drosophilidae, fly-Musca)\n\n\n15-30일\n종숙주 D. H.\n개와 고양이\nDog and cat\n\n중간숙주가 1기 유충을 먹는다.\n 기생충 관리 수단\n구충제로 치료: 국부와/혹은 전신\n안구 치료\n예방: 매개체 조절과 곤충 기피제 사용\n\n1개월\n눈물 분비에서 얇은 막이 1기 유충을 감싼다.\n\n\n눈의 결막주머니에서 유충은 두 번 탈피하고 성충으로 발육한다.\n\n눈에 있는 성충\nAdults in the eye\n\n\n감염은 보통 증상이 없지만 종종 진행하는 안구염증을 유발한다\n안충, 일반적으로 결막염을 유발하는데 이것은 눈물 증가로 이어지며, 더 많은 파리들이 모여들게 한다. 기생충의 생활사에서 볼 수 있는 전형적인 패턴은 그들의 생존을 더 확실히 보장한다. 감염과 재감염을 나타내는 많은 생활 단계는 한 파리철에 한 마리의 개에게 흔히 나타난다.\n안충 감염 _Thelazia spp. infection\n\n안충과\n\n삽화 35\n포익충과(위충)\n_Physalopteroidae (stomach worms)\nPhysaloptera spp.\n운반숙주(파충류, 양서류)\nP. H. (reptiles, amphibian)\n 사람 위험요소\n있다. Physaloptera는 드물게 사람에게 감염될 수 있다.\n자충낭을 형성하고/\n캡슐에 넣어진 감염성 유충\n(3기 유충)\n운반숙주가 중간숙주를 먹는다.\n1기 유충은 중간숙주에서 감염성 3기 유충으로 발육한다.\n\n종숙주가 감염성 유충을 먹은 중간숙주 또는 운반숙주를 먹는다.\n\n감염성을 갖기까지 21~30일\n\n중간숙주(분식갑충, 귀뚜라미, 그리고 다른 곤충들)\n종숙주 D. H.\n개와 고양이\nDog and cat\n 기생충 관리 수단\n구충제로 치료\n좋은 위생 관리를 실천하라.\n딱정벌레와 귀뚜라미의 수를 조절하라.\n\n분변\nFeces\n중간숙주는 충란을 먹는다.\n131~156일\n\n\n위에서 충란은 부화하고 유충은 성충으로 발육한다.\n충란과 유충(1기 유충)\nEgg and larva (L1)\n성충은 분변을 통해 배설되는 1기 유충을 가진 충란을 낳는다.\n성충\nAdult\n\n\n\nPhysaloptera 감염 _Physaloptera infection\n기생충은 이빨을 이용해서 위벽에 붙어있으며 종종 위치를 바꾸고 미란과 출혈을 유발한다.\n감염은 구토와 위병을 유발한다.\n포익충과\n\n"}