{
    "title": "수의사와 보호자가 함께 보는 반려동물 아틀라스 시리즈- 면역과 전염병",
    "author": "유한상 감수",
    "publisher": "(주)범문에듀케이션",
    "department": "내과",
    "disease": "1 면역계 I: 기관 _Immune system I: organs\n면역계는 면역 반응을 담당하는 세포들을 생성하고 성숙시키는 여러 기관과 구조로 이루어져 있으며, 대다수의 특정 면역 반응을 시작한다.\n\n1차 림프조직 _Primary lymphoid tissues\nB 림프구, 전구-T 림프구, 그리고 다른 면역세포들을 포함한 모든 혈구들은 골수에서 유래한다. T 세포는 가슴샘에서 성숙한다.\n2차 림프조직 _Secondary lymphoid tissues\n림프절, 지라, 그리고 점막관련 림프조직을 말한다. 이곳에서 림프구들에게 항원이 제시되며, 림프구들은 특이적으로 항원을 인식하고 그 결과 활성화된다.\nMALT: 항원이나 잠재적으로 해로운 소화물 또는 흡인물에 대한 반응을 주로 시작하는 곳이며, 이를 통해 일차적인 국소 반응을 유도한다.\n지라: 혈액을 통해 운반된 항원에 대하여 반응을 개시하는 곳이다.\n림프절: 몸 전체에 분포해 있으며, 림프계를 통해 운반된 항원에 대하여 반응을 개시하는 곳이다. 림프절이 부었다는 것은 감염의 가능성을 나타내는 지표이다.\n\n\n어떤 이물이든 간에 혈액, 림프, 그리고 조직 사이를 순환하는 면역세포의 흐름에 의해 발견되고 제거된다.\n\n림프절이 부었다는 것은 감염의 가능성을 나타내는 지표이다.\n\n\n2 면역계 II: 세포 _Immune system II: cells\n면역계통 세포: 이 세포들은 골수로부터 유래하며, 백혈구의 한 부분을 구성하는 림프구성 세포계열과 골수성 세포계열로 나뉜다.\n\n골수성 계열\n호염기구\n알러지 기전에 관여한다.\n호중구\n이 탐식세포들은 혈액에서 감염된 조직으로 빠르게 통과할 수 있으며, 이 세포들이 과다하게 출현했다는 것은 감염과 급성 염증의 지표가 된다.\n호산구\n기생충에 대한 반응에 관여한다.\n수지상 세포\n큰포식세포\n이 세포는 혈액의 단핵구에서 유래하며, 모든 조직에서 발견된다. 이 세포는 특화된 탐식세포이며 선천면역 반응에서 핵심적인 역할을 한다.\n\n림프구성 계열\n자연살해세포\n항암과 항바이러스 면역에 관여한다.\nB 림프구\n체액성 면역 반응에 관여한다. 이 세포들은 이후 항원 제시 형질세포와 기억 B 세포로 바뀐다.\nT 림프구\n획득면역 반응에 관여한다. 여러 T 림프구 중에 세포독성 T 세포는 세포내 미생물과 종양 진행과정에 대한 반응에 관여한다.\n\n혈액 내에 다량의 림프구가 존재한다는 것은 감염과 만성 염증을 나타낸다.\n\n수지상 세포, 큰포식세포, 그리고 B 림프구\n이들은 항원 제시 세포로서 역할을 한다: 이 세포들은 항원을 인식하고 각자의 표면에 있는 분자에 항원을 붙여서 획득면역 반응을 개시한다.\n\n\n3 염증 _Inflammation\n염증은 감염이나 손상이 일어났을 때 작동하는 선천면역 반응의 첫 번째 반응이다.\n염증은 보통 급성으로 나타나며 조직에 국한하여 일어난다.\n\n큰포식세포\nMacrophages\n미생물\nMicroorganisms\n탐식세포\nPhagocytes\n\n조직 속의 큰포식세포가 미생물을 감지하면 염증 부위에 더 많은 탐식세포를 끌어 들이는 케모카인(화학적 활성 인자)과 사이토카인(항종양 활성 액성 인자)을 분비한다.\n고름\nPus\n\n호중구와 큰포식세포가 미생물을 탐식하고 죽이면,\n그 결과로 생긴 세포 잔해물과 미생물이 뭉쳐서 고름을 형성한다.\n\n혈장\nBlood plasma\n섬유소\nFibrin\n\n혈관작용성 분자의 활동으로 인해 혈장(염증성 삼출물)의 방출되면 급성 염증의 전형적인 증상인 발적, 발열, 종창이 나타난다.\n조직 수복\nTissue repair\n고름은 큰포식세포에 의해 제거된다. 혈액 응고와 섬유소 분해 시스템이 손상된 조직을 복 구하여 염증 부위가 퍼지는 것을 막는다.\n\n\n만약 감염이 해결되지 않는다면 축적된 세포와 액체 성분이 국소 림프절로 흘러들어가 획득면역 반응을 개시 한다.\n만약 미생물을 제거하기가 어려운 상황이라면 염증반응은 만성화되어 육아종을 형성한다.\n\n일반적인 염증반응\n염증성 사이토카인은 혈액 속으로 들어가서 “급성기 반응”이라고 알려진 작용을 일으키는데, 이 반응은 열이 나고, 졸음이 오고, 식욕이 줄어들며 호중구감소증과 함께 급성기 단백질이 증가하는 것을 특징으로 한다.\n\n비디오 보기: 염증\n\n4 선천면역 _Innate immunity\n선천면역은 항원의 침입에 대한 방어의 최전선이며, 즉각적이고 빠르고 효과적인 반응을 제공하기 위해 항상 존재한다. 하지만, 선천면역 반응은 침입한 항원에 대한 기억 기능이 없다. 그 결과, 동일한 미생물(항원)에 반복적으로 노출되더라도 항상 같은 종류와 같은 정도의 반응을 보이게 된다.\n\n체표면의 장벽과 구성 요소 _Body surface barriers and their components\n눈\n깜빡임, 눈물 흘림\n털과 피부\n무결성, 벗겨짐, 건조,\n지방산, pH, 정상세균총\n위장관\n침, 구토, 쓸개즙염, 연동운동,\n점막, pH, 정상세균총\n비뇨생식기계\n점막, pH, 정상세균총\n호흡기계\n기침과 재채기, 기관의 섬모,\n계면활성제, 점막, 정상세균총\n\n내부 선천 구성요소와 기전 _Internal innate components and mechanisms\n항원이 표면 장벽을 파괴하면, 내부의 선천면역 구성요소와 기전이 활성화된다.\n\n기전\n탐식작용\n보체 시스템의 활성화\n염증 반응\n자연살해세포에 의한 감염된 세포제거\n\n탐식세포의 탐식 과정 _The phagocytic process\n탐식(phago, 먹는다; kytos, 세포)은 기본적인 방어 기전이며, 주로 호중구와 큰포식세포처럼 탐식세포라고 불리는 특수화된 세포에 의해 매개된다. 이 세포들은 항원을 감지, 포식, 파괴하고 죽은 세포의 제거를 중재한다.\n\n1. 화학물질쏠림성(화학주성)\n염증에 대한 반응에 의해 만들어진 물질들이 탐식세포를 활성화하면, 이 세포들은 병변 또는 항원이 침입한 부위로 몰린다.\n\n2. 인지 및 부착\n탐식세포들은 자신의 표면에 있는 물질 (수용체)을 가지고 항원에 달라붙는다.\n\n3. 살균과 소화\n탐식세포는 자신의 세포막을 뻗어서 식포(phagosome)라는 소낭을 형성하여 항원을 완전히 에워싼다.\n\n4. 배설\n식포는 다양한 살균 물질이 들어있는 액포(리소좀)와 융합하여 소화액포(phagolysosome)를 형성한다.\n여기에서 항원은 분해되고 소화된다.\n\n5. 면역 반응의 진화\n마지막으로 소화액포가 원형질막과 융합되면 식세포가 소화하지 못하고 남은 세포 잔해물은 밖으로 배출된다.\n\n5 면역 반응의 유도 _Evolution of the immune response\n획득면역 반응은 그것을 유도하는 병원체에 특이성이 있다. 세포 중에서도 이 반응에 특히 관여하는 세포들은 T 세포와 B 세포이다. 감염이 되면, 획득면역 반응은 몇 가지 단계를 거쳐서 발전하게 된다.\n\n항체나 세포독성 T 림프구의 생산\n획득면역 반응을 활성화시키는 항원의 역치\n병원체(항원)의 유입\n\n개시기.\n항원 인식\n감염의 성립\n\n획득반응의 유도\n특정 림프구로의 분화\n감염 지속기간\n\n획득면역 반응\n반응기.\n항체나 세포독성 T 림프구에 의한 항원 파괴\n일\n\n병원체 제거\n2차적인 노출\n(재감염)\n면역학적 기억\n\n선천면역 반응이 효과적이지 않은 경우, 획득면역 반응이 발달하여 감염을 통제하고 병원체를 제거한다. 이 반응은 더 천천히 일어나며 감염 후 4~9일 사이에 주로 효과를 나타낸다.\n\n마지막 단계에서는 장기적으로 살아남는 기억 B 세포와 기억 T 세포가 생산된다. 이 세포들은 똑같은 항원에 다시 감염되는 경우 빠르고 효과적으로 반응한다(2차 면역 반응). 이렇게 활발한 면역 반응은 백신에 의해 인위적으로 만들어질 수 있다.\n\n3\n세포 밖에 있는 단계의 미생물과 그들의 독소는 항체 매개 획득면역 반응을 유발한다.\n5\n활성화된 B 림프구는 항원 제시 형질세포로 분화하여 항체를 생성하거나, 기억 B 세포로 변화한다.\n\n기억 B 세포\nMemory B cell\n림프절\nLymph node\n\n감염\nB 림프구\nB lymphocyte\n획득면역 반응\n\n항체\nAntibodies\n형질세포\nPlasma cell\n\n활성화된\nT 세포\nActivated Tc\n기억 T 세포\nMemory Tc\n항원 제시 세포\nAPC\n\n4\n활성화된 T 세포는 세포용해 T 림프구와 기억 T 세포로 변화한다.\n\n지라\nSpleen\n세포독성 T 림프구\nCTL\n\n1\n지라와 림프절에서 항원 제시 세포들이 획득면역 반응을 시작한다.\n2\n세포내 미생물[바이러스, 몇몇 세균, 그리고 리슈만편모충(Leishmania)과 같은 원충]들이 주로 획득면역 반응을 일으킨다.\n감염된 세포의 항체 파괴\nDestruction of\ninfected cell\n\n6 체액성 면역 반응 _Humoural response\n체액성 면역 반응은 선천적인 방어장벽을 뚫고 침입한 이물을 감지했을 때, 획득면역 반응이 시작된다. 이물이 만약 세포 밖에 위치한다면(예를 들어, 세균이나 독소 등), 항체나 면역글로불린이 관여하는 체액성 반응이 유도된다.\n\n세포 밖 항원이 항원 제시 세포에 의해 감지되면, 이는 제2 주요 조직 적합성 복합체를 통해 이 항원을 도움 T 세포에게 제시한다.\n이러한 방식으로 도움 T 세포가 활성화되고 사이토카인을 방출한다.\n항원과 사이토카인 모두에 의해 활성화된 B 세포는 Ig(면역글로불린)-생산 형질세포로 분화한다.\n\n\n\nAb(항체) 또는 Ig(면역글로불린) _Ab (antibodies) or Ig (immunoglobulins)\n항체는 세포 밖 항원에 특이적으로 결합한 다음 이를 중화하고 응집시켜서 병원성의 발현을 막거나, 면역계의 다른 구성 요소(보체, 식균작용, 또는 항체 의존성 세포 매개 세포독성)에 매개하여 항원을 제거하기 위해 표시를 한다.\n서로 다른 종류의 Ig는 각각 독특한 생물학적 기능을 가진다. 개와 고양이에서는 IgG, IgM, IgE, lgD 그리고 IgA가 발현된다. 1차 면역 반응에서는 IgM이, 2차 면역 반응에서는 IgG가 우위를 차지한다. 어떤 반응들에서는 IgE(알러지 진행과정)나 IgA가 관여하기도 한다.\n\n항체는 주로 혈액에서 발견되지만(IgG, IgE, IgM), 젖, 침, 그리고 점막에서도 발견될 수 있다(IgA).\n\n\n\n7 세포성 면역 반응 _Cellular response\n세포 내 이물질이 있다면, 그것이 바이러스든, 세균이든, 원충이든 간에 대개 세포성 면역 반응을 유도하며, 여기에는 세포 독성 T 림프구, 자연살해세포, 그리고 큰포식세포가 관여한다. 이 세포들은 감염된 세포를 파괴하는 역할을 한다.\n항원 제시 세포에 의해 세포 내 항원이 인식되면, 이는 주요 조직 복합성 분자에 붙어서 항원 제시 세포의 표면에 노출된다.\n주요 조직 복합성 분자(MHC)에 붙어 있는 항원을 T 세포가 인식하면 활성화되어 세포독성 T 림프구 (반응기)와 기억 T 세포를 만들어낸다.\n자신의 세포가 아니거나(수혈로 인해), 종양성이거나, 세포 내 물질에 의해 감염된 세포들은 MHC에 붙있는 서로 다른 표면 항원을 발현하고 있을 것이다.\n이렇게 MHC를 통해 세포에 붙어 있는 항원을 세포독성 T 림프구가 인식하면, 여기에서 분비되는 퍼포린(perforin)과 그란자임(granzyme)이 항원을 파괴한다.\n자연살해세포는 퍼포린(perforin)과 그란자임(granzyme)을 생산함으로써 MHC에 붙어 있는 항원을 인식하지 않고서도 세포를 파괴할 수 있다.\n항체 의존성 세포 용해를 통하여, 큰포식세포와 자연살해세포는 외래 항원에 붙어 있는 면역글로불린을 인지하여 그 항원을 달고 있는 세포를 파괴할 수 있다.\n\n\n\n8 종양에 대한 면역 반응 _Immune response to tumours\n면역 반응은 암에 대한 예방과 제거에 대단히 중요한 요소이다. 만일 암세포가 제한적으로 자라는 모습을 보이고 처음 생겨난 장기에 국한하여 자란다면 이는 양성종양이다. 그러나 만약 종양이 주체할 수 없이 자라고 다른 장기로 침범한다면 이는 악성으로 판정되고 이 상황을 암이라고 한다.\n\n\n종양은 세포주기를 지나는 중에 유전적 변형을 거친 세포에서 유래하며, 이러한 변형은 유전적이거나 물리적(자외선), 화학적(살충제), 또는 감염성(종양 발생 바이러스) 요인에 의해 일어난다.\n종양에 대한 선천성 반응은 종양세포 표면에 나 있는 변형된 분자를 인식하는 자연살해세포에 의해 매개된다.\nB 세포와 수지상 세포는 종양성 항원을 인식하고(특이적인) 획득 면역 반응을 시작한다.\n획득 세포성 면역 반응은 세포독성 T 세포에 의해 매개된다. 자연살해세포와 큰포식세포 또한 종양성 항원에 특이적인 항체의 작용을 통해 종양세포를 파괴한다(항체-의존성 세포독성, ADCC).\n치료 _Treatment\n가장 일반적인 치료방법은 종양 제거, 방사선 치료, 그리고 화학 요법이다. 면역학적 치료로는 사이토카인을 이용하며, 몇몇 경우에는 개 흑색종 백신과 같은 “치료용 백신”을 사용한다.\n\n\n9 점막면역 _Mucosal immunity\n위장관, 호흡기 통로, 그리고 비뇨생식기 통로를 이루는 점막, 피부 및 젖샘은 체표면의 대부분을\n덮고 있으며 병원체(Ag, 항원)의 침입에 대하여 노출되어 있는 주된 부분이다.\n\n첫 번째 방어선 _First line of defence\n생물학적 방어벽: 정상세균총\n화학적-물리적 방어벽: 점액과 상피세포\n\n내부 면역 구성요소 _Internal immune components\n이 구성요소들은 유도부와 반응부로 구성된 점막관련림프 조직(MALT)이라고 불리는 곳에 위치한다.\nMALT 유도부: 항원 제시 세포에 의해 항원의 인식과 처리가 일어나고, B 세포와 T 세포가 활성화되어 혈류를 통해 다른 반응부로 이동해가는 공간이다.\nMALT 반응부: 항체 매개성 반응이 생성되는 곳이다. 국소적인 항원의 자극은 전반적인 분비성 면역 반응을 생산한다.\n\n점막에 의해 생성되는 가장 중요한 항체는 IgA이며, 이는 항원이 점막을 통과하는 것을 막거나 몸 안으로 들어왔을 때 이를 중화시키는 역할을 한다.\n\n\n10 임신 기간의 면역 _Immunity during gestation\n포유류의 면역계는 임신기간 동안 발달하고 성숙한다. 하지만 면역계는 태어나기 전에는 충분히 기능을 하지 못하여 성체의 면역계가 하는 것처럼 감염에 대해 충분히 맞서 싸우지 못한다.\n그래서 모체는 태반을 통해 태아에게 항체를 전달한다. 전달되는 항체 또는 면역글로불린의 양은 각각의\n종이 가지고 있는 태반의 종류에 달려 있다.\n개와 고양이는 내피융모성 태반을 가지고 있으며, 이를 통해서는 5~10% 정도의 항체만 통과할 수 있다.\n\n융모막\n어미의 자궁벽과 맞닿는 가장 바깥쪽 막.\n\n자궁 내에 일어나 수 있는 감염에 대한 태아의 반응은 다음에 의해 결정된다:\n태아의 임신나이\n관여하는 병원체\n어미의 면역 상태\n\n태반은 임신기간 동안 배아 주위를 둘러싸는 막이다. 이것은 배아로부터 나온 세포들로 형성되며 어미의 자궁 내벽에 연결되어 있다.\n모체-태아 내성 _Maternal-foetal tolerance\n이론상으로 태아는 모체와는 다른 존재이기 때문에 면역 거부 반응을 일으켜서 죽거나 방출되어야 한다. 그러나 모체-태아 내성은 모체 내 환경에서 태아가 살아남을 수 있게 해준다. 이 현상은 복잡하고 매우 효과적인 면역 기전에 의해 매개된다. 따라서 면역학적인 이유로 유산이 일어나는 경우는 매우 드물다.\n\n11 신생 면역 _Newborn immunity\n신생 동물의 면역계는 발달을 하기는 했지만 완전히 즉각적으로 반응하지는 않는다. 따라서 이들은 초유를 통해 어미의 방어체계를 얻는 것이 매우 중요하다.\n\n초유\n초유에는 어미의 혈액에서 온 항체가 포함되어 있으며, 이는 임신기간 말에 젖샘으로 축적되어 초유 속으로 들어간다.\n\n\n신생 동물의 장은 생후 첫 24시간 동안 항체를 통과시킬 수 있다. 따라서, 모체의 항체는 신생 동물의 혈류로 들어가서 방어 능력을 부여한다.\n초유 속에 들어 있는 몇몇 항체들은 신생 동물의 장 안에 남아서 장내 감염에 대항하여 방어한다.\n\n수동면역 전달 실패\n이는 다음과 같은 원인 때문에 일어난다.\n신생 동물의 장에서 항체(면역글로불린) 흡수에 실패할 때 초유 섭취가 부족하거나 충분하지 않을 때. 다음과 같은 상황에 발생한다:\n어미의 무유증 또는 유방염인 경우\n한 배에 난 새끼들이 너무 많은 경우\n새끼들이 너무 약하거나 어미로부터 거부당하거나 분리된 경우\n\n신생 동물의 용혈성 질환\n이 상황은 어미와 신생 동물의 혈액형 사이에 서로 혈액친화성이 없는 경우 발생한다. 초유에는 신생 동물의 적혈구를 파괴하는 항체가 들어 있을 수도 있으며, 이로 인해 심각한 빈혈이 발생하거나 심지어는 죽을 수도 있다.\n\n"
}