{
    "title": "수의사와 보호자가 함께 보는 반려동물 아틀라스 시리즈- 신경계질환", 
    "author": "권오경 감수", 
    "publisher": "(주)범문에듀케이션", 
    "department": "내과", 
    "disease": "\n18\n치료 _Treatment\n항간질제\n치료는 다음 상황에서 시작한다: 3개월 내에 한 번 이상 발작이 나타난 경우, 하루에 한 번 이상 발작이 나타난 경우, 심각한 발작의 징후나 발작후 징후가 관찰된 경우, 회복 기간이 지연된 경우\n대략 30%의 환자들이 난치성이다.\n\n간질 _Epilepsy\n간질은 특징적으로 반복되는 간질성 발작이 나타나는 질병이다. 간질성 발작은 운동능력, 행동, 그리고 정신상태의 변화를 비롯하여 자율신경계의 발작성 변화를 포함한다. 발작은 예고없이 시작하여 갑자기 멈추며, 곧바로 정상으로 돌아오게 된다.\n원인 _Causes\n장기 유래(대사성 질환).\n장기 이외(중독).\n머리뼈 속 구조물(선천적 기형, 뇌척수염, 뇌종양, 외상, 뇌혈관장애 등)\n특발성(유전적 전파)\n\n뇌혈관장애(뇌졸중)\nCerebrovascular accident (stroke)\n염증\n(뇌수막염, 뇌염)\nInflammation\n(meningitis,\nencephalitis)\n진단 _Diagnosis\n임상 및 신경학적 검사, 전혈 및 뇨검사\n가끔: 복부 초음파, 간 기능 평가(쓸개즙 검사), 자기공명영상법(MRI), 그리고 뇌척수액(CSF) 분석\n간질의 종류\n전반적\n\n국소적\n간질원성 중심\nEpileptogenic focus\n뇌종양\nBrain tumour\n외상\nTrauma\n\n\n19\n7번째 허리뼈\n7th lumbar vertebra\n치료 _Treatment\n초기에는 보존치료(소염제, 진통제, 경막외 침윤)를 적용해볼 수 있다.\n수술: 일반적으로 척추 감압이나 심지어는 척추 고정을 필요로 한다.\n예후 _Prognosis\n예후는 운동장애가 심각하지 않다면\n일반적으로 좋다.\n황색인대의 과신장\nHyperextension of the ligamentum flavum\n이 증후군은 주로 퇴행성으로 나타나는 허리엉치 부분의 병변으로 인한 임상증상이 특징이며, 이 병변은 척추관의 협착을 유발하여 꼬리신경과 궁둥신경(L6-L7과 L7-S1)의 뿌리를 손상시킨다.\n임상증상 _Clinical signs\n초기: 움직임과 관련된 동적 통증, 뒷다리의 추진력을 필요로 하는 모든 운동 거부, 신경원성 파행(활동적일 때 발생하나, 휴식 후 개선됨)\n진행된 경우: 주로 한쪽 다리에 영향을 주는 운동장애, 손상된 넓적다리의 뒤쪽 근조직 위축, 홑다리마비\n심하게 진행된 경우: 요실금 및 변실금\n진단 _Diagnosis\n영상 검사, 그 중에서도 자기공명영상법(MRI)\n높은 비율의 건강한 동물에서도 이 부분에 퇴행성\n변화가 관찰될 수 있으므로, 신경학적 검사와 영상\n검사 결과 사이에 상관관계가 있어야만 진단이 가능하다.\n\n20\n중추성 안뜰계 장애 _Central vestibular syndrome\n안뜰계(전정계)는 중력에 적응하기 위해 머리, 안구, 몸, 그리고 사지의 자세 변화를 조정하고 균형을 유지하는 역할을 한다. 중추성 안뜰계통은 이 계통 중 머리뼈 안 부분을 가리키며 뇌줄기와 소뇌 안에 위치한다.\n원인 _Causes\n높은 빈도: 염증성(수막뇌염), 종양성,\n또는 혈관성(뇌혈관장애)\n낮은 빈도: 중독(메트로니다졸), 외상,\n또는 선천적 질환\n신경학적 징후 _Neurological signs\n증상이 매우 현저하고 우려스러울 정도임.\n일반적인 징후:\n문제가 있는 쪽으로 머리가 기울어짐.\n문제가 있는 쪽의 다리에 굽힘근 긴장이 높아져 있음.\n안구의 지속적이고 리듬 있는 움직임(병리적 안구진탕)\n균형을 잃거나 조화를 이루지 못하며, 문제가 있는 방향으로 넘어지거나 원을 그리며 걷는 증상이 나타난다..\n고개가 젖혀졌을 때 특정 안구의 위치에 따라 복측 혹은 복외측 사시가 관찰된다\n중추성 안뜰계 장애에 특이적인 징후:\n문제가 있는 쪽 다리나 모든 다리의 장애\n전반적인 의식의 감소\n만약 다리의 패러독스 안뜰계 장애가 존재하는 경우 주로 문제가 있는 쪽에서 나타나며, 일반적인 안뜰 징후는 반대쪽 다리에 영향을 준다.\n예후 _Prognosis\n원인에 따라 다르다.\n21\n말초성 안뜰계통은 속귀 안에 위치한 머리뼈 바깥부분의 안뜰계이다.\n원인 _Causes\n높은 빈도: 염증성(주로 중이염이나 코인두 용종), 특발성(노령 동물에서 빈번함)\n낮은 빈도: 대사성(갑상샘기능저하증), 독성(아미노글리코사이드계 항생제), 또는 종양성\n신경학적 징후 _Neurological signs\n일반적인 징후:\n문제가 있는 쪽으로 머리가 기울어짐.\n문제가 있는 쪽의 다리에 굽힘근 긴장이 높아져있음.\n안구의 지속적이고 리듬 있는 움직임 (병리적 안구진탕)\n균형을 잃거나 조화를 이루지 못하며, 문제가 있는 방향으로 넘어지거나 원을 그리며 걷는 증상이 나타난다..\n고개가 젖혀졌을 때 특정 안구의 위치에 따라 복측 혹은 복외측 사시가 관찰된다\n말초성 안뜰계 장애에 특이적인 징후:\n환자의 움직임이 평소와는 달라보일 수 있으나 의식의 정도나 운동장애와는 상관이 없다.\n안면마비의 징후와 호르너 증후군이 나타날 수도 있다.\n예후 _Prognosis\n원인에 따라 다르나, 전반적으로 중추성 안뜰계 장애보다 항상 낫다.\n말초성 안뜰계 장애 _Peripheral vestibular syndrome\n\n\n"
}