{
    "title": "수의사와 보호자가 함께 보는 반려동물 아틀라스 시리즈- 신경계질환",
    "author": "권오경 감수",
    "publisher": "(주)범문에듀케이션",
    "department": "내과",
    "disease": "\n50\n신경세포병\n배쪽뿔(척수 안 부분)의 LMN 세포체의 병소\n신경근병증\n신경뿌리의 병소(수막초가 보존된)\n신경근육 접합부의 병적 상태\n주로 근무력증 또는 중독\n근육병증\n근육 변성\n신경병증\n말초신경의 병변\n단일신경병증. 하나의 신경세포가 관여함.\nex) 안면 마비\n극도로 국소화된 임상증상. 영향받은 신경과 상응하는 피부분절 그리고/또는 근육분절(문제의 신경에 의해 자극을 받은 피부와 근육 부위를 말함)에만 나타남.\n다수의 단일신경병증. 몇 개의 신경세포가 관여함. ex) 얼기 손상\n몇몇 피부분절과 근육분절이 영향을 받더라도 진행과정은 제한된 부위로 한정됨.\n여러신경병증. 다수의 신경이 관여함.\nex) 여러신경뿌리신경염.\n분산된 징후를 보이며 일반적으로 대칭성. 최대 범위의 척수신경이 관여하는 경향이 있지만, 일반적으로 삼차신경(V), 얼굴신경(VII), 그리고 미주신경\n(X) 같은 뇌신경에 영향을 주기도 함.\n말초신경계 병리의 분류\n_Classification of pathologies of the PNS\n신경뿌리\nNerve root\n2\n척수\nSpinal cord\n척수절\nSpinal ganglion\n신경근육 접합부\nNeuromuscular junction\n신경(감각/운동)\nNerve (sensory/motor)\n근육\nMuscle\n\n51\n앞다리신경얼기 신경염. 개에서 종종 보고된다.\n원인: 아마도 자가면역성이지만, 음식 알레르기와 광견병 백신과 연관되어 있다.\n임상증상: 앞다리신경얼기의 양측성 염증성 변성, 앞다리의 반사저하를 동반한 급성 무력성 부전마비, 그리고 이차성 신경원성 근육 위축\n치료: 글루코코르티코이드. 반응이 일정치 않음.\n예후: 환자의 몸집과 반비례한다.\n자가면역성 염증성 신경병증\n염증성 신경병증 _Inflammatory neuropathies\n이 유형의 신경병증은 일반적으로 여러 개의 신경(여러신경병증)에 영향을 주며, 종종 근육병증과 CNS 가 포함된다.\n몇몇 사례에서는 이것이 중이염에 의한 안뜰얼굴성 신경염과 같이 전에 있던 감염 중심의 확장에 대한 이차적인 반응일 수도 있다.\n원인: 주로 원충에 의해 발생한다(Toxoplasma gondii, Neospora caninum).\n감염성 염증성 신경병증\n원인: 척수신경절과 등쪽신경뿌리 그리고 뇌감각신경절의 손상 비화농성 염증성 변화와 T 세포의 많은 침윤으로 특징지어진다.\n임상증상: 급성 진행성 양상. 운동실조, 자세반응 이상, 척수 반사항진/무반사, 삼킴곤란 및 과다침분비, 머리기울임, 귀먹음, 통각저하, 그리고 어떤 경우 자해로 인한 손상\n치료: 특정 치료법은 없다. 글루코코르티코이드를 쓰면 임상증상을 악화시킬 수 있다.\n감각 강글리오시드급성특발 여러신경염\n척수신경의 염증\nInflammation of the spinal nerves\n\n늘어뜨린 귓바퀴\nDrooping pinna\n왼쪽 눈꺼풀처짐\nLeft ptosis\n늘어뜨린 입술\nDrooping of the lips\n침흘림\nSalivation\n52\n특발성 얼굴 신경병증 _Idiopathic facial neuropathy\n원인을 알 수 없는 임상적으로 잘 정의된 얼굴신경 질병이다. 코카 스패니얼, 복서, 잉글리쉬 세터, 그리고 펨브로크 웰시 코기와 같이 특정 품종의 성숙 또는 노령의 동물들에서 더 빈번하게 보인다. 원인을 알 수 없는 안뜰얼굴 신경병증이 특징이다.\n진단 _Diagnosis\n가운데귀 감염, 갑상샘기능저하증, 종양, 감염, 또는 외상과 같은 다른 원인을 배제하는 방식으로 진단한다.\n치료 _Treatment\n특정 치료법이 존재하지 않는다. 환자는 문제가 해결되기 전까지 인공눈물을 처방받는다.\n예후 _Prognosis\n좋은 편이다. 임상증상은 며칠이나 몇 주가 지나면 호전된다.\n후유증과 재발은 상대적으로 흔하다.\n임상증상 _Clinical signs\n주로 단측성으로 나타나지만, 양측성으로 나타나기도 함.\n급성 또는 아급성 양상:\n눈꺼풀을 닫는 능력의 부재 또는 약화\n귓바퀴와 윗입술 및 아랫입술 늘어뜨림.\n기울어진 입으로 인한 침흘림증\n귓바퀴 안쪽 부분의 감각 변화\n이차성 건성 각결막염과 각막궤양에 이환될 수 있음.\n원인을 알 수 없는 안뜰얼굴 신경병증의 경우 얼굴과 안뜰 징후\n\n53\n염증성 원인을 가진 이 질병은 척수신경뿌리와 말초신경에 영향을 준다. 이것은 일반적으로 1년령 이상의 개에서 발생되며, 고양에서는 산발적으로 관찰되었다. 이것은 감염성/중독 요인과 백신에 의한 다인성 항원 자극에 의해서 발생하는 것으로 알려져 있다. 임상적, 실험적 결과와 병리학적 병소는 개에서 쿤하운드 마비증, 사람에서 갈랑바레 증후군과 유사하다.\n임상증상 _Clinical signs\n급성의 전신 약화. 뒷다리에서 주로 시작되며 24시간 이후 축 늘어진 사지마비로 진행된다. 안정화 단계 이후, 환자의 상태는 2~3주, 어떤 경우에는 몇 개월에 걸쳐 호전되는 경향을 보인다.\n심각한 사례: 갈비 사이근육에 대한 영향으로 호흡성 마비가 오기도 한다.\n진단 _Diagnosis\n보튤리즘, 중증 근무력증, 신경뿌리를 포함하는 감염(주로 원충), 그리고 대사성 질환(갑상샘기능저하증)과 같은 질환들은 배제되어야 한다.\n다른 원인의 배제에 의해 진단: 전혈구 검사, 흉부 X-ray, 배 초음파, 또는 가슴과 배의 컴퓨터단층촬영(CT).\n치료 _Treatment\n특정 치료방법은 없고, 연명치료와 물리치료만 가능하다.\n예후 _Prognosis\n일반적으로 좋다.\n재발이 가능하다.\n급성 특발성 여러신경뿌리신경염\n_Acute idiopathic polyradiculoneuritis\n척수신경의 급성 염증\nAcute inflammation of the spinal nerves\n\n54\n\n임상증상\n무릎을 굽힐 수 없고 발목뼈와 윗발목마디를 굽히거나 펼 수 없는 불완전단일마비\n문제가 있는 다리로 무게를 지탱할 수는 있지만, 환자는 발가락의 등 부분을 이용하여 스스로를 지지함으로써 이를 수행한다.\n무릎의 먼 쪽에서 감각이 소실되고 3, 4,\n그리고 5번 발가락이 영향을 받는다.\n2번 안쪽뒷발가락의 감각과 엉덩이 굽힘은 영향을 받지 않는데, 이는 이 기능들이 넙다리신경에 달려있기 때문이다.\n궁둥신경 병변\n진단 _Diagnosis\n영향받은 부위에 따라 다르며, 자기공명영상법(MRI)이 신경을 시각화하는 데 유용할 것이다.\n전기생리학적 검사는 진단을 확정하고 예후 평가를 위한 유용한 정보를 제공할 수 있다.\n치료 _Treatment\n일차적인 원인을 알아본다.\n물리치료: 영향받은 다리의 기능적 회복을 보장하기 위한 주요 치료법이다.\n궁둥신경과 노신경 병변\n_Lesions of the sciatic and radial nerves\n이 신경들의 병소는 각각 사지기능 손상을 일으킨다. 이 병변들은 다수의 병인론을 가지고 있을 수도 있지만, 일반적으로 상응하는 다리에 영향을 주는 외상에 의해 발생한다.\n위앞다리뼈의 골절과 빈번하게 연관된다.\n임상증상: 앞발목뼈를 펴는 능력의 부재와 팔꿈치에서 먼쪽의 등쪽 면에 대한 감각 변화를 포함한다.\n몸 쪽에 더 가까운 병변이 다리의 뻗침에 영향을 줄 수 있다.\n노신경 병변\n\n\n두 가지 경우 모두 병변은 염증성,\n외상성, 종양성 또는 신생물딸림성\n원인을 가지는 경향이 있다.\n\nC5\n앞다리신경얼기뿌리\nBrachial plexus roots\nC6\n척추\nvertebrae\n\n\n박리\n55\n진단 _Diagnosis\n환자의 병력과 영상 및 전기생리학적 검사 결과의\n도움을 받는다.\n예후 _Prognosis\n병변의 심각도에 달려있다.\n완전 병변일 경우 예후는 좋지 않다.\n앞다리신경얼기 박리 _Brachial plexus avulsion\n앞다리신경얼기의 “늘어남”을 말한다. 다리의 갑작스런 견인에 의해 일어난다. 이 유형의 병변은 충격, 추락 및 밟힘에 의한 손상 때문에 발생한다. 이는 또한 어깨뼈와 첫 번째 갈비뼈의 골절에 의해서도 발생한다.\n앞쪽 병변 _Cranial\nC6-C7의 뿌리 손상\n임상증상: 가시위근과 가시아래근의 위축(어깨위신경),\n걷는 동안 문제가 있는 다리 진전의 감소, 그리고 팔꿈치 굴곡의 감소 또는 부재(근육피부신경)\n완전 병변 _Complete\n임상증상: 앞 장들에서 설명했던 것과 같은 동일한 손상을 보이며 홑다리마비를 동반한다.\n뒤쪽 병변 _Caudal\nC8-T2의 뿌리 손상\n무게 지탱은 불가능하지만(노신경), 어깨와 팔꿈치의 굽힘은 유지된다.\n팔꿈치 뒤쪽 발바닥 부분의 감각에 영향을 준다.\n호르너 증후군으로 발전할 수도 있으며, 피부층 반사는 약화되거나 사라질 수도 있다.\n신경뿌리가 찢어져서 생기는 척수 손상이다. 이는 뒷다리의 동측성 결손으로 드러난다.\n\n56\n진단 _Diagnosis\n임상증상에 기초하여 내린다.\n실험실 및 영상 검사는 피해 정도와 부상의 규모에 대한 중요한 정보를 제공할 수 있다.\n치료 _Treatment\n보존치료\n예후 _Prognosis\n좋지 않으며, 특히 처음 24~48시간 넘어서도 임상증상의 호전이 관찰되지 않는다면 더욱 좋지 않다.\n허리뼈 압박 장애 _Lumbar compression syndrome\n\n\n척행보행\nPlantigrade stance\n57\n갑상샘기능저하증\n주로 미약하고 느리게 진행되는 아래운동신경세포 징후를 동반한 말초 신경병증을 야기한다.\n임상증상 _Clinical signs\n말초성(주로 얼굴 불완전마비와 연관된) 또는 중추성 안뜰 징후\n주로 급성으로 나타나며, 정적이거나 진행성임.\n되돌이후두신경의 관여로 인해 거대식도증과 후두마비가 발생할 수 있다.\n진단 _Diagnosis\n갑상샘호르몬 분석을 포함한 실험실 검사에 기초하여 내린다.\nEMG, BAER(청각뇌줄기반응), 그리고 뇌전도(EEG)와 같은 전기생리학적 검사는 유용할 수 있다.\n치료 _Treatment\n일반적으로 갑상샘호르몬 제제 투여가 포함된다.\n몇 주간의 치료 후에는 호의적인 반응이 보여야 한다.\n대사성 신경병증 _Metabolic neuropathies\n대사성 신경병증은 일반적으로 전신적, 양측성, 그리고 대칭적인 이상을 보인다.\n먼쪽 여러신경병증이 발달할 수도 있다. \n임상증상 _Clinical signs\n약화(뒷다리에서 더 확연함)\n척행보행(발바닥을 땅에 붙이고 걷는 보행)\n약화된 무릎반사\n고유자세감각 반사의 결손\n치료 _Treatment\n인슐린 투여와 식이 조절에 기초를 둠.\n신경증상은 호전시킬 수 있음.\n당뇨병\n\n58\n진단 _Diagnosis\n전기생리학적 검사(반복적 자극), 에드로포니움 검사, 항아세틸콜린 수용체 항체 평가, 그리고 신경근육 생검\n치료 _Treatment\n오래 지속되는 항콜린성 약물의 적용을 바탕으로 함.\n예후 _Prognosis\n다양함.\nCMG의 경우 예후는 좋지 않은데, 닥스훈트에서는 예외이며 따로 치료를 하지 않아도 닥스훈트에서는 해결되는 경우가 많다.\n\nSynaptic cleft\n시냅스 후 막\nPostsynaptic membrane\n시냅스 전 막\nPresynaptic membrane\n중증근무력증 _Myasthenia gravis\n신경근육접합부는 연접팽대, 연접틈새, 그리고 근섬유초를 포함하고 있는 구조이다. 이것은 신경계에서 근육까지 일어나는 활동전위의 전달을 매개한다. 중증근무력증은 신경근육접합부의 시냅스 후 부분에 일어나는 질병이다.\n시냅스 후 막에 있는 아세틸콜린(ACh) 수용체 수의 감소로 이어지는 유전적 결함에 의해 발생한다. 잭 러셀 테리어, 스프링어 스패니얼, 스무드 폭스 테리어, 사모예드, 그리고 닥스훈트를 포함하는 견종에서 보고되었다.\n임상증상 _Clinical signs\n6~8주령 사이에 나타남.\n진행성 약화\n진행성 운동불내성\n선천적 형태(CMG)\nACh\n신경근육접합부\n마지막 신경돌기\nTerminal axon\nACh 수용체\nACh receptors\n종말단추\nTerminal bouton\n근육 표면\nMuscle surface\n아세틸콜린 수용체(AChR)에 대한 항체 생성으로 인해 발생한다. 전신적일 수도 있고 국소적일 수도 있다. 특정 품종에 대하여 소인이 있다고 보고되며, 개 중에서는 아키타 이누, 저먼 셰퍼드, 골든 리트리버, 래브라도 리트리버, 쇼트헤어드 포인터, 치와와, 그리고 뉴펀들랜드가 있다.\n임상증상 _Clinical signs\n전신: 뻣뻣한 보행과 진행성 운동불내성(휴식 시 호전됨).\n국소: 식도, 인두, 후두, 그리고 얼굴근육에 주로 작용함.\n\n입 벌릴 때의 통증\nPain on opening the mouth\n씹기근육의 위축\nAtrophy of the masticatory muscles\n씹기근육의 근육염\n씹기근육의 2M 유형 근섬유에 대한 특정 항체가 생성됨.\n임상증상: 턱 운동의 가동성 감소\n저먼 셰퍼드에서 소인이 있다고 보고됨.\n안구근육의 근육염\n안구근육의 섬유에 대한 항체가 생성됨.\n골든 리트리버에서 소인이 있다고 보고됨.\n피부근염\n콜리, 셔틀랜드 쉽독, 펨브로크 웰시 코기, 오스트레일리안\n캐틀 도그에서 보고됨.\n임상증상: 주로 얼굴과 먼쪽 다리에서 나타나는 심각한 피부염; 근육 징후.\n일반적으로 2~3개월령의 강아지에서 발달함.\n"
}