{
    "title": "수의사와 보호자가 함께 보는 반려동물 아틀라스 시리즈- 신경계질환",
    "author": "권오경 감수",
    "publisher": "(주)범문에듀케이션",
    "department": "내과",
    "disease": "62\n관자엽, 마루엽, 또는 뒤통수엽의 가쪽 국소 병변을 치료하기 위해 사용되는 수술기법임.\n수술법 _Technique\n가쪽 관자근으로 범위가 정해진다.\n필요한 크기의 뼈창이 마루뼈와 관자뼈에 생성된다.\n범위: 앞으로는 이마뼈동굴; 뒤로는 가로정맥굴; 위로는 시상정맥굴; 아래로는 광대활.\n다른 쪽의 접근과 합쳐질 수 있다.\n\n앞천막 및 뒤오목 머리뼈절개술\n_Rostrotentorial and caudal fossa craniotomy\n앞천막머리뼈절개술\n광대활\nZygomatic arch\n안뇌막동맥\nMedial meningeal artery\n머리뼈절개술로 노출된 뇌\nBrain exposed by craniotomy\n가로정맥굴\nTransverse\nsinus\n위시상정맥굴\nDorsal sagittal sinus\n앞천막머리뼈절개술과 비슷한 수술법이지만 뒤쪽에서 진행된다. 이 접근은 뒤통수뼈와 소뇌다리뇌각의 뒤쪽 측면으로의 접근을 제공한다.\n수술법 _Technique\n뼈창이 마루뼈와 뒤통수뼈 그리고 인접한 천막에 생성된다.\n만약 필요하다면, 신경조직을 노출시키기 위해 가로정맥굴이 묶여질 수 있다.\n이 수술법이 양측성으로 진행되기는 하지만 양쪽 가로정맥굴의 폐쇄는 생명에 상당한 위험이 될 수 있다.\n\n63\n\n앞쪽둔덕의 종양 제거와 코안에서 머리뼈로 향해 뻗어있는 어떤 병변(종양, 곰팡이성 육아종, 이물, 또는 화농)에 대해서든 유용한 접근을 제공하는 수술법이다.\n수술법 _Technique\n이마뼈 일부를 제거하여 뼈창을 낸다.\n이것은 앞쪽둔덕, 이마엽, 그리고 후각망울로의 접근을 가능하게 한다.\n마지막 절차로 합병증의 가능성을 제거하기 위해 속추궁판과 뇌척수막을 조심스럽게 닫는 것이 추천된다.\n이마뼈경유 및 뒤통수밑 머리뼈절개술\n_Transfrontal and suboccipital craniotomy\n이마뼈경유머리뼈절개술\n위시상정맥굴\nDorsal sagittal sinus\n뼈자름 경계\nOsteotomy contour\n이마뼈\nFrontal bone\n뇌(이마엽)\nBrain\n(frontal lobes)\n후각망울\nOlfactory bulbs\n\n뒤통수뼈의 일부분을 잘라냄으로써 뒤쪽둔덕의 뒷부분으로 접근할 수 있도록 하는 수술법으로, 큰구멍을 등쪽과 가쪽으로 확대한다.\n수술법 _Technique\n범위: 옆으로는 가로정맥굴; 위로는 시상정맥굴이 양쪽 가로정맥굴과 유합하는 부분까지 소뇌, 제4뇌실, 그리고 숨뇌로의 접근을 가능하게 한다.\n뼈창은 목 척수의 첫 번째 분절로 연장된 병변에 접근하기 위해서 등쪽고리판절제술에 의해 뒤쪽으로 확장될 수 있다.\n뒤통수밑머리뼈절개술\n소뇌\nForamen magnum\n뼈창\nOsteotomy window\n큰구멍\nCerebellum\n가로정맥굴\nTransverse venous sinus\n뒤통수뼈이끌정맥\nOccipital emissary vein\n뇌바닥정맥굴\nBasilar sinus\n뒤통수동맥\nOccipital artery\n64\n\n뼈창\nBone window\n척추관의 바닥\nFloor of the vertebral canal\n\n탈출된 척추원반\nHerniated disc\n고속 구멍뚫개\nHigh-speed burr\n뼈막\nPeriosteum\n가시돌기\nSpinous process\n척수\nSpinal cord\n\n이 수술법은 탐색이나 감압을 목적으로 등과 허리 척수에 접근하기 위한 믿을만한 수술법이다.\n반쪽고리판절제술 _Hemilaminectomy\n척추판에 뼈창을 생성함으로써 척추관의 배쪽 및 가쪽 경질막바깥공간으로 접근하는 방법이다.\n수술법 _Technique\n뼈창 생성 _Creation of a bone window\n뼈창은 직사각형이다.\n문제가 있는 공간의 관절돌기를 제거한다.\n경계(대략): 아래로는 척추관의 바닥; 위로는 추궁판의 안쪽 부분; 앞과 뒤로는 문제 공간의 바로 앞과 뒤에 있는 관절돌기\n척추사이공간의 표면과 관절돌기 소실이 척주의 물리적인 안정성에 영향을 주지 않으며, 임상적인 효과는 무시해도 될 정도로 여겨진다.\n지시 _Indications\n등허리척추원반 탈출의 경우 척추원반 물질의 제거와 척수의 감압\n가쪽 척수 병변 또는 신경뿌리 병변의 관찰 및 치료\n목 척수의 한쪽으로 치우쳐진 병변이 있는 경우에 사용\n\n창을 내려고 하는 부분\nWindow or area of intervention\n관절돌기 제거\nRemoval of articular processes\n둥근끌\nGouge\n\n가시돌기\nSpinous processes\n관절돌기\nArticular processes\n종양\nTumour\n척수\nSpinal cord\n\n65\n척추 어느 부분에서도 시행할 수 있는 수술법이다. 거의 시행되지 않는다.\n수술법 _Technique\n수술은 가시돌기와 척추판의 뼈로 된 “지붕”에 해당하는 등쪽 부분의 제거를 포함하지만 관절돌기는 남겨둔다.\n만약 필요하다면, 이러한 돌기들이 척수의 가장 등가쪽 부분으로 접근하기 위해 고속 구멍뚫개를 이용하여 제거될 수 있다.\n관절면에서의 추가적인 뼈 제거는 척추의 기계적 안정성을 감소시키지만, 그 영향은 평가하기 어렵다.\n지시 _Indications\n척수의 등쪽 또는 등가쪽 부분의 감압 또는 관찰, 예를 들면 종양, 거미막밑곁주머니 또는 말총의 압박\n척추원반 탈출의 경우 지시되지 않지만, 반쪽고리판절제술이 정립되기 전에 등허리척추원반 탈출에서 처음으로 선택되는 수술법으로 널리 사용되었다.\n등쪽고리판절제술 _Dorsal laminectomy\n66\n배쪽목척수감압술 _Ventral cervical spinal cord decompression\n이 수술법은 목 척추 수술이라고 알려져 있는 방법이다. 목 척추원반 탈출인 경우, 목 척추는 배쪽 접근이 쉽다는 점에서, 척추원반 물질은 주로 배쪽 접근을 통해 제거된다.\n수술법 _Technique\n고속 구멍뚫개를 이용하여 정중선에 홈이나 구멍을 내는 방법이 포함되어 있으며, 이때 문제가 있는 척추원반과 인접한 척추체 일부 모두를 포함한다.\n척수관 바닥에 도달하는 것은 척수를 압박하고 있는 척추원반 물질로의 직접적인 접근을 가능하게 한다.\n지시 _Indications\n중심옆의 척추원반 탈출\n충고 _Advice\n술 후 불안정성을 피하려면, 고랑은 특정 크기(특히 너비)를 넘어서는 안 된다.\n고랑은 척추원반 물질이 약간 치우쳐 있다고 하더라도 정중선을 따라 생성되어야 한다.\n\n\n가로 측면\n고랑\nGroove\n척추사이원반\nIntervertebral disc\n척수\nSpinal cord\n가시돌기\nSpinous process\n가로돌기\nTransverse processes\n\nC4 척추체\nVertebral body C4\n배쪽 감압(배쪽 접근 수술법)\n척추사이원반\nIntervertebral disc\n척수\nSpinal cord\n창 또는 고랑\nWindow or groove\nC5 척추체\nVertebral body C5\n67\n\n이 수술법은 척추체의 등쪽 부분에 굴이나 가쪽 도랑을 형성함으로써 척추체의 일부분을 제거하는 것을 포함한다. 이것은 반쪽고리판절제술이나 그것의 축소판과 결합할 수 있다.\n수술법 _Technique\n뼈 터널은 문제가 있는 척추원반에 인접한 두 개의 척추체에 생성되며, 압박을 받는 위치에 따라 다르지만 대략 정중선 가까이에서 척수관 바닥 아래를 달린다.\n척수관 바닥의 제거는 병변으로의 직접적인 접근을 제공하며, 척수의 감압이 순조롭게 이루어진다.\n지시 _Indications\n배쪽 압박 척수 손상. 척수관 바로 아래로 접근할 수 있게 한다.\n대형견에서 특히 만성적인 압박 병변\n(만성 척추원반 돌출)에 지시된다. 이 경우, 척추원반 물질이 경질막에 붙어있다고 보고 전통적인 반쪽고리판절제술은 조작할 수 있는 적당한 공간을 제공하지 못할 것이라고 본다.\n척추몸통제거술 _Corpectomy\n\n\n가로 측면\n탈출된 척추원반\nHerniated disc\n뼈 터널\nBone tunnel\n척추체의 부분적 복원\nPartial restoration\nof the vertebral body\n68\n\n척추원반천공술 _Disc fenestration\n이것은 척추사이원반을 비우기 위해 사용되는 수술법이다. 척추원반 분출이 있을 때, 속질핵은등쪽 섬유고리에 있는 틈이나 파열을 통해 탈출되며, 척수의 압박으로 이어진다.\n\n\n추출된 속질핵\nExtracted nucleus pulposus\n탈출된 척추원반\nHerniated disc\n수술법 _Technique\n척추사이원반 섬유고리의 등가쪽 창 또는 구멍의 생성\n척추사이원반 속질핵의 제거\n지시 _Indications\n탈출된 척추원반에 인접한 척추원반에서 예방적으로 시행됨.\n남아있는 속질핵 물질을 제거해서 탈출의 재발을 방지하기 위해 감압 수술 때 시행됨.\n창\nWindow\n69\n수술적 중재의 주된 영향은 다음과 같다:\n환자 신경 상태의 일시적인 악화\n수술에 의해 발생되며 적절히 처치되어야 하는 통증\n충고 _Advice\n다음에 대한 철저한 지식을 가지고 있는 것이 중요하다:\n수술해부학\n신경해부학\n뇌줄기 병변의 접근 한계\n\n신경외과 관련 합병증 _Neurosurgery-associated complications\n\n접근 가능한 부위\nAccessible area\n의인성 손상은 흔한 합병증이다.\n70\n\n수술 후 처치 _Postoperative care\n빠르고 완전한 회복을 보장하기 위해서 신경 환자의 수술 후 처치는 수술 자체만큼 또는 그보다 더 중요하다.\n일반적 _General\n적절한 영양과 수화\n기본적인 의료 처치\n추가적인 약의 적절한 처방\n진통제 _Analgesia\n수술 후 통증 조절은 기능적인 회복과 환자의 행복을 위해 필수적이다.\n휴식 및 운동 제한 _Rest and restriction of exercise\n보행불가능한 환자에서보다는 보행가능 환자에서 적용되어야 하지만, 전자의 경우 역시 조절되어야 한다.\n목뼈 수술의 경우: 전통적인 넥카라를 하네스로 바꿔야 한다.\n모든 환자에서: 배와 골반 주위에 각각 슬링과 하네스를 적용한다.\n재건 _Rehabilitation\n3가지 조건으로 구성된다:\n첫 번째 조건: 엄격한 휴식\n두 번째 조건: 조금씩 운동시간을 늘려 나감.\n세 번째 조건: 운동 강도를 단위 시간마다 조금씩 늘려 나감.\n보행불가능한 환자의 일반적인 처치 _General care of the prostrate animal\n환자는 깨끗하고 건조한 상태로 유지되어야 하며 적절한 쿠션이 제공되어야 한다.\n요실금 환자에서는 방광을 비워주어야 한다.\n주기적으로 환자를 씻기는 것이 중요하다.\n피부 상태, 특히 뼈 돌출부에서는 지속적으로 확인되어야 한다.\n환자를 회전시키는 것은 중요하다; 욕창으로 인해 생기는 문제(궤양, 폐렴 등)를 피하기 위해 이상적으로 3~4시간마다 실시한다.\n가능하다면 환자는 하루에 몇 번씩 들어 올려져야 한다.\n물리치료 및 재건: 근육 마사지, 수동 운동, 물 치료법, 보조 수영, 그리고 근육의 전기 자극 등의 방법을 포함한다.\n\n"
}