{"title": "수의사와 보호자가 함께 보는 반려동물 아틀라스 시리즈- 심장호흡계질환", "author": "윤화영 감수", "publisher": "(주)범문에듀케이션", "department": "내과", "disease": "\n \n후천적 판막질환 –Acquired valvular diseases\n14\n치료 _Treatment\n치료 목적은 폐울혈을 관리하고 심장의 혈액 펌프 기능을 향상시키는 것이다.\n치료는 환자의 임상적 상태에 맞추어 꾸준히 이루어져야 한다.\n만성판막변성 _Chronic valvular degeneration\n만성판막변성이나 심내막염은 개에서 가장 흔한 후천적인 심장질환이다. 만성판막변성은 방실판막의 퇴행병을 말하며, 판막이 두꺼워지는 것이 특징이다. 이는 결국 심부전으로 이어진다.\n만성판막변성은 근본적으로 승모판에 발생하며, 때때로 삼첨판막에서도 발생하는 경우가 있다. 병변이 진행됨에 따라 좌심방으로의 역류가 점점 심해지며 폐울혈과 폐부종을 유발한다.\n \n승모판막의 기능 결함\nDeficient function of the mitral valve\n임상증상 _Clinical signs\n진행성이다.\n심장의 확장은 기관의 변위와 압박을 일으켜 기침을 유발한다.\n질병이 진행되면 피로와 호흡곤란 등의 징후가 보일 수 있다.\n만성판막변성이 있는 모든 개들에게서 특징적인 승모판막 역류성 잡음을 들을 수 있다.\n진단 _Diagnosis\n흉부 방사선 영상을 통해 심장, 특히 좌심방의 확장과 폐울혈과 폐부종을 관찰할 수 있다.\n판막의 비후, 심방의 확장, 혈액의 역류는 심장초음파를 통해 확인 및 평가 가능하다.\n \n정확한 원인은 밝혀지지 않았지만, 만성판막변성은 나이가 많은 개나 소형견에서 더 흔하게 발생한다.\n \n후천적 판막질환 –Acquired valvular diseases\n15\n치료 _Treatment\n치료의 목적은 감염을 일으키는 미생물을 제거하고 부정맥, 심부전, 색전증 등의 합병증을 관리하는 것이다.\n항생제는 이상적으로 혈액 배양 검사의 결과에 따라 선택해야 한다.\n \n감염성 심내막염 _Infectious endocarditis\n피부, 입, 요로, 전립샘, 허파 등에서 들어온 세균이 심장 판막에 감염을 일으킨 것을 말한다.\n감염성 심내막염은 주로 대동맥판막이나 승모판막에 발생하며 “vegetations”라고 불리는 증식성 병변이 생긴다. 패혈성 조각들이 이 병변에 부착할 수 있다.\n감염성 심내막염이 있는 환자는 종종 울혈성 심부전과 콩팥, 지라, 심장, 뇌에서의 혈전색전이 나타날 수 있으며 심장 부정맥으로 인한 돌연사까지 이를 수 있다.\n임상증상 _Clinical signs\n우울, 쇠약, 식욕 부진 및 체중 감소와 같은 비특이적인 임상증상과 함께 열성 반응이 나타나 결국 심부전을 일으킬 수 있다.\n진단 _Diagnosis\n청진 시 최근에 잡음이 들리기 시작했고 열이 있다면 심내막염을 의심할 수 있다.\n혈액검사를 통해 염증 발생 과정과 다른 기관의 관련성을 밝힐 수 있다.\n심장초음파는 증식형 병변과 그로 인한 결과를 발견하기 위해 필수적이다.\n감염성 심내막염은 흔하지 않고, 고양이보다는 개에서 많이 발생 빈도가 높다. 대형견에서 더 많이 발병한다.\n \n증식성 병변 혹은 “vegetations”\nProliferative lesions or “vegetations”\n다른 기관으로부터 감염된 세균\nBacteria from infections in other organs\n\n"}