{
    "title": "수의사와 보호자가 함께 보는 반려동물 아틀라스 시리즈- 심장호흡계질환",
    "author": "윤화영 감수",
    "publisher": "(주)범문에듀케이션",
    "department": "내과",
    "disease": "\n \n심장막병과 심장 종양 _Pericardial diseases and heart tumours\n23\n치료 _Treatment\n•\t심장막천자는 언제나 첫 번째로 수행되어야 할 치료 방법이다.\n•\t이후에 삼출이 재발할 경우 가능하다면 대부분 심장막절제술과 원인의 치료를 고려해야 한다.\n심장막삼출 _Pericardial effusion\n심장막삼출은 심장막안에 체액이 축적된 것으로, 이로 인해 심장이 눌려 정상적인 충만이 이루어지지 못한다. 이를 심장막눌림증(심장압전)이라고 한다.\n일반적으로 삼출은 점차적으로 진행되며, 가장 약해져 있는 오른쪽 심장에 압박이 발생한다. 이로 인해 울혈성 우심부전의 징후가 나타나고 심장박출량은 감소한다.\n임상증상 _Clinical signs\n임상증상은 시간이 지남에 따라 악화된다.\n•\t쇠약, 운동못견딤증, 실신, 기침, 식욕부진\n•\t복수와 근육량 감소\n원인 _Causes\n개에서는 다음과 같은 원인으로 인해 주로 출혈성 삼출물이\n발생한다.\n•\t심장이나 심장막의 종양\n•\t원인불명의 출혈성 심장막 종양\n•\t덜 흔한 원인: 항응고물질 중독, 심장근육 파열\n•\t심장초음파검사를 통해 삼출물과 심장 종괴를 확인할 수 있으며, 눌림증(압전)의 평가가 가능하다.\n1.\t장막심장막(심장바깥막)\n2.\t심장막안\n3.\t벽심장막\n4.\t섬유심장막\n5.\t세로칸가슴막(종격흉막)\n6.\t복장심장막인대\n7.\t복장뼈\n \n심장막병과 심장 종양 _Pericardial diseases and heart tumours\n24\n치료 _Treatment\n•\t임상증상이 존재하는 동물: 복강장기를 원래 자리에 돌려놓은 후 수술적으로 결손 부위를 막는다.\n•\t증상이 없는 동물: 수술이 필요하지 않으며, 특히 성체인 경우 필요성은 더 낮다.\n \n와이머라너 개와 히말라얀 일부 종은 이 질병에 대한 종 소인을 가지고 있다.\n복막심장막횡격막탈장\n_Peritoneopericardial diaphragmatic hernia\n복강이 횡격막을 통해 심장막안과 연결되는 선천적인 결함으로, 창자나 간 등 서로 다른 복강 장기가 심장 주변의 심장막을 통과하는 것을 말한다. 이러한 결함은 주로 배꼽탈장이나 복장뼈의 기형 등 다른 이상과 같이 나타난다.\n임상증상 _Clinical signs\n•\t주로 어린 동물에서 발견된다.\n•\t소화기 증상: 구토, 설사, 체중감소, 복통\n•\t기침, 호흡곤란\n•\t평생 증상이 없어 질병이 있다는 사실을 모르다가 우연히 발견할 수도 있다.\n진단 _Diagnosis\n•\t방사선 영상을 통해 확장된 심장과 횡격막이 서로 다른 밀도를 가진 것들(창자 속의 기체, 지방, 간 등)과 겹쳐진 것을 확인할 수 있다.\n•\t바륨 조영제를 사용한 방사선 영상을 통해 창자와 위를 심장막안에서 관찰될 수 있다.\n•\t심장초음파검사를 통해 심장 주변에서 복강 장기의 존재를 확인할 수도 있다.\n \n심장막병과 심장 종양 _Pericardial diseases and heart tumours\n25\n심장 혈관육종\n \n•\t주로 우심방 벽에 위치한다.\n•\t저먼 셰퍼드, 골든 리트리버, 잉글리쉬 세터에서 주로 발생한다.\n심장기저암\n \n•\t주로 심장의 윗부분에 위치한다.\n•\t복서, 불독, 보스턴 테리어와 같은 단두종의 개에서 많이 발생한다.\n임상증상 _Clinical signs\n•\t흉막삼출로 인한 우심부전의 증상(복수)은 종종 종양에 의해 유발된다.\n•\t심장근육으로 종양이 침윤된 결과로 발생한 심부정맥이 실신을 유발할 수 있다.\n치료 _Treatment\n•\t심장막천자는 심장막눌림증(심낭압전)의 관리를 위해 중요하다.\n•\t대부분 심장막절제술은 심장기저암의 성장을 늦추고 전이율을 낮추어 환자의 기대수명을 늘리는 데에 도움을 준다.\n•\t심장 혈관육종, 중피종, 림프종은 예후가 나쁘다.\n개에서 가장 흔한 심장 종양은 혈관육종과 심장기저암이다. 종양은 주로 중년에서 노령의 개에 많이 발생한다. 적게 발생하는 다른 종양으로는 심장막중피종과 심장림프종이 있다. \n심장 종양 _Heart tumours\n진단 _Diagnosis\n•\t방사선영상을 통해 종괴를 확인할 수 있고 심장초음파검사를 통해 부정맥을 감지할 수 있다.\n•\t심장초음파는 종양을 확인하거나 심장막안 삼출이 존재할 가능성이 있을 때 선택하는 방법이다.\n\n"
}