{
    "title": "수의사와 보호자가 함께 보는 반려동물 아틀라스 시리즈- 심장호흡계질환",
    "author": "윤화영 감수",
    "publisher": "(주)범문에듀케이션",
    "department": "내과",
    "disease": "\n심장사상충 _Heartworms\n26\n치료 _Treatment\n•\t감염된 개에서 사상충 성체를 제거하기 위한 약물 프로토콜이 존재한다. 이 프로토콜은 매우 광범위하며, 엄격한 운동 제한과 몇 개월 동안의 정기적인 후속 관리가 필요하다.\n•\t유행지역에서는 미성숙한 유충에 대한 정기적인 약물적 예방이 추천된다.\n \n고양이가 개보다 감염에 저항력이 있기 때문에 개에서 더 많이 발병한다.\n심장사상충증 _Heartworm disease\n개사상충증 혹은 심장사상충증은 폐동맥과 종종 오른쪽 심장에 영향을 주는 선충이 원인이다. 사상충 성체는 미세사상충을 혈류로 내보냄으로써 번식한다. 피를 빨아먹는 다양한 종의 모기가 이 질병의 매개체 역할을 한다. 모기에 의해 다시 개에게 주입되면, 감염된 유충은 발달을 완료한 후 성체가 폐동맥에 도착할 때까지 이동한다. 이후 그곳에서 혈관 병변을 유발하고 혈액의 흐름을 막는다.\n임상증상 _Clinical signs\n•\t피로\n•\t기침\n•\t호흡곤란\n•\t실신\n•\t중증의 경우, 우심부전(복수)\n진단 _Diagnosis\n•\t혈액 속에서 미세사상충의 확인 및 혈청이나 혈액에서 성체 항원의 발견\n•\t사상충은 종종 폐동맥이나 오른쪽 심장에서 초음파 검사를 통해 발견된다.\n \n \n혈액 속의 미세사상충\nMicrofilariae in blood\n \n \n \n미세사상충은 모기의 체내에서 감염력이 있는 유충으로 변한다. 이 과정은 평균 기온이 148C보다 높을 때만 일어난다.\n \n사상충 성체\n(오른쪽 심장과 허파 세동맥 속)\nAdult filariae (in the right side of the heart and pulmonary arteries)\n \n심장사상충 _Heartworms\n27\n치료 _Treatment\n이미다클로프리드(imidaclorid)/모시덱틴(moxidectin)의 합제나 펜벤다졸(fenbendazole)이나 밀베마이신(milbemycin)과 함께 사용하여 치료하면 예후가 좋다.\n개주혈선충에 의한 주혈선충증\n_Angiostrongylosis caused by Angiostrongylus vasorum\n개주혈선충은 의원충과의 선충으로 개와 다양한 야생의 육식동물에 감염된다. 성충은 개의 폐동맥에 존재한다. 유충은 개의 허파 내강으로 이동하며 개가 기침할 때 입으로 나오고, 다시 삼켜지면서 이후 분변으로 배출된다. 이러한 생활사는 민달팽이와 달팽이의 체내에서 감염력을 가지면서 완성된다. 다른 개가 민달팽이나 달팽이를 먹으면 감염력 있는 유충이 배출되고 혈류를 따라 다시 폐동맥으로 이동한다. 이로 인해 허파에 육아종이나 혈관성 병변이 생긴다.\n임상증상 _Clinical signs\n•\t기침, 호흡곤란 등의 호흡기 증상\n•\t출혈로 고통받는 경향\n \n \n진단 _Diagnosis\n•\t흉부 방사선 영상을 통해 기관지패턴과 다소 특징적으로 군데군데 존재하는 사이질 패턴을 관찰할 수 있다.\n•\t배출된 유충은 특수한 분변 검사를 통해 확인할 수 있다.\n•\t혈청이나 혈장에서 개주혈선충의 성체를 검출을 위한\n검사가 가능하다.\n \n프랑스 심장사상충이라고도 알려져 있으며 유럽의 일부 지역에서 유행한다.\n"
}