{"title": "수의사와 보호자가 함께 보는 반려동물 아틀라스 시리즈- 심장호흡계질환", "author": "윤화영 감수", "publisher": "(주)범문에듀케이션", "department": "내과", "disease": "\n심장혈관질환 –Miscellaneous cardiovascular diseases\n28\n폐동맥의 확장\nEnlargement of the pulmonary arteries\n우심실의 비대\nHypertrophy of the right ventricle\n치료 _Treatment\n•\t치료는 근본적인 심장과 허파 이상에 초점을 맞추어 진행한다.\n•\t실데나필(sildenafil)은 폐혈관 확장제로 폐동맥고혈압이 있는 개에서 효과적이라는 것이 증명되었다.\n폐동맥고혈압\nPulmonary hypertension\n \n폐동맥고혈압 _Pulmonary hypertension\n폐 순환은 낮은 압력, 낮은 저항성, 높은 혈액 수용력을 가지며, 이로 인해 생명체는 필요에 따라 폐 순환의 혈류를 변화시켜 적응할 수 있다. 개에서 정상적인 폐동맥혈압은 수축기 때 25 mmHg, 확장기 때 10 mmHg이며, 정상적인 평균 폐동맥혈압은 15 mmHg이다. 폐동맥고혈압은 수축기 때의 폐동맥혈압이 30 mmHg 이상이거나 평균 폐동맥혈압이 20 mmHg 이상일 때로 정의된다.\n정상 양상\nNormal aspect\n원인 _Causes\n•\t울혈성좌심부전: 승모판막의 변성, 확장심장근육병증 등\n•\t만성 호흡기 질환: 폐의 섬유화, 만성 기관지염 등\n•\t폐 혈관 폐쇄 질환: 심장사상충증, 폐 혈전색전증 등\n•\t폐 순환 과부하: 넓은 부위에 존재하는 선천적인 션트(동맥관잔존증, 심실중격결손)\n•\t원인불명이거나 유전적\n임상증상 _Clinical signs\n•\t기침, 호흡곤란, 운동못견딤증(운동불내성), 청색증\n•\t실신\n진단 _Diagnosis\n심장초음파검사로 인해 확장된 폐동맥과 우심실의 비대를 확인할 수 있으며, 도플러 초음파는 폐동맥압을 측정할 수 있는 훌륭한 비침습적 방법이다.\n \n심장혈관질환 –Miscellaneous cardiovascular diseases\n29\n혈류 변화, 사구체여과에 의해\n발생한 콩팥기능상실\n뇌부종,\n혈관 손상에 병발하는 고혈압뇌병증\n \n \n전신고혈압 _Systemic hypertension\n정상 동맥혈압은 개에서 133 mmHg와 75 mmHg(수축기/확장기) 사이이다. 개에서의 고혈압은 주로 콩팥기능부전, 부신겉질기능항진증, 갑상샘항진증, 당뇨 등 다른 질환에 의해 2차적으로 발생한다. 중증도는 눈, 콩팥, 뇌, 심장 등 표적기관에 손상을 입힐 위험성이 큰 정도에 따라 분류된다.\n \n임상증상 _Clinical signs\n•\t눈에서의 증상이 가장 흔하다. 출혈이나 망막 박리에 의해 갑작스럽게 실명될 수 있다.\n•\t콩팥기능부전(다뇨/다갈), 뇌 손상(행동 변화, 경련, 운동실조), 심장 문제(잡음)에 관련된 증상을 관찰할 수 있다.\n표적장기의 손상 위험성\t수축기 혈압\n(mmHg)\t확장기 혈압\n(mmHg)\n최소\t< 150\t< 95\n경증\t150–159\t95–99\n중등도\t169–179\t100–119\n중증\t> 180\t> 120\n진단 _Diagnosis\n•\t진찰하는 동안, 동맥혈압은 주로 도플러와 진동법을 이용하여 측정된다. 측정은 체계적인 방법으로, 조용한 환경에서 진행해야 정확한 결과를 얻을 수 있다.\n•\t표적기관을 진찰해야 한다.\n치료 _Treatment\n•\t고혈압과 관계된 모든 질환을 제일 먼저 치료해야 한다.\n•\t가장 흔하게 사용하는 고혈압 약물로는 안지오텐신(angiotensin)전환효소억제제와 칼슘통로차단제가 있다.\n\n"}