{
  "title": "수의사와 보호자가 함께 보는 반려동물 아틀라스 시리즈- 심장호흡계질환",
  "author": "윤화영 감수",
  "publisher": "(주)범문에듀케이션",
  "department": "내과",
  "disease": "35\n호흡계통의 생리해부\n_Physiological anatomy of the respiratory system\n호흡계통은 공기 중에서 산소(O2)를 가져와 혈액으로 이동시킴으로써 조직에 전반적으로 분배하며, 세포 대사에서 발생한 이산화탄소(CO2)를 바깥으로 배출하는 역할을 한다. 호흡계통은 상부기도와 하부기도, 허파(폐), 가슴막으로 이루어져 있다. 허파는 흉강에 의해 보호받고, 가슴안은 복장뼈, 갈비뼈, 척추에 의해 형성된다.\n산소와 이산화탄소 교환\n가스교환은 허파꽈리에서 일어나며, 허파꽈리는 공기로부터 들어온 산소를 전달해주고 이산화탄소를 가져가는 모세혈관으로 둘러싸여 있다. 이로 인해 산소가 적고 이산화탄소가 많은 혈액이 오른쪽 심장에서 나와 허파에 전달되고, 산소가 많고 이산화탄소가 적은 혈액이 허파에서 나와 왼쪽 심장에 전달됨으로써 생물체 전체에 이 혈액이 분배된다.\n내시경 검사소견 및 생검 조직의 채취\n전신 마취하에서 소아용 내시경(Fusinon Fiberscope FG-100PE, Japan)을 이용해 분문부, 위저부, 유문동 부위등 위전반을 관찰한 결과 유문동 주위에서 출혈과 출혈반을 동반한 명확한 위염상태를 확인 할 수 있었다 (Fig 1A). 위염부위 관찰후 2mm 직경의 내시경 생검조직 겸자(Fusinon\nK1812 RP, Japan)를 이용해 생검조직을 채취하였으며 채취된 위 생검 조직은 Helicobacter 균속 감염 진단을 위한 도말 압착표본 제작과 PCR 분석에 이용하였다."
}