{"title": "48. 반려견의 점액종 승모판 질환으로 인한 만성 울혈성 심부전 관리", "author": "마라 바가르디", "publisher": "MDPI", "department": "내과", "disease": "48. 반려견의 점액종 승모판 질환으로 인한 만성 울혈성 심부전 관리\n\n1. 소개\n점액종성 승모판 감염(MMVD)은 개에서 가장 흔한 후천성 심혈관 감염입니다[1]. 1차 진료 수의사에게 내원한 개의 약 10%가 심장 감염을 앓고 있으며 MMVD가 가장 흔한 것으로 추정됩니다(심장 감염 사례의 75%)[2,3]. 승모판 역류(MR)는 가장 빠른 혈역학적 사건입니다. 질병의 진행과 판막 역류의 중증도가 증가함에 따라 왼쪽 심장의 부피 과부하가 발생하여 좌심방 및 심실 리모델링과 울혈성 심부전 (CHF)이 발생합니다[1,4]. 특히, MMVD에 이차적으로 리모델링되는 것은 글리코사미노글리칸(glycosaminoglycans)과 프로테오글리칸(proteoglycans)을 이용한 세포외 기질의 확장, 판막 간질세포(valvular interstitial cell)의 변형, 콜라겐이 많은 섬유층(collagen-loaded fibrosa)의 감쇠 또는 소실과 같은 특징적인 조직병리학적 특징과 관련이 있습니다. 이는 승모판의 기형, 생체역학적 기능장애 및 승모판 무력으로 이어집니다. 승모판 역류는 MMVD의 가장 흔한 증상이며, 진행된 단계에서는 관련 용적 과부하가 진행성 판막 역류, 좌심방 및 좌심실 재형성, 심방 파열, 척추 파열 및 만성 심부전을 촉진합니다[5]. MMVD가 있는 개는 좌측 만성 심부전증 임상 징후로 빈호흡, 안절부절못함, 호흡곤란 또는 기침 병력이 있습니다[3]. 급성 만성 심부전증이 있는 반려견은 입원이 필요하지만, 만성 심부전증 환자는 집에서 조절할 수 있습니다. 개에서 MMVD에 이차적으로 발생하는 만성 심부전증의 치료법이 항상 같지는 않았다. 지난 50년간 사용되는 약물은 상당히 변했으며 일부는 의도된 용도를 변경했습니다. 치료법 프로토콜도 시간이 지남에 따라 크게 변경되었습니다. 1970년, 연구와 문헌은 인간 의학 지향적이었고, 개의 만성 심부전은 보통 실험적으로 유도되었으며, 개는 실험 동물로 간주되었다. 나중에는 개의 건강과 웰빙이 주요 지표가 되었습니다. 따라서 연구는 환자인 개를 대상으로 수행되었으며, MMVD에 이차적인 만성 심부전성 심부질환 치료는 주로 자연발병에 대한 연구가 이루어졌다.\n1970년부터 2020년까지 MMVD에 질병된 개의 만성 심부전 치료에 관한 문헌 분석은 불가능하며, 이 주제에 대해 출판된 문헌의 종합과 현재 상태에 대한 설명이 필요합니다.\n특정 주제를 중심으로 한 문헌고찰은 체계적(SR) 또는 비체계적(서술적 문헌고찰—NR)일 수 있으며, 다양한 근거 수준, 다양한 목적, 방법 및 적용 영역을 가진 연구를 포함할 수 있다[5]. 일반적으로 NR은 연대순으로 정리될 수 있는 출판된 논문을 설명하고 진단하며, 일반적인 프레임워크에는 서론, 문헌 검색, 중심 본문/논의, 결론 및 초록과 같은 여러 섹션이 포함됩니다.\n저자가 아는 한, 개에서 MMVD에 이차적으로 발생하는 만성 심부전의 치료적 조절에 관한 NR은 아직 수의학에 발표되지 않았으며, 본 연구의 목적은 1970년부터 2020년까지 개에서 이 질병의 치료를 개관하는 것입니다.\n2. 재료 및 방법\n2.1. 검색 전략\n연구 엔진의 식별은 문헌 선정 과정의 첫 번째 단계 였습니다[5]. 가장 접근성이 높은 오픈 액세스 데이터베이스인 PubMed, Embase 및 Google Scholar가 선택되었으며 검색 기간은 1970년부터 2020년까지 50년으로 설정되었습니다. 그런 다음 \"반려견의 승모판 질환으로 인한 만성 울혈성 심부전 치료\"라는 핵심 개념이 PubMed(Medical Subject Heading—MSH)의 논문 색인화에 사용되는 동의어 사전 시스템을 통해 키워드로 변환되었습니다. 가장 뚜렷한 용어는 \"치료\", \"만성 울혈성 심부전\", \"개\", \"승모판 감염\"이었으며 검색창에 입력되었습니다[5]. 그런 다음 가장 많이 사용되는 심폐활성 약물(즉, 이뇨제, ACE 억제제, 이노확장제, 이노트로프)의 범주도 검색 문자열에 포함되었다.\nThe three basic Boolean operators, AND, OR,  and NOT, were employed to focus the search. Since our topic contains multiple search terms the operators were essential to connect various pieces of information to find exactly what we were looking for.\nIn accordance with study design proposed by Ranganathan [6] and Röhrig, [7] the publications were classified as descriptive (case reports, case series, cross-sectional studies) or analytical, such as observational (cross-sectional studies, case-control studies, cohort studies) and experimental studies (clinical trials, randomized controlled trials, comparative studies, retrospective studies), or as questionnaires, reviews, and guidelines.\n2.2. Inclusion/Exclusion Criteria\nInclusion criteria were full text and/or abstract available in the English language, better both or at least the abstract, and studies focusing on the treatment of CHF secondary to MMVD in dogs published from 1970 to 2020. Furthermore, selection also considered the origin of the CHF secondary to spontaneous or experimental-induced MMVD (MMVDEI).\nStudies concerning the therapy of acute CHF, right CHF, Bernheim Syndrome and ventricular interdependence, chronic CHF secondary to heart diseases different from MMVD, research on animals different from dog, and studies dealing with surgical therapy of MMVD were excluded from this study.\nThe inclusion and exclusion criteria were applied, and the resulting flowchart is reported in Figure 1.\nFigure 1.\n\n\n본 논문에 대한 문헌 선정 과정의 흐름도.\n선정된 연구는 연구의 목적, 인구 목표, MMVD의 발병기전 (자연 발생 또는 유도) 및 그에 따른 만성 심부전(CHF)에 따라 범주로 분류되었다. 인간을 중심으로 한 모델로서의 개(DMH), 개의 모델로서의 개(MMVDEI)(DMD), 질병에 걸린 개의 모델로서 자연적으로 후천적인 MMVD에 영향을 받은 개(DNAD)의 세 가지 연구가 얻어졌다(표 1).\n표 1.\n연구를 세 가지 범주로 하위 분류합니다.\n\t증권 시세 표시기\t증권 시세 표시기\t디에이드\n일지\t인간 의학 저널\t수의학 저널\t수의학 저널\n연구의 목적\t인간에서 만성 심부전 약물 치료의 효능을 시험하기 위해 개에서 CHF 약물 치료의 효능을 시험하기 위해\t개의 만성심부전(CHF) 요법을 시험하기 위해\n인구\t건강한 반려견\t영향을 받거나 건강한 개\t영향을 받은 개\n음브이(MMVD)\t유도\t자연적 또는 유도적\t자연의\n\n또한 연구는 저널의 대상(human medicine 및 veterinary medicine)에 따라 구별되었습니다(표 1)[8].\n3. 결과\n3.1. 일반적인 고려 사항\n연구 엔진은 개의 만성 심부전 치료법에 관한 384건의 연구를 제공했습니다. PubMed는 우리의 선정 기준 (영문 전문및/또는 초록)에 더 잘 부합하는 연구를 더 많이 포함하고 있기 때문에 Embase 및 Google Scholar보다 이전 연구를 검색하는 데 더 유용한 것으로 입증되었습니다(그림 2 및 그림 3).\n\n\n\n3개의 데이터베이스에서 확인된 연구 수와 3개의 범주로 할당되었다.\n\n\n\n각 데이터베이스와 수십 년 동안 발견 된 개의 CHF을 중심으로 한 연구의 수많음.\n수의학 저널에 발표된 연구는 임상시험 43건(24.29%), 무작위대조군 임상시험 41건(23.16%), 교차 임상시험 10건(5.65%), 리뷰 40건(22.60%), 비교 연구 5건(2.82%), 대조군 연구 17건(9.60%), 코호트 연구 2건(1.13%), 실험 연구 2건(1.13%), 설문지 2건(1.13%), 사례 보고 6건(3.40%), 후향적 연구 7건(3.95%), 가이드라인 2건(1.13%)이었다(그림 4).\n\n\n\n수의학 저널(DMD 및 DNAD)에 발표 된 연구의 세분화는 고려 된 50 년 동안의 연구 유형에 따라 다릅니다. 지난 수 십 년 동안 수의학 연구의 유형이 지난 세기보다 더 다양했다는 점은 흥미롭습니다.\n그러나 50년 동안 수의학 저널(DMD)에 발표된 실험 연구는 자발적 MMVD에 영향을 받은 개을 중심으로 한 연구(128-72.32%)보다 적었습니다(그림 5).\n\n\n\n수의학 저널에 발표된 수많은 연구 비교.\n치료법 효능을 시험하기 위해 건강한 개(인간 또는 개)에서 만성 심부전을 유도한 실험적 연구에서는 분포에서 가장 높은 기간변동성을 보여주었습니다(그림 6).\n\n\n\n각 데이터 베이스에서 발견된 연구는 세 가지 범주로 할당되고 고려된 수십 년 동안 배포되었습니다. 지난 수십 년 동안 자발적인 질병을 앓고 있는 개를 대상으로 한 연구가 증가한 것은 개가 인간 만성 심부전 치료법에 잠재적으로 유용한 약물을 테스트하기 위한 모델이었던 연구와 비교했을 때 증가했다는 점에 주목하는 것은 흥미롭습니다.\n3.2. 1970–1979\n1970년대에는 3개의 연구 엔진에서 진행된 문헌 검색으로 11개의 연구가 이루어졌으며 모두 인간 의학 저널에 발표되었습니다[9,10,11,12,13,14,15,16,17,18,19]. 승모판 기능 부전은 항상 개에서 수술 및/또는 약리학적으로 낮은 심박 출량을 얻기 위해 실험적으로 유도되었습니다. 이 연구의 목표는 인간에서 만성 심부전 치료법를 위한 약물을 테스트하는 것이었습니다. 가장 오래된 연구를 찾는 데 가장 유용한 것으로 입증된 데이터 베이스는 PubMed였습니다(그림 3).\n이 10년 동안 개의 자발적 만성 심부전을 설명하는 증례 보고는 단 한 건에 불과했습니다[20]. 따라서, MMVD에 이차적으로 작용하는 개 CHF의 약리학적 조절는 이 10년 동안 아직 철저히 조사되지 않았다고 추론할 수 있습니다.\n또한, MMVD로 인한 개 자발적 만성 심부전의 치료법 이정표가 책에 보고되었습니다[21]에 대한 주요 항목이 논의된다. 따라서 대부분의 연구자는 접근할 수 없었습니다[18]. 치료법 프로토콜에는 오늘날 사용되는 것과 동일한 약물이 포함되었지만 그림 7에서 보고된 바와 같이 매우 다른 의도를 가지고 있습니다[21].\n\n\n\n지난 50년 동안 개 만성 심부전 치료법에 사용된 약물의 주요 범주를 나타내는 타임라인.\n3.3. 1980–1989\n1980년대에는 1970년대에 비해 개 실험 연구가 증가했다[22,23,24,25,26,27,28,29,30,31,32,33,34,35,36,37,38,39,40,41,42,43,44,45,46, 47,48,49,50,51,52,53,54,55,56,57,58,59], 그리고 그들은 대부분 인간 의학 저널 (DMH)에 발표되었다. 이 10년 동안 이러한 유형의 연구는 여전히 제일 일반적이었습니다(그림 3). 그러나 개를 대상으로 진행된 실험 연구가 확인되어 수의학 저널(DMD)에 발표되었습니다[60].\n위에서 언급한 실험적 연구 외에도 자발적 MMVD에 영향을 받은 개의 만성 심부전 조절에 대한 5건의 다른 연구가 발표되었습니다. 2건의 연구는 하이드랄라진의 사용을 시험했고[61,62], 1건의 연구 는 밀리논[63], 다른 2건은 디기탈리스 배당체를 시험했다[64,65]. 1970년대와 1980년대에 디기탈리스 배당체는 개 만성 심부전의 표준 치료법으로 간주되었으며, 연구는 대부분 적절하고 개별적인 치료법 용량을 찾는 데 중점을 두었습니다에 대한 주요 항목이 논의된다. 사실, 어떤 경우에는 동일한 복용량이 다른 결과를 제공하였다. 예를 들어, 두 간행물 중 하나에서, 10 명의 환자에게 투여된 디곡신 용량은 1일 2회 0.01mg/kg 제지방량이었다. 그러나 환자의 혈청 디곡신 농도는 달랐다.\n3.4. 1990–1999\n1990년 대는 인간 의학 저널에 발표된 실험 연구의 수가 가장 많았습니다[66,67,68,69,70,71,72,73,74,75,76,77,78,79,80,81,82,83,84,85,86,87,88,89,90,91,92,93,94,95,96,97,98,99,100,101,102,103,104,105,106,107,108,109,110,111,112,113,114,115,116,117,118,119,120,121,122,123,124,125,126,127,128,129,130,131,132,133,134,135,136,137,138]. 이는 인간 만성심부전의 치료법에 관한 연구가 이 시기의 핵심 포인트였으며 개가 가장 일반적이고 유용한 실험 동물 중 하나로 간주되었음을 강조합니다. 또한, 수의학 저널에 발표 된 실험 연구 건수도 이전 10년에 비해 증가했습니다[139,140,141,142,143,144]. 자발적 MMVD에 걸린 개을 중심으로 한 만성 심부전의 치료 효과를 진단했으며, 발표된 연구는 이전 20년보다 더 많았다. 많은 연구에서 ACE 억제제(캡토프릴, 에날라프릴, 퀴나프릴, 라미프릴, 베나제프릴)의 효과와 효능을 검증했으며, 이 10년 동안 MMVD에 질병된 개를 대상으로 한 만성 심부전의 표준 요법에 도입되었다[145,146,147,148,149,150,151,152,153,154,155,156]. 특히, 에날라프릴과 베나제프릴의 효능 및 효과 진단에 크게 기여한 COVE 연구[147], IMPROVE 연구[148], BENCH 연구[156], LIVE 연구[155]를 언급하는 것이 중요합니다. ACE 억제제는 다양한 용량으로 투여되었다을(를) 실시한다 베나제프릴은 최소 0.25mg/kg에서 1일 1회, 캡토프릴 0.5mg/kg은 1일 3회, 퀸에이프릴 0.5mg/kg은 1일 1회 1회, 에날라프릴은 0.38mg/kg에서 1일 1회 0.5mg/kg으로 1일 1회 또는 2회, 라미프릴 0.125mg/kg은 1일 1회 또는 2회 투여했다. 또한, 밀리논(milrinone)을 중심으로 한 2건의 연구[157,158](0.5-1mg/kg을 하루 2회 투여), 프로펜토필린(propentophylline)을 중심으로 한 2건[159,160], 만성 심부전증이 있는 반려견의 식단에 피시 오일을 추가했을 때의 효과을 중심으로 한 1건의 연구가 발표되었다[161]. 이러한 연구는 분리되어 있으며 이러한 분자을 중심으로 한 연구는 수의학에서 후속 조치가 취해지지 않았습니다. 1991년과 1998년에, 개의 만성 심부전(CHF)에 관한 연구[162]와 후부하 감소제에 관한 연구[163]가 발표되었다.\n1995년, 수의학에서 심장학적 조사을 중심으로 한 최초의 문서화된 경험 결과가 발표되었습니다[164]. 설문지는 수의사에게 제출되었으며, 목적은 개의 심장 감염을 치료하기 위해 처방된 약물에 대한 선호도를 평가하는 것이었습니다[164]. 흥미롭게도, 이뇨제(74%)가 가장 흔한 범주인 것으로 나타났으며, 1980년대까지 반려견의 만성 심부전 치료법의 이정표였던 양성 수축제(digitalis glycoside)는 가장 적게 사용된 약물(20%)이었습니다에 대한 주요 항목이 논의된다. 따라서 이 10년 후부터 주요 치료법제로서 디기탈리스 배당체의 사용이 감소하기 시작했습니다[164].\n3.5. 2000–2009\n2000년대에 개를 대상으로 한 인간 만성 심부전(DMH)에 사용된 약물의 효능을 실험한 실험 연구는 이전 수십 년보다 적었습니다[165,166,167,168,169,170,171,172,173,174,175,176,177,178,179,180,181,182,183,184, 185,186,187,188,189,190,191,192,193,194,195,196,197,198,199,200,201,202,203,204,205,206,207,208,209,210,211,212,213,214,215]. 이와는 대조적으로, 수의학 저널에 발표된 실험적인 개의 만성 심부전 치료를 평가한 연구가 증가했다[216,217,218,219,220,221,222,223,224,225,226,227,228,229,230,231] 및 자발적 MMVD 환자에서 진행되었습니다. MMVD(DNAD)에 이차적인 만성 심부전을 가진 개를 대상으로 한 약물을 중심으로 한 과학 출판물은 전년도보다 더 많았으며, ACE 억제제[232,233,234,235], β차단제[236,237,238], 실데나필[239,240], 아미오다론[241], 이뇨제[242], 이소소르비드 5-모노나이트레이트[243], 암로디핀[244]]입니다. 특히, 퀸에이프릴과 에날라프릴은 1일 1회 0.5mg/kg, 라미프릴은 1일 1회 0.125mg/kg, 페린도프릴은 1일 1회 0.2mg/kg, 베나제프릴은 0.25 - 1mg/kg/일로 투여했다. 피모벤단은 또한 MMVD에 이차적으로 사용되는 만성심부전의 표준 치료법 프로토콜에 도입되었습니다[245,246,247,248,249]에 대한 주요 항목이 논의된다. QUEST 연구와 같은 일부 연구에서는 피모 벤단과 ACE 억제제를 비교했으며[250], 그 결과, 피모벤단을 표준 요법(이뇨제 및 디곡신)과 병용하여 0.4–0.6mg/kg/일의 용량으로 투여하면 MMVD에 이차적으로 만성심부전을 앓고 있는 환자의 기대 수명과 삶의 질이 연장 되는 것으로 나타났습니다[251]. 디기탈리스 배당체는 의도된 용도를 확실히 변경 했으며, 이전 적응증과 다르게 심방세동(AF)이 있는 경우 방실 결절의 흥분성과 심실 속도를 감소시키기 위해 투여되었습니다[252]. 이 10년이 끝날 무렵, 개 만성 심장 판막 감염의 판단 및 치료에 대한 지침이 처음으로 발표되었습니다[2]. 권장 약물은 푸로세마이드(furosemide), ACE-I, 피모 벤단(pimobendan)이었다. 대다수의 패널리스트는 항부 정맥제로 β차단제, 디곡신 또는 딜티아젬을 투여하고, 기침이 있을 경우 기침 억제제와 기관지 확장제를 투여할 것을 권장했다. 이 10년 동안 개의 식단을 중심으로 한 관심은s는 나트륨 제한을 중심으로 한 특별한 관심과 함께 증가했다[253,254,255,256,257]. 이 10년 동안 발표된 리뷰는 개에서 MMVD에 이차적으로 영향을 미치는 만성심저택 치료를 평가하기 위한 연구가 더 많이 진행되었기 때문에 전년보다 훨씬 더 많았다[237,247,258,259,260,261,262,263,264]; 이러한 데이터는 검토가 특정 기간에 진행된 연구의 결과를 식별, 평가 및 요약하기 때문에 중요합니다.\n3.6. 2010–2020\n2010년부터 2020년까지, 그리고 2000년 대 초반에도 인간 의학 저널에 발표된 개를 대상으로 한 실험 연구는 감소하고 수의학 저널에 발표된 연구는 증가했다. DMH 연구는 34 [265,266,267,268,269,270,271,272,273,274,275,276,277,278,279,280,281,282,283,284,285,286,287,288,289,290,291,292,293,294,295,296,297,298], DMD 연구는 25 [299,300,301,302,303,304,305,306,307,308,309,310,311,312,313,314,315,316,317,318,319,320,321,322,323,324], 그리고 자발적 MMVD에 이차적인 만성 심부전의 치료법에 관한 69건의 연구가 문헌에서 발견되었다에 대한 주요 항목이 논의된다. 연구는 방대했고, 시험된 약물은 많았다. 실제로, 지난 10년 동안 개에서 MMVD에 이차적으로 영향을 미치는 만성 심부전(CHF) 치료법에 관해 발표된 문헌고찰은 25건[325,326,327,328,329,330,331,332,333,333,334,335,336,337,338,339,340,341,342,343,344,345, 346,347,348,349]에 대한 주요 항목이 논의된다. 지난 10년 동안과 마찬가지로 실데나필[350,351,352,353], 이마티닙[354], 아토르 바스타틴[355,356], 코엔자임 Q10[357,358], 암로디핀[359], BNP1-32[360], 안지오텐신 수용체 길항제[361]. 지난 10년 동안 이뇨제에 대한 여러 연구가 발표되었는데, 특히 토라세마이드와 관련되어 있습니다(예을(를) 실시한다 TEST 연구[362] 및 CARPODIEM 연구[363]). 이 논문에서 이뇨제는 0.13mg/kg/일에서 0.5mg/kg/일의 용량 범위로 투여 되었으며, 스피로노락톤(알도스테론 수용체 길항제)은 1일 1회 0.49mg/kg에서 1일 1회 2mg/kg의 용량으로 투여되었다. 이 약물은 개의 MMVD에 이차적인 만성 심부전(CHF) 치료법에 매우 유용하다[362,363,364,365,366,367,368,369]에 대한 주요 항목이 논의된다.\n연구는 다른 표준 치료제(심장 재형성술을 받은 유증상 반려견과 무증상 반려견에 초점을 맞춘 QUEST 및 EPIC 연구[370,371]와 같은 피모벤단 또는 ACE 억제제) 또는 이 증후군과 관련된 합병증에 사용되는 약물(예을(를) 실시한다 β차단제, 암로디핀, 디곡신)[372,373,374,375,376,377,378, 379,380,381,382,383,384]도 출판되었습니다. QUEST 및 EPIC 연구에서 피모벤단은 0.4 - 0.6 mg/kg/일의 용량 범위로, 베나제프릴은 0.25 - 1 mg/kg/일의 용량 범위로 투여되었습니다. 피모벤단(pimobendan)과 푸로세 마이드(furosemide)에 ACE 억제제인 라미프릴(ramipril)을 첨가하는 것은 MMVD에 이차적으로 발생하는 만성 심부전증이 있는 개의 생존 시간에 유익한 영향을 미치지 않는 것으로 입증되었다[384].\n2019년에 새롭게 업데이트된 가이드라인은 가장 최근의 결과에 따라 발표 되었습니다[3]. 권장되는 이뇨제는 푸로세미드뿐만 아니라 토라세미드였다. 또한, 스피로노락톤은 알도스테론 길항제 효과로 인해 고전적인 삼중 요법과 함께 권장 되었습니다[3].\n다른 연구에서는 약물 투여 후 임상 소견과 생존 기간[385], 치료 후 X-ray 및 초음파 영상 이미지[386], ACE 억제제 투여 후 \"알도스테론 돌파구\"를 평가했습니다[387]. 또한, 만성 심부전성파에 이차적으로 작용하는 심장 악액질에 대응하는 데 사용되는 미오스타틴 길항제을 중심으로 한 연구도 발표되었습니다[388]. 최근 몇년 동안 심장 치료 후 NT-pro BNP 수치 진단가 많은 관심을 받고 있습니다. 사실, 이 분자의 수치가 낮을수록 예후가 더 좋다는 것을 나타 냅니다[389,390]. 수의학의 코호트 연구는 높은 비용과 오랜 시간 동안 필요하기 때문에 거의 진행되지 않습니다. 이 서술적 검토를 위해 고려된 기간 동안 문헌에서 발견된 것은 단 두 가지 뿐이다[391,392]. 2015년에 발표된 설문지도 매우 흥미로웠는데, 그 이유는 반려견의 만성심부전 치료법이 20년 전과 어떻게 달라졌는지를 비교하는 것이 유용하기 때문이다[393]에 대한 주요 항목이 논의된다.\n3.7. 2021년 - 마감 직전 업데이트\n개의 MMVD 치료를 위한 의학적 전략을 중심으로 한 끝없는 이야기는 결론과는 거리가 멉니다.\n2021년에는 이 서술적 검토가 끝난 후 BESST  연구로 명명된 마지막 임상시험이 발표되었습니다[394]. BESST는 MMVD에 질병된 개의 만성심부전성 심부전(CHF) 관리에서 베나제프릴(benazepril)과 스피로노락톤(spironolactone)의 병용요법을 비교한 다중심성 이중맹검 연구이다[394]. 특히, 본 연구의 결과는 스피로노락톤과 베나제프릴의 병용요법이 개의 MMVD에 의해 유발된 경증, 중등도 또는 중증의 만성 심부전증의 조절를 위해 푸로세마이드와 함께 사용할 때 베나제프릴만 단독으로 사용하는 것보다 효과적이고 안전하며 우수하다는 것을 보여주었다.\n4. 논의\n개의 만성 심부전 치료법은 지난 50년 동안 상당히 변화했습니다. 지난 세기에 현재 처방되는 약물 중 일부는 아직 존재하지 않았고 다른 약물은 다른 적응증을 가지고 있었습니다[21]. 디기탈리스 배당체는 개의 만성 심부의 치료법에 사용되는 가장 오래된 약물이며, 과다 복용으로 인한 중독이나 사망의 위험에도 불구하고 이 약물은 여전히 사용되고 있는 것에 대한 주요 항목이 논의된다. 아주 오랫동안 digitalis 배당체는 긍정적 인 inotropic 및 negative chronotropic 효과와 dromotropic 작용으로 인해 조절되어 왔습니다. 또한, 그들은 기침, 호흡곤란(폐부종에 이차적으로 발생함) 및 심한 만성 삼부전에서 자주 발견되는 복수와 같은 임상 징후를 완화하는 데 사용되었다. 현재, 그들의 임상 사용은 변화하고 있습니다 을(를) 실시한다 특히 중형 및 대형 품종 개에서 MMVD의 매우 흔한 합병증인 심방세동의 존재는 치료 프로토콜에 digitalis 배당체를 추가하는 첫 번째 징후입니다. 그럼에도 불구하고, 디곡신은 문헌에 보고된 바와 같이 심방세동 환자의 심실 속도를 적절하게 조절하는데 사용되는 가장 일반적인 약물입니다[252,377].\n이뇨제는 심장 활성 프로토콜의 역사를  만드는 또 다른 중추적인 약물 범주입니다. 1970년에는 배당체만을 사용한 치료법이 실패할 경우에만 이뇨제가 투여되었습니다. 요즘에는 개의 만성 심부전증 치료법에 사용되는 가장 유용한 약물 중 하나이다. 가장 오래된 이뇨제는 수은제, 티아지드, 푸로세미드, 스피로놀락톤, 에타크린산이었다. 푸로세미드는 티아지드을 중심으로 한 내성이 생긴 경우에 투여되었기 때문에 최초로 선택된 이뇨제는 아니었습니다[348]. 현재까지 개의 만성 심부전의 치료법 프로토콜에는 가장 널리 사용되는 이뇨제인 푸로세미드가 포함되어 있습니다.\n흥미롭게도, 심장 프로토콜에서 스피로노락톤의 역할은 그 용도를 변경했습니다을(를) 실시한다 지난 세기에는 저칼륨혈증을 피하기 위해 티아지드와 관련하여 투여되었지만, 현재는 미네랄 코르티코이드 수용체에 대한 길항제 활성으로 인해 만성 심부전 치료의 주요 약물 중 하나입니다. 피모벤단 (pimobendan), 이뇨제(diposer) 및 ACE 억제제와 함께 스피로노락톤(Spironolactone)을 병용하면 MMVD에 이차적으로 만성 심부전증이 있는 개에서 생존 시간이 증가하는 것으로 나타났습니다[362]. 1970년대에 사용된 주요 항부정맥제는 퀴니딘 설페이트, 프로카이아미드, 리도카인이었다. 앞서 언급한 바와 같이 현재 디곡신 - 딜티아젬 프로토콜은 내약성이 우수하며 β차단제 항부정맥제를 사용할 수 있습니다[215,219]. ACE 억제제는 1990년대 초반에 반려견의 치료법 프로토콜에 도입되었고, 피모벤단은 2000년대에 도입되었습니다에 대한 주요 항목이 논의된다.\n레닌-안지오텐신-알도스테론 시스템(RAAS) 활성화는 심혈관 및 신장 감염의 초기 단계에서 보상할 수 있지만 장기적인 활성화는 부적응적입니다[345]. 심부전 환자에서 혈장 레닌 활성과 혈중 알도스테론 농도의 상대적 증가는 이 증후군의 혈역학적 및 해부학적 혼란의 지표이자 기여자로 간주됩니다 [345]. 그러나 문헌에 따르면 이 시스템에 대해 더 많이 알수록 더 광범위하고 복잡해집니다. 심혈관 및 신장 감염에 대한 의학적 치료를 개선하기 위해서는 이 복잡한 시스템에 대한 지속적인 연구가 필요하며, 이를 통해 이 시스템을 조절하고 임상 결과를 보다 능숙하게 개선할 수 있습니다[345].\n50년 전, 연구는 주로 인간 만성 심부전증의 치료법에 초점을 맞추었고, 개를 대상으로 약물을 실험한 인간 의학 저널에 발표된 연구에서 이 증후군은 외과적 또는 약리학적으로 다양한 방식으로 유발되었습니다에 대한 주요 항목이 논의된다. 심박출량저하를 유도하기 위해 사용되는 약물 또는  수술 절차와 같은 만성 심부전을 유발하는 다양한 병리학은 특별히 고려되지 않았다.\n1970년대에는 수의학 저널에 발표된 연구가 소수에 불과했다. 그러나 수년에 걸쳐 그들의 수는 개가 실험실 동물로 사용된 인간 저널에 발표된 연구보다 더 많아질 때까지 증가했습니다. 또한, 수의학 저널에 발표된 연구와 관련하여, 실험적 연구(DMD)가 자발적 병리학을 가진 개를 대상으로 진행된 연구보다 적다는 점에 유의해야 합니다.\n그림 2에서 볼 수 있듯이, 수년에 걸쳐 수의학에서  연구의 유형은 상당히 증가해 왔으며, 리뷰는 50년 동안 항상 증가하는 추세를 보였다. 리뷰는 연구의 방향을 이해하는 데 유용하므로 4-5년마다 출판되어야 한다는 점을 기억하는 것이 중요합니다. 그러나 수의학에서는 체계적 문헌고찰이 제한되어 있었다. 코호트 연구는 높은 비용, 긴 기간 및 연구 기간 동안 피험자의 잠재적인 많은 손실로 인해 수의학에서 그리 많지 않았다. 지난 20년 동안 무작위 대조 임상시험이 점점 더 많아졌다. 그들은 정의된 기준을 통해 환자 그룹을 선택하고, 무작위로 치료법를 시행하며, 따라서 편향을 줄일 수 있는 이점이 있습니다에 대한 주요 항목이 논의된다.\n본 서술적 문헌고찰에 포함될 연구 연구를 위해 선택된 데이터베이 스는 PubMed, Google Scholar 및 Embase였다. PubMed는 가장 많은 수의 연구, 특히 가장 오래된 연구를 제공하는 데이터베이스였다. 이는 매우 광범위한 데이터베이스이며 메쉬 용어와 부울 연산자를 사용하 여 연구자가 가장 관련성이 높은 연구를 쉽고 빠르게 식별할 수 있습니다. Google Scholar는 매우 직관 적이고 사용하기 쉬운 데이터베이스입니다. 얻은 결과는 책, 인용문, 회의 및 심포지엄이 있기 때문에 눈에 띕니다. 그러나 PubMed에 비해 더 일반적이며  일부 결과는 관련이 없는 경우가 있습니다. Google Scholar가 이 세 가지 데이터베이스 중 유일 한 무료 액세스 데이터베이스라는 점을 기억하는 것이 중요합니다. 교육기관 계정 없이 모든 자료에 액세스할 수 있는 것은 아니지만 누구나 검색할 수 있습니다. Embase는 정확한 검색을 가능하게 하는 데이터베이스이지만, PubMed에 비해 오래된 연구는 더 적었다.\n본 문헌고찰은 서술적 문헌고찰(narrative review, NR) 또는 비체계적 문헌고찰(non-systematic review)이다을(를) 실시한다 NR은 이전에 발표된 내용을 식별 및 요약하고, 중복을 피하며, 아직 다루어지지 않은 새로운 연구 영역을 찾는 것을 목표로 한다. NR에는 체계적 검토의 엄격한 규칙이 없습니다. 따라서 NR은 연구 선택의 주관성으로 인해  잠재적으로 편향으로 이어질 수 있습니다[5].\n5. 결론\n개에서 MMVD에 이차적으로 발생하는 만성 심부전은 지난 50년 동안 상당히 변화했으며, 디기탈리스 배당체(digitalis glycosides) 및 스피로노락톤(spironolactone)과 같은 일부 약물은 용도를 변경하였다. 1970년대에는 연구와 문헌이 인간 의학 지향적이었고, 개의 만성 심부전은 일반적으로 실험적으로 유도되었으며, 개는 실험 동물로 간주되었다. 나중에는 개의 건강과 웰빙이 주요 지표가 되었습니다. 따라서 연구는 환자인 개를 대상으로 수행되었으며, MMVD에 이차적인 만성 심부전성 심부질환 치료는 주로 자연발병에 대한 연구가 이루어졌다. 이 NR은 이 주제에 접근하는 임상의에게 유용한 도구가 되기 위해 중 복을 피하고 이전에 발표된 내용을 식별하고 요약하는 것을 목표로 합니다."}