{"title": "41. 신장낭포가  있는  말티즈견의  신장세포종", "author": "김종옥", "publisher": "한국수의과학회", "department": "내과", "disease": "41. 신장낭포가  있는  말티즈견의  신장세포종\n신장낭종의  병력이  있는  8세  암컷  말티즈견에서  신장성  종양세포종이  판단되었습니다.  종양세포는  신장낭종을  관찰한  지   6개월  후에야  발견되었습니다.  신생물을  치료법하기  위해  신절제술을  시행했습니다.  좌측  신장의  꼬리  부분에  있는  낭종의  안쪽  표면에서   수많은  결절이  있는  종양과  같은   덩어리가  관찰되었습니다.  조직학적으로  종양은  풍부한  호산성   세포질을  가진  세포로  구성되었습니다.  판단은  조직학적  특징,  주기적  산 쉬프  반응  및   면역조직화학  세포각질  염색을  기반으로  했습니다.  문헌  검토에  따르면,  이는  한국에서  보고 된  최초의  개  신장성  종양세포종  사례입니다. 키워드를 실시한다.  개,  신장세포종,  신장낭종, 개  신장  종양세포종은  밝은  호산성  세포질을  가진  세포로  구성된  매우  드물고  보통  양성인   종양입니다.  인간의  경우  종양세포종의   발생은  비교적  흔합니다.  인간의  타액선,  내분비선,   간,  폐,  신장 을  포함한  다양한  기관에서  보고되었습니다[1].  종양세포종은  고양이,  개에서    산발적으로  보고되었습니다[2 5].  개  신장  종양세포종에  대한  첫  번째  보고는  2000년에  기록 되었습니다[2,  3].  조직학적  특징에는  주기적  산 쉬프(PAS)  양성  과립과  풍부 한  미토콘드리아 가  있는  호산성  과립  세포질이  포함됩니다[6].  이  종양은  비멘틴이  아닌  사이토케라틴  AE1/ AE3을  발현하기  때문에  사이토케라틴  및  비멘틴에  대한  면역조직화학(IHC)이  이  종양의  판단 에  활용되었습니다[7,  8].  이  연구에서  우리는  개  신장   종양종에  대한  사례를  보고합니다. 8세  암컷  말티즈견이  복부  팽창으로   충북대학교  수의과  병원에  의뢰되었습니다.  신체  검사에 서  복부에  부드럽고  큰  덩어리가  촉진되었다.  초음파 영상  검사에서  좌측  신장의  미부에  체액  감 소  물질을  함유한  원형에서  타원형의  낭성  병변이  관찰되었습니다.  방사선  검사에서  둥근  모양   의   연부  조직  불투명도를  가진  덩어리(6.5  ×  5.3  ×  6.4  cm3)가  발견되었습니다.   지속적인  체액  분비로  인한  낭성  부종을  치료법하기  위해  흡인술을  시행했습니다.  6개월  후  체액 의  세포학적  검사에서  종양  세포가   검출될  때까지  수술적으로  덩어리를  제거하지  않았습니다. 육안적으로,  신장의  미부에  있는  부은  낭성  공간에  투명한  체액과  종양과  같은  덩어리가  있었다.  종양의  장축  직경은  6cm였습니다.  종양  조직은  비교적  큰  흰색  덩어리와  낭성  전체 에  흩어져  있는  여러  개의  황갈색  작은  결절로  구성되었습니다. 조직  샘플을  10%  인산  완충  포르말린에  고정하고,  처리하여  파라핀에  포매하여  조직병리학 적  검사를  실시했다.  4마이크로미터  두께의  조직  절편을  헤마톡실린  및  에오신,  PAS  및   IHC로  염색하여  사이토케라틴  AE1/AE3  및  비멘틴을  검사했다.  IHC의  경우,  단일  클론   항 판사이토케라틴  AE1/AE3(1을(를) 실시한다.1,  Abcam,  UK)  및  단일  클론  항 비멘틴(1을(를) 실시한다.400,  Abcam)을   1차  항체로  사용했습니다.  1차  항체의  결합은  아비딘 비오틴 퍼옥시다제  복합체  방법(ABC  키트;  Vector  Laboratories,  USA)을  적용하여  검출했다.  복부의  배측방사선  사진으로,  왼쪽에  매끄러운  여백이   있는  둥근  모양의  덩어리(화살표)가  보입니다(A).  포르말린으로  고정된  낭종에  많은  황갈색  또는   흰색  종 양  덩어리와  물  같은  액체가  있는  것을  주목하세요(B). 그림  2.  조직학적  특징.  CT는 자유공기 감지를 포함한 흉복부 영상 평가에 유용하다.  소엽  구조의  큰  호산성  종양  세포 는   단단하거나  관  모양으로  배열되어  있었습니다.  루멘에서  균질한  호산성  액체가   관찰되었습니다(B,  ×100).  종양  세포는  PAS  염색(화살표)(C,  ×200)과  세포케라틴  AE1/AE3(D,  아비딘 비오틴  복합체  방법,  ×400)에  대해  양성  반응을  보였다. 조직학적으로,  덩어리는  섬유질  기질  조직에  의해  실질과  잘  구분되었다.  이  낭종에는   사구체나  신세관과  같은  정상적인  신장  조직학적  구조가  없었습니다.  일부  영역에 서  피질  조직은  종양에  의해  압박되었다.  신생물  세포는  잘  발달된  얇은  섬유질  기 질  조직 에  의해  소엽  구조로  압축되었습니다.  작은  결절의  일부  종양  세포는  유두상 성장을  보였습니다.  소엽  구조의  종양  세포는  단단하거나   관  모양의  패턴으로  배열되었습니다.  포함됨 루멘에서  세포  파편이나  균질한  호산성  액체가  관찰되었습니다.  종양  세포는  잘  분화되었고,  모양은  둥글거나  타원형에서  다각형이었고,  호산성이  강한  과립  세포질과  뚜렷한  세포  경계가  있었다.  핵은  둥글었고,  거칠게  얼룩덜룩한  크로마틴과   눈에  띄는  핵소체가  있었습니다(그 림  2B).  세포질  미세  과립은  PAS  염색에 서  적당히  양성이었습니다(그림  2C).  IHC는  사이토케라틴  AE1/AE3이  종양  세포의   세포질에서  발현되었음을  보여주었습니다(그림  2D).  그러나   비멘틴은  발현되지  않았습니다.  전혀  없음(데이터  미표시). 본  증례에서는  확장성  성장,  잘  분화되고  균일한  세포  외관,  비전이  및  소수 의  체세포  분열상을  포함한  양성  종양의  조직학적  특징이  일부  있었다. 온 코사이토마의  판단  기준에는  독특한  과립상  호산성  세포질,  양성  PAS  반응,   세포질  세포각질주석의  면역발현(비멘틴은  아님),  풍부한  미토콘드리아  및  초미세  소포의  부재가  포함됩니다[6,  9].호산성  변이체의  색소소실성  신세포암 (RCC)  존재는  신장  온코사이토마의  감별  판단으로  간주됩니다. 온코사이토마의  조직학적  특징은  색소소실성  RCC와  매우  유사하지만,  색소소실성  RCC는   PAS  염색에서는  음성이지만  콜로이드  철  염색에서는  양성인  것으로  알려져  있 하였다..또한  온코사이토마에는  초미세  소포가  있습니다. 일부  마커의  면역조직화학적  발현은  RO  및  chrom ophobe  RCC를  RCC와   구별하는  데  유용합니다.  RCC가  cytokeratin과  vimentin을  모두  발현하는  반면,   RO  및  chromophobe  RCC는  cytokeratin만  발현합니다[2].   oncocytoma  및  chromophobe  RCC의  판단  기준에  따라  이  사례는  개   신장  oncocytoma로  판단되었습니다.  oncocytoma의  조 직  발생은  불분명 합니다.  그러나  종양  세포는  인간의  수집관의  삽입된   세포에서  유래하는  것으로  생각됩니다[9,  10].  이  사례에서  종양  덩어리와  체액을  포함하는   낭종은  전 형적인  신낭종과  동일할  수  있습니다.  신낭종의  병인은  완전히  밝혀지지  않았지만  이러한  낭종은  네프론의  정상  또는  비낭포성  부분에서  유래할  가능성이   높습니다.  따라서  신낭종은  일반적으로  신세관,  수집관   및/또는  보우만  공간에 서  발생합니다[11].  이러한  낭종의  루멘  표면은  편평한  상피로  덮여있다. 이  사례에서는  비종양성  실질  피질에  상피  세포로  둘러싸인  수많은  작은  낭포 가  있었는데 ,  이는  이  사례가  낭포의  발생에  일부  유전적  요인이  관여했을  수   있음을  시사합니다.  두꺼운  결합  조직에서  종양  세포가  증식하여  실질과  분리 되어  있고  상피로  둘러싸여  있지  않기  때문에  종양을  지닌  큰  낭포는  정상  피질 에  존재하는  낭포와  동일한  유형으로  간주됩니다.  그러나  인과  관계는 말티즈견의  신장성  종양세포종   49 신장  낭종과  신생물은  설명되지  않았습니다.  우리의  문헌  검토에  따르면,  이것 은  한국에서   보고된  개  종양세포종의  첫  번째  사례입니다\n"}