{"title": "23 . 개의 대규모 림프관육종 사례 보고", "author": "서민경", "publisher": "한국수의과학회", "department": "내과", "disease": "23 . 개의 대규모 림프관육종: 사례 보고\n12세의 거세한 수컷 골든 리트리버가 턱 밑 부위에 점차 커지는 덩어리를 보였습니다. 조직병리학적 판단 결과 간과 비장으로 전이된 림프관육종이 확인되었습니다. 종양의 다형성 신생물 내피 세포는 피부 콜라겐 다발에서 직접 자라며 눈에 띄는 혈액 요소가 없는 수많은 틈새와 상호 연결된 통로를 형성합니다. 림프관육종은 흔하지 않은 악성 신생물이므로 이전에 보고된 사례 수와 종양에 대한 자료가 제한적입니다. 본 보고서는 개에서 전이된 턱밑 부위의 진행성 림프관육종의 임상 병력과 조직병리학적 판단을 설명합니다.\n주요어 혈관육종 , 림프 , 내피세포 , 개 , 전이 , LYVE-1\n이동 : \n림프관육종은 사람과 동물 모두에서 림프관 내 피 세포에서 발생하는 드문 종양입니다[ 1 ]. 문헌에 따르면 림프관육종이 있는 개의 연령은 8주에서 13세 사이이며, 보고된  대부분 사례는 성적 소인이 없는 중형에서 대형 품종에서 발생했습니다[ 2-4 ]. 개의 림프관육종은 일반적으로 경계가 잘 구분되지 않는 피하덩어리 또는 부종 조직 이 있는 국소적 붓기로 나타납니다. 병변은 일반적으로 사타구니와 겨드랑이 부위, 흉강, 종격동, 사지, 복측 경추 및  중앙선 부위의 피하 조직에서 시작되는 것으로 보고되었습니다[ 2 , 3 , 5 ]. 그러나 림프관육종의 치료에 대한 자료는 제한적이며 공격적이고 침윤적인 특성 때문에 사람과 동물 모두에서 예후가 좋지 않은 것으로 간주됩니다[ 6 ]. 개에서 보고되었지만 수의학에서 보고된 림프관육종 사례 수는 제한적입니다[ 1 , 2 , 7 , 8 ]. 이 증례 보고에서는 개의 턱밑 부위에서 발생한 진행성 및 전 이성 림프관육종의 임상 병력과 조직병리학적 특징을 설명합니다.\n12세의 거세한 수컷 골든 리트리버가 턱밑 부위에 점차 커 지는 덩어리가 있는 병력을 가지고 동물 병원에 입원했습니다. 이 덩어리는 약 1개월 동안 빠르게 자랐습니다. 전혈구 수와 혈청 생화학 평가는 이 종에 대한 정상 범위 내에 있었지만 빈혈이 나타났습니다. 다른 장기를 검사하고 전이를 감지하기 위해 방사선 및 컴퓨터 단층 촬영(CT) 평가을 시행했습니다. 이 덩어리는 조직병리학적 판단을 위해 생검을 실시했습니다. 생검한 조직은 10% 중성 완충 포르말린에 고정하고 일상적으로 처리한 후 파라핀 왁스에 포매했습니다. 샘플은 4μm 두께로 절편을 만들고 헤마톡실린 및 에 오신(H&E)과 메이슨 트리크롬(MT)으로 염색했습니다. 면역조직화학(IHC)은 항림프관 내피 수용체-1(LYVE-1; Abcam, UK)을 사용하여 시행하고 현미경으로 검사하였다.\n방사선학적 분석에서 9.8 x 8.7 cm 크기의 둥근 모양의 연부조직 불투명도 덩어리가 기저골의 배쪽에 발견되었고 후인두 림프절이 적당히 비대해 있었습니다. 이는 CT 이미지에서 좌측 하악 림프절과 좌측  후인두 림프절과 관련이 있는 것으로 확인되었습니다. CT 이미지에서 간과 비장 실질에서 크기가 다른 여러 개의 타원형에서 둥근 저감쇠 결절이 발견되었습니다. 육안적으로, 희끄무레한 절단면을 가진 생검된 종양 덩어리는 괴사된 중심부와 출혈로 구성되어 있었다. 조직병리학적으로 다형성 신생물 세포가 증식하여 콜라겐을 해부하고 수많은 콜라겐 틈새와 통로를 형성했으며 이는 MT 염색에서 확인되었습니다. 생검한 덩어리의 중앙에 출혈을 동반한 괴사성 세포 파편이 많았지만, 문합 통로에는 적혈구가 없었다. 틈새와 통로를 따라 늘어선 세포는 눈에 띄는 핵소체가 있는 타원형에서 방추형 핵이었습니다. 경계가 불분명한 개별 신생물 세포는 호산성 세포질이 희박하였다. 몇 개의 분열상이 발견되었고, 분열 수는 고배율 시야 10당 6개였다.. IHC에서 가지를 뻗은 통로를 따라 늘어선 신생물 세포는 림 프관육종의 특정 마커인 LYVE-1에 대해 면역 양성이었습니다. 조직학적 소견에 근거하여 이 덩어리는 림프관육종으로 판단되었습니다.\n측면 두경부 방사선 사진. 기저골의 배쪽에 9.8 × 8.7 cm 2 크기의 둥근 모양의  연조직 불투명 덩어리( 별표). 또한 적당히 확대된 후인두 림프절이 확인되었으며, 이로 인해 등쪽 기관 가장자리의 배쪽 함몰(화살표)이 발생합니다.\n조영제 투여 후 하악골 부위와 복 부의 횡단 컴퓨터 단층 촬영 이미지. (A) 좌측 하악 림프절(화살표)이 적당히 확대되어 있으며, 이는 불균일하게 조영제가 증강된 연부 조직 덩어리(별표)와 관련이 있다. (B) 덩어리는 좌측 후두 인두 림프절( 화살표)까지 아래쪽으로 확장되어 있습니다. (C, D) 다양한 크기의 타원형에서 원형의 저감쇠 결절이 여러 개 표시되어 있으며, 전체 간엽(C)과 비장(화살표)(D)에서 조영제가 증강되지 않았다.\n덩어리의 조직학적 검사. (A) 다형성 신생물 세포가 수많은 콜라겐 틈새와 통로를 형성하였다. 대부분의 통로에는 혈액이 없었지만, 덩어리의 중심은 괴사되어 그림의 오른쪽에 출혈이 있었습니다(H&E) (B) 수많은 콜라겐 틈새와 통로가 Masson의 삼색 염색으로 파랗게 확인되었다. (C) 눈에 띄는 핵소체가 있는 방추형 핵에 주목하세요. 중기 분열 그림이 발견되었습니다(화살표)(H&E). (D) 신생물 세포는 림프관 내피 수용체-1에 면역 양성 반응을  보이며, 이는 적당히 분화된 림프관에서 발현되는 특정 마커입니다. 척도 막대: 100 μm.\n림프관육종은 진피와 피하조직을 대체하고 소실시키는 흔하지 않고 악성도가 매우 높은 침윤성 신생물입니다[ 9 , 10 ].이들은 잘 정의되지 않은 변동성 또는 부종성 진피 덩어리로 발생하며, 종종  절단면에서 젖고 맑은 漿液性에서 우유 같은 액체를 스며나옵니다[ 1 , 5 ].조직병리학적으로, 신생물성 내피세포는 부종성 진피 콜라겐 뭉치 에서 직접 자라서 이를 분리하고 수많은 틈새와 통로를 형성합니다.대부분의 상호 연결된 통로에는 눈에 띄 는 혈액 요소가 없습니다[ 1 , 4 ].틈새와 통로를 덮고 있는 악성 종양은 과염색증과 소수의 유사 분열상과 함께 세포 및 핵 다형성이 증가했습니다[ 1 ].이 경우 림프관육종에 대한 문헌에 설명된 것과 유사한 특징을 보인 조직병리학적 검사를 통해 판단을 내렸습니다. 림프관육종의 일반적인 특징인 세포 분열이 명확하지 않은 것과는 달리 [ 1 ], 이 개에서는 몇 개의 세포 분열 모습이 발견되었는데, 이는 1개월 동안 종양의 강렬하고 빠르게 진행되는 신생물 증식과 원격 전이와 관련이 있는 것으로 추정되었다. 림프관육종이 있는 개에서는 전혈구 수와 혈청 생화 학 검사가 일반적으로 정상 기준 범위 내에 있습니다. 그러나 우리의 경우와 같이 림프관육종이 있는 개에서는 빈혈을 중심으로 한 보고가 몇 가지 있습니다 [ 3 ].\n인간의 경우 대부분의 림프관육종은 림프절 절제술이나 유방암을 중심으로 한 방사선 치료를 포함하는 근치적 유방 절제술 후 만성 림프부종 부위에서 발생하며 폐 전이가 있는 흉막과 폐를 침윤하는 다발성 결절로 나타납니다[ 11-13 ] . 인간의 경우와 마찬가지로 개에서도 림프관육종은 림프부종 병력이 있는 해부학적 부위에서 가장 흔히 발생 하는 것으로 나타났으며, 이는 단백질이 풍부한 간질액과 림프 내피에 가해지는 만성적인 물리적 압력이 종양 변형을 자극할 수 있음을 시사합니다[ 13 ]. 그러나 개 림프관육종 중 일부 사례가 이전 림프부종과 관련이 없었기 때문에  림프부종이 종양의 확실한 원인인지 여부는 불확실합니다[ 13 , 14 ].\n림프관육종은 조직학적으로 혈관육종과 유사하기 때문에 판단이 어려울 수 있습니다. 림프관 내피세포(림프관육종)와 혈관 내피세포(혈관육종) 모두의 종양은 침습적이며, 길쭉하고  통통한 방추형 세포로 구성된 비포괄적 덩어리로, 가지 모양의 통로를 형성합니다[ 2 , 9 ]. 혈관육종과 비교했을 때, 림프관육종의 불규칙한 신생물성 혈관 통로는 일반적으로 적혈구가 부족하거나 전혀 없는 것이 특징입니다[ 5 , 9 ]. 림프형질세포 침윤과 함께 기질 부종이 있으면 림프관육종을 판단하는 데 도움이 됩니다[ 15 ]. 그러나 때때로, 혈관 공간 내 적혈구의 존재 또는 부재에 전통적으로 기반을 둔 전형적인 H&E 염색만으로 림프관육종과 혈관육종을 미세하게 구별하는 것은 두 혈관육종 모두 겹치는 조직학적 특징을 나타내기 때문에 이상가 될 수 있습니다 [ 3 , 9 ]. 혈관 기원의 종양을 확실히 판단하려면 IHC가 권장됩니다. LYVE-1 및 prospero-related homeobox ge ne-1(PROX-1)은 림프 내피의 특정 양성 마커입니다 [ 9 ]. LYVE-1은 적당히 분화되거나 잘 분화된 림프관에 서만 독점적으로 발현되고 혈관에서는 존재하지 않습니다. PROX-1은 림프 혈관으로의 분화를 위해 발현되고 모든 발달 단계의 림프 내피 세포에서만 독점적으로 발현됩니다 [ 2 , 9 ]. 따라서 LYVE-1은 림프관육종을 검출하는 첫 번째 선택이 될 수 있으며,  PROX-1은 미분화 혈관종에서 LYVE-1과 함께 사용해야 합니다[ 9 ]. 결과적으로 본 증례의 덩어리는 항-LYVE-1을 사용한  IHC를 통해 림프관 내피에서 유래한 것으로 확인되었습니다. 여러 연구에서 투과 전자 현미경을 사용하여 림프관 혈 관과 혈액 혈관 사이의 미세 구조적 차이를 설명했습니다. 림프관육종은 불연속적이거나 없는 기저막, 더 적은 미세세포성 소포와 세포 간 접합부, 주변 주위세포가 없다. 반면에 혈관육종은 연속적인 기저막, 많은 미세세포성 소포와 세포 간 접합부, 주변 주위세포를 갖습니다[ 2 , 9 ]. 그러나 비용과 샘플 준비를 고려할 때 판단 환경에서 전자 현미경을 일상적으로 적용하는 것은 배제됩니다[ 9 ].\n림프관육종의 광학적 치료법은 잘 확립되어 있지 않지만, 수술적 절제 또는 수술과 화학 요법의 조합, 방사선 요법을 사용한 공격적인 국소 치료법가 종종 권장됩니다. 수술에는 넓은 수술적 여백이 필요하지만, 경계가 잘 정의되지 않고 종양의 침윤성이 높아 완전한 절제가 어렵습니다[ 3 ]. 림프관육종을 중심으로 한 보조적 세포독성 화학 요법은 국소 림프절과 다른 내부 장기로의 전이 위험이 중간에서 높은 경우에 고려해야 합니다[ 3 ]. 이전에 보고된 세포독성 화학 요법제로는 독소루비신, 카르보플라틴, 비노렐빈, 로무스틴, 클로람부실, 멜록시캄, 사이클로포스파마이드가 포함된 메트로놈제가 있습니다[ 2 ]. 토세라닙, 클로람부실, 비스테로이드성 항염제를 사용한 화학 요법이 재발성 덩어리를 해결하기 위해 제안되었습니다[ 6 ]. 최근, 혈관 내피 성장 인자 수용체를 포함한 여러 수용체 티로신 키나제의 선택적 억제제인 토세라닙을 이용한 림프관육종 치료는 림프관 생성을 억제함으로써 재발성 감염이 있는 개에서 효과적인 것으로 여겨졌습니다[ 3 , 6 , 16 ].\n본 보고서는 림프절, 간, 비장"}