{"title": "임상가를 위한 소동물신장학 진단과 치료지침", "author": "현창백", "publisher": "(주)범문에듀케이션", "department": "내과", "disease": "CHAPTER02\n신부전의 임상적 접근\n\n1. 서론\n신장질환을 진단함에 있어 질산혈증(azotemia)과 요독증(uremia)에 대한 정의를 바르게 이해하는 것이 중요하다. 질산혈증이란 비단백질성 질소화합물(예, blood urea, creatinine)이 혈중에서 정상 이상으로 증가된 것을 말한다. 요독증이란 심각한 양의 네프론 소실에 의해 혈중에 정상 이상의 질소화합물이 축적되어 임상증상을 유발하는 상태를 말한다. 따라서 질산혈증이 있다고 해서 반드시 요독증이라고 볼 수 없지만, 요독증이 있을 경우, 반드시 질산혈증이 있다. 신장질환을 임상적으로 접근할 때, 이러한 질산혈증의 유형을 바르게 분류하는 것이 중요하다(그림 2-1). 신전성 질산혈증(prerenal azotemia)은 신장으로 관류되는 혈액량 감소에 의해 발생하는 질산혈증으로 임상적으로 심각한 탈수나 심맥관계 질환과 관련되어 발생하는 경우가 많다. 신후성 질산혈증(postrenal azotemia)은 요로계 패색으로 질소노폐물을 함유한 오줌이 체내를 빠져나가지 못하여 생기는 질산혈증으로 임상적으로 요로결석이나 하부 비뇨기 증후군 (FLUTD) 같은 질환과 관련되어 발생한다. 원발성 신성 질산혈증(primary renal azotemia)은 신장의 실질손상에 의해 질소 노폐물을 효과적으로 제거하지 못하여 발생하는 질산혈증으로 사구체성 신염이나 신장낭종 같은 실질성 신장질환과 관련되어 발생하는 경우가 많다.\n\n\n\n\n\n\n2. 신장질환 환자의 임상적 접근요령\n신부전(renal failure)이라고 하는 말은 신장이 더 이상 고유의 기능(예, 산-염기 및 체액 조 절, 질소 노폐물제거, 내분비 기능)을 유지할 수 없는 경우를 말한다. 신부전(renal failure)은신 장의 기능단위인 네프론이 75% 이상 기능을 하지 않는 경우를 말하며(넓은 의미의 보상성 신부전은 50~75% 네프론 소실을 상태를 말한다). 신기능 저하(renal insufficiency)는 신장의 네프 론 기능소실이 75% 이하인 경우를 말한다(만약 보상성 신부전을 포함한다고 하면; 제1장을 참 조하라). 사람의 경우 신장 기능감소를 제1기 신장의 예비력 저하, 제2기 신기능부전, 제3기신 부전 그리고 제4기 요독증으로 구별하여 분류한다. 신장질환(renal disease)이란 정도의 차이를 무시하고 신장에 형태학적 또는 기능적 병소가 있는 경우를 말한다.\n\n\n신장질환 환자가 처음 내원할 경우 수의사가 해야 할 일은 먼저 다음과 같은 질문에 해답을 찾는 일일 것이다.\n신장질환이 정말로 존재하는가? 해답은 세밀한 신체검사와 실험실검사에 있다. 신장질환 환자가 보이는 대표적인 임상증상은 식욕부진, 의기소침 같은 전신증상 이외에 다음/다뇨, 지속 적인 체중감소, 배뇨와 관련된 증상 등이 나타난다. 또한 혈액검사상 BUN, creatinine 같은 신 장효소치가 증가하고 요비중에 변화가 나타나며 단백뇨 같은 요검사상 여러 가지 변화가 관찰된다. 물론 조기 진단이 중요하겠지만 네프론 소실이 70% 이상 되어야 혈액검사상 소견들이 뚜렷해지기 때문에 신부전을 조기에 진단하는 일은 쉬운 일은 아니다. 사구체 여과율을 평가하는 방법이나 UPC/microalbumin 검사법이 그나마 신장질환의 조기진단에 사용되고 있는 검사법 이다.\n그 질환이 사구체성인가? 세뇨관성인가? 간질성인가? 아니면 복합성인가? 물론 대부분의 신장질환이 초기에 한 부위에 국한되어 발생하였다가 나중엔 모든 부분에 걸쳐 확산되는 간질성 패턴을 보이기 때문에 독자 중 일부는 아마도 굳이 감별이 필요할까 의문을 가지는 이도 있을 것이다. 하지만 환자의 관리나 예후측면에서 정확한 신장질환의 유형을 파악하는 것은 매우 중요 하다. 일반적으로 사구체질환은 면역매개성 질환의 합병증으로 잘 발생하고 전신 고혈압을 유발하는 대표적인 질환이다. 사구체가 담당하는 역할을 비추어봤을 때 사구체가 망가져서 발생할 수 있는 가장 대표적인 임상증상이 바로 심각한 단백뇨(UPC검사에서 2 이상)와 사구체성 고혈압에 의한 전신고혈압 소견일 것이다. 세뇨관질환의 경우, 세뇨관이 당, 아미노산, 전해질, 및 산-염기 중화물질이 분비되고 재흡수되는 기능을 하기 때문에 당뇨, 아미노산뇨 및 대사성 산증 이 주증상으로 나타나고 무엇보다도 cast를 생산하고 분비하는 역할 때문에 심한 cast 생성이 세뇨관 질환의 특징이 된다. 간질성 질환은 요농축 기전이 간질의 주요 기능이다 보니 심각한 저비 중뇨가 특징이 되고 무엇보다도 사구체 세뇨관 기능에도 영향을 주기 때문에 복합적인 신부전의 소견을 보이게 된다. 주로 감염성 신장질환이나 신장질환 말기에 볼 수 있는 소견이다.\n신장질환의 정도는? 환자의 상태를 제대로 평가하기 위해 신장질환의 깊이를 파악하는 것이 매우 중요하다. 무엇보다도 환자가 급성 질환 상태인지 만성 상태인지 파악한 후 급성은 RIFLE분류법에 의해 심하기를 분류하고(급성 신부전증 편 참조), 만성의 경우, IRIS 분류법에 의해 심하기를 파악하면 좋다(만성 신부전증 편 참조).\n이 질환이 만성인가 아니면 급성인가? 회복 가능한가 아니면 회복불능인가?, 진행성인가 아니면 비진행성인가? 신부전 환자가 처음 내원했을 때 저자가 가장 먼저 하는 일은 환자가 ARF 상태인지 CRF 상태인지 파악하는 일이다. 이유는 ARF인지 CRF를 분류하는 일이 환자의 치료와 예후판단에 가장 중요한 요소이기 때문이다. 대부분의 ARF는 적절하게 조기에 처치하면 회복이 가능하지만 CRF의 경우 증상회복은 가능해도 질환을 회복하기는 불가능하다. 또한 ARF 처치의 가장 중요한 부분이 신장질환의 진행을 멈추게 하는 일이다. 따라서 신장질환이 계 속 진행하고 있는지 진행을 멈춘 상태인지 파악하는 것이 매우 중요하다(연속적인 신장기능 평가를 통해 진행 여부를 평가할 수 있다). ARF와 CRF의 구별은 Box 2-1을 참조하라.\n환자의 신기능은 어느 정도 유지되고 있나? 모든 학자들의 딜레마 중 하나가 어떻게 하면 신기능을 객관적이고 정확하게 평가할 수 있는 지다. 신부전의 임상증상은 네프론의 70% 이상 (또는 75% 이상) 소실 돼야 보호자가 관찰이 가능하기 때문에 병원에 내원하면 이미 질병이 많이 진행된 상태인 경우가 많다. 따라서 GFR을 평가하는 creatinine 배설률 평가나 요비중 평가 및 단백뇨의 평가가 신장질환의 조기진단에 널리 이용되고 있지만 GFR측정은 임상적으로 practical하지 못하고 단백뇨나 요비중검사는 너무나 많은 변동 요인 때문에 정확도가 떨어지는 문제점이 있다. 자세한 편은 아래 진단검사편을 참조하라.\n\nBox 2-1 급성신부전(ARF)과 만성 신부전(CRF)의 감별요령\n신부전증이 있는 환자에서 급성 신부전증(ARF)과 만성 신부전증(CRF)을 감별하는 것이 중요하다.\n비록 ARF와 CRF 감별이 쉽지는 않지만, ARF의 경우, 회복이 가능하지만 CRF의 경우, 회 복이 불가능하기 때문에, ARF와 CRF감별은 매우 중요하다.\n병력, 신체검사, 신장크기와 형태 및 hematocrit 수치 등이 ARF와 CRF를 감별하는 데 유용하다.\n신장이 작으면 CRF가능성이 높고(물론 정상크기이거나 약간 종대될 수도 있다), 정상 크기이거나 종대되어 있을 경우, ARF일 가능성이 높다.\n다음/다뇨의 병력은 CRF를 암시하는 소견이다(물론 항상 그런 것은 아니다).\n체중감소, 불량한 피모 상태 등은 CRF를 암시하는 소견이다(항상 그런 것은 아니다).\n비재생성 빈혈 소견 또한 CRF를 암시하는 소견이다(항상 그런 것은 아니다).\nCRF환자에서 속발성 부갑상선 기능항진증이 자주 발생하므로 초음파검사를 통해 부갑 상선을 확인하는 것도 CRF와 ARF를 감별하는 데 도움이 된다. 개에서 한 연구에 따르면 ARF환자의 부갑상선의 크기는 2.4~4 mm인데 반해 CRF환자의 부갑상선의 크기는 3.9~8.1 mm였다고 한다(정상 범위: 2~4.6 mm).\n요소는 isocyanic acid로 분해되어 혈색소의 valine residue와 반응하여 carbamy- lated hemoglobin을 형성한다. Carbamylated hemoglobin양은 질산혈증의 심각도 와 기간을 상대적으로 나타내는 소견이다. Carbamylated hemoglobin 농도는 신부전증이 있는 개에서 높고, ARF환자보다는 CRF환자에서 높게 나타난다.\n\n치료가 가능한가? 아마도 수의사와 보호자 모두가 가장 궁금한 질문일 것이다. 일반적으로 ARF환자의 경우, 조기 치료와 원인제거를 통해 완전 회복이 가능하다. 반대로 CRF환자는 이미 한계치 이상으로 네프론을 소실한 상태이므로 완치는 불가능하다. 다만 임상증상을 개선하고 치료하여 보상성 신부전 상태로 만들 수 있다. 따라서 이러한 점을 미리 파악해서 환자 관리 계획을 세우고 보호자에게 미리 잘 고지하는 것이 불필요한 의료분쟁을 막고 환자를 잘 관리할 수 있는 길이다.\n합병증이 존재하고 치료가 필요한가? (예, 감염, 산-염기불균형, 탈수, 패색) 신장질환이\n나 신부전을 치료할 때 중요한 요소 중 하나가 합병증 여부와 종류를 파악하는 것이다. 신부전 은 비뇨기계 이외에 순환계, 소화기계, 혈액계 등 여러 장기에 기능 장애를 유발하는 대표적인 다장기성 질환이다. 또한 신부전 자체를 치료하기는 어렵기 때문에 신장질환이나 신부전의 치료는 나타나는 합병증에 대한 처치와 예방이 치료의 핵심이 된다. 합병증과 증상에 대해서는 제 1장의 신부전의 발생기전편을 참고하라.\n예후는 어떤가? 아마도 보호자가 가장 듣고 싶어 하는 질문일 것이다. 저자는 보호자들에 게 이런 말을 자주한다. ARF는 all or nothing, CRF는 mangeable but requires huge effort. 다시 말해 ARF환자는 회복되거나 죽거나 둘 중 하나이고(물론 일부는 CRF로 진행되기도 한다), CRF환자는 회복은 가능하지만 손상은 영원하기 때문에 죽을 때까지 관리가 필요하다는 내용이다. 따라서 예후에 대한 평가는 ARF환자보다는 CRF환자에게 더 중요한 요소이고 따라서 IRIS라고 하는 CRF환자의 grading scale이 만들어진 것 같다. 통상적인 예후를 IRIS stage로 평가한다면 IRIS I(Excellent), IRIS II(Good), IRIS III(Guarded), IRIS IV(Poor)인것 같다.\n\n병력과 신체검사\n신장질환의 진단은 병력과 신체검사를 신중하게 실시함으로써 가능하다. 청취해야 할 병력으로는 환자정보(나이, 품종, 성별), 주증상, 사육 상태, 전체적인 외관 등이 있다. 주증상(Presenting complaint)을 기록할 때는 증상개시 형태(예, 갑작스런 또는 점진적인 증상발현), 질병의 진행 양상(예, 점차 완화, 변화 없음, 점차 악화), 이전의 치료에 대한 치료반응 등을 반드시 기록한다. 사육환경에 대한 병력에는 환자의 현재 거주 형태(예, 집안/집밖), 환자의 용도(예, 애완용, 번식 용, 전시용, 사역견), 환자의 성장지역이나 여행력, 다른 동물과 접촉 유무 등을 포함해야한다. 그 외, 백신 상태, 급여되고 있는 사료, 외상과 관련된 정보 및 과거 질병력 등을 기록해야 한다. 비뇨 기질환과 관련하여 음수량과 배뇨량 및 배뇨횟수에 대한 변화를 기록해야 한다. 보호자는 pol- lakiuria, dysuria, 또는 hematuria의 존재 유무를 물어보아야 한다. 이때 배뇨 장애에 의한 dysuria(배뇨곤란)와 pollakiuria(빈뇨)를 기능 장애에 의한 polyuria(다뇨)와 감별해야 한다. Dysuria(배뇨곤란)와 pollakiuria(빈뇨)는 하부 비뇨기질환의 주증상인 반면, polyuria(다뇨)는 상부 비뇨기질환의 주증상이므로 두 소견을 정확하게 감별하는 것은 매우 중요하다. 야뇨증 (nocturia)은 다뇨의 초기 소견으로 나타나기도 하지만, 배뇨 장애(dysuria)의 결과로 나타나기 도 한다. 개와 고양이에서 정상적인 하루 요생산량은 20~40 mL/kg/day 정도이다. 환자가 부분 적인 요도패색이 있을 경우, 배뇨의 개시가 어렵고 오줌 줄기의 직경이 가늘어지는 경우가 많다. 만약 환자가 혈뇨를 보일 경우, 배뇨와 관련되어 혈뇨가 보이기 시작하는 시점을 보호자에게 반드시 물어봐야 한다. 배뇨개시와 관련되어 발생하는 혈뇨는 요도나 생식기질환을 나타내는 경우 가 많고 배뇨말기나 배뇨 중간에 혈뇨가 관찰되면 방광이나 상부 비뇨기(신장 또는 요도)의질 환을 나타내는 경우가 많다. 다음증(Polydipsia)은 보호자가 다뇨증에 비해 쉽게 감지되는 경우 가 많다. 정상적인 하루 음수량은 개가 60~80 mL/kg/day을 넘지 않는다. 보호자에게 또한 환자가 신독소(예, 부동액에 들어있는 ethylene glycol, Easter lily[고양이], aminoglycoside계통 항생제[예, gentamicin]과 비스테로이드성 소염제[예, flu- nixin meglumine, ibuprofen])에 노출된 적이 없는지 물어봐야 한다. 또한 환자가 다음/다뇨를 유발할 수 있는 약물을 먹고 있는지에 대해서도 물어봐야 한다(예, glucocorticoids, 이뇨제).\n다음 단계로 완전한 신체검사(안저검사 및 직장검사 포함)를 실시한다. 환자의 가수상태와 복수나 피하부종 유무(사구체질환에 의한 nephritic syndrome의 주증상) 등을 세심하게 살핀 다. 구강에 궤양병소 유무, 혓바닥의 괴사병소 유무 및 점막의 창백도 등을 검사한다. 망막부종, 망막해리, 망막출혈, 안구혈관의 tortuosity등을 안저검사를 통해 확인해야 한다. 때로 신장질환에 의해 심한 고혈압이 있을 경우, 망막분리에 의한 급성 실명을 유발할 수 있다. 어리고 성장기에 있는 환자가 신부전이 있을 경우, 하악과 상악에 종창과 형태변형을 유발할 수 있는 심각한 섬유소성 골이영양증(소위 말해 rubber jaw라 불리는)을 유발할 수 있다. 하지만 이러한 소견은 나이든 개에서는 거의 발생하지 않는다.  BUN 과 creatinine은 혈청 시료, 헤파린 처리된 혈장 및 전혈 시료에서 보편적으로 검사가 가능 하다. BUN과 creatinine은 신장기능의 간접적인 표식인자이며, 이러한 물질의 혈장농도는 생산량과 신장을 통한 제거속도를 나타내기 때문에 간접적으로 사구체의 여과율(GFR)을 측정하는 데 사용된다. Creatinine은 골격근에서 보다 안정된 속도로 생산되어 분비되고, 세뇨관을 통해 재흡수되거나 분비되지 않을 뿐 아니라 사구체를 통해 완전히 여과되기 때문에 GFR을 측정하는 내인성 표식인자로 이용되고 있다. 혈액시료는 사료섭취가 영향을 줄 수 있기 때문에 하루 동안 절식을 한 후에 채취하는 것이 가장 이상적이다.\n질산혈증(azotemia)이란? 혈액중에 BUN와/또는 크리아틴닌이 증가하는 경우를 말하며 사구체 여과율의 저하를 암시한다. 사구체 여과율이 심하게 저하되어도, 혈장중 BUN와 크리아틴닌 수치는 경미한 정도밖에 올라가지 않는 경우가 있다. 신장성 질산혈증은 신장의 구조적 손상을 의미한다. 신장의 농축 기능의 소실은 적어도 75% 정도의 네프론이 그 기 능을 상실했을 때 나타나므로 일반적으로 신장성 질산혈증은 저비중뇨와 동반되어 나타나는 경우가 많다. 질산혈증은 요비중과 다른 실험실검사 결과와 함께 판독하면 질산혈증의 요인을 감별하는 데 도움이 된다(표 2-2). 신전성 질산혈증은 신장에 유입되는 혈류량 감소에 의해 발생하는 질산혈증을 말한다. 이러한 종류의 질산혈증은 신장성 질산 혈증보다 임상에서 더 흔히 나타난다. ADH 분비를 촉진하고 요를 농축시키는 경우나 신장 환류량의 감소를 유발하는 모든 경우에서 신전성 질산혈증이 일어날 수 있다. 등장성 요이거나 경미 하게 농축된 요가 질산혈증을 동반할 경우, 이러한 신전성 질환을 암시한다. 신후성 질산혈 증은 비뇨기 패색이나 파열에 의해 발생하며, 요 결석증이나 요복강 같은 증례에서 흔히 볼 수 있다. 주로 고비중뇨가 나타난다.\n혈장 BUN과 cratinine검사의 의미와 한계: 대부분의 혈장 BUN는 암모니아에 대한 간의 urea 대사 작용에 의해 형성된다. 이들은 사구체 여과를 통과하기 때문에, 사구체 여과율을 저하시킬 수 있는 질환에서 혈장 BUN치의 증가를 관찰할 수 있다. Creatinine과 달리, 신세뇨관에 의해 수동적으로 재흡수된 후, 혈중에 다시 나타나게 된다. 혈류량이 빠를 경우, 단지 40% 정도만이 혈중으로 재흡수되나, 혈류량이 느리면, 70%까지 재흡수될 수 있다. 재흡수 비율은 세뇨관의 urine flow rate에 따라 달라진다. 만약 이러한 flow rate가 감소하게 되면 재흡수되는 BUN의 비율은 상승하게 되며 이로 인하여 혈중 BUN치는 상승하게 된다. (예, 탈수 환자). 집합관의 urea의 투과율은 항이뇨호르몬(ADH)의 영향을 받는다. 식이성 단백질이나 조직 분해의 증가와 배설 장해가 혈장 BUN치를 증가시키는 주된 요인이다. 또 한 발열, 감염이나 위장관 출혈(단백질 대사 작용으로)에 의해 혈장 BUN치가 상승할 수 있다. 간 기능 장애나 영양 결핍증에 의한 합성 감소가 혈장 BUN치를 감소시키는 주요한 원 인이다. 또한 anabolic steroid를 투여 받을 때 감소한다. 반대로, glucocorticoids, 항암제, tetracycline류 항생제 치료 시 상승할 수 있다. 혈장 BUN치에 영향을 주는 중요한 생리적 및 병리적 요인들을 표 2-3에 요약되어 있다. 혈장 BUN치가 정상보다 높게 나타나려면 적어도 75% 정도의 신장 기능부전이 있어야 하고, 식이, 운동, 지방혈증(요 스틱검사)에 의해 영향을 받으므로 GFR 상태를 알려주는 유용한 표식인자는 아니다. 또한 일반적으로 세뇨관에서 재흡수되는 경향이 있기 때문에 creatinine 수치보다는 혈중 BUN수치가 높게 나오는 경향이 있다.\nCreatinine은 음식과 근육내 존재하는 creatine phosphate와 creatine의 분해산물이며, creatinine은 체내 수분량에 일정한 비율로 분포되어 있다. 대부분 동물에서 creatinine은 세뇨관에서 분비/재흡수되지 않으면서 사구체 여과를 통해 배설되기 때문에 사구체 여과율을 측정하는데 있어 혈장 BUN보다 사구체 기능과 신장기능을 평가하는 데 더 유용하다. 환자 가 심각한 탈수에 의해 GFR이 감소되지 않는 한, 탈수에 의해 creatinine 농도의 변화가 일어나지 않는다. 혈장 creatinine 수치가 상승하면, 신전성, 신장성 및 신후성 요인에 의한 신기능 감소를 암시한다. Creatinine은 만성 신장질환의 임상적 단계(IRIS stage)를 구분하는 데 사용되고 있다. 이러한 분류법을 IRIS classification이라 하고 자세한 내용은 제1장을 참 조하라. 만약 어떤 환자를 연속적으로 검사하였을 때, 0.45 mg/dl에서 1.02 mg/dl으로 상승하였다면, 비록 이 두 수치 모두 정상범위라고 할지라도, creatinine 수치에 상당한 증가가 있음을 암시한다. 혈장 creatinine 수치에 영향을 주는 요소로는 근육질 정도, 근육 질환, 운동, 신장의 환류량 및 사료내 단백질 함량 등이 있다. BUN과 달리, 조직이나 사료중 단백질 분해에 적게 영향을 받는다. 혈장 creatinine 수치에 변화를 유발하는 대표적인 요인으로는 개체간의 나이에 따른 체중 대 근육비율(body weight:muscle mass)이 있다. 정상적으로 강아 지의 평균 혈장creatinine 수치는 성견에 비해 낮다. 이러한 평균 수치는 개가 일년령이 될 때까지 점진적으로 상승한다. 이렇게 강아지에서 creatinine 농도가 낮은 이유는 성견에 비해 GFR이 높고 체중 대 근육비가 낮기 때문인 것으로 알려져 있다. 이러한 creatinine 평균 수치는 8~10연령까지는 유사하지만 그 이후의 노령견이 되면 점진적으로 다시 감소한다. 더 나아가 혈장 creatinine 수치는 체중이 증가할수록 증가하고, 악액질이 있으면 감소한다. 비록 portosystemic shunt에 이환된 개에서 혈장 creatinine 수치가 감소된다는 보고가 있지만, 일반적으로 간 기능 부전과 관련되어 creatinine 수치가 감소하지는 않는다. Angiotensin- converting enzyme(ACE) 억제제는 말기 신장질환에서 고혈압의 발생 위험을 낮추고 신부전의 진행을 억제하는 효과가 있지만, 사구체 과여과(hyperfiltration)를 감소시켜 혈장 cre- atinine 수치를 높이는 경우가 많다. 따라서 사람의 경우, ACE inhibitor 투여로 나타나는 creatinine 수치 증가를 긍정적적인 소견으로 보는 경우도 있다. 하지만 이러한 현상은 개나 고양이에서 관찰되지 않는 것 같다. Creatinine검사는 보통 Jaffe 반응을 이용한다. Creatinine과 picrate는 함께 반응하여 색이 있는 복합체를 만들어낸다. Creatinine과 non-creatinine chromogen으로 알려진 물질 모두 검출된다. 이러한 현상은 이미 이와 같은 방법으로 정상 범위를 지정하였기 때문에 혈장 creatinine 농도를 검사하는 데 큰 문제가 되지 않는다. 대부분의 자동화된 생화학 분석기는 이 반응을 이용한다. 이러한 creatinine은 시간이 지날수록 혈장내에서 천천히 소실되므로, 채혈후 24시간 이내에 검사를 실시해야 한다.\nBUN: creatinine ratio는 신전성 요인을 감별하는 데 사용될 수 있지만, 질산혈증의 회복가능성을 예측할 수는 없다. 혈장내 BUN: creatinine ratio는 신장내 환류량, 세뇨관 재흡수, 단백질 분해 작용 및 사료 성분에 차이에 근거하고 있으므로 신전성과 신장성 질산혈증을 감별하는 데 유용하다. 만약 그 비율이 50 : 1이면, 신전성 질산혈증을 의미하고, 만약 그 비율이 37: 1이하이면, 신장성 질산혈증을 암시한다. 그러나 이 역시 너무나 많은 요인에 의해 변동되므로 수의 임상에서 신빙성이 별로 없다.\n\n\n검사의 한계와 판독법: Urea와 creatinine 모두 실용적으로 쉽게 측정할 수 있지만 한 계를 가지고 있다. 정상범위보다 수치가 높을 경우 신장 기능부전이 약 75% 정도 일어났음을 의미한다. 혈장의 BUN과 creatinine 수치는 신장기능의 감소와 생성률보다는 다른 요 인에 의해서 영향을 받을 수 있다. 특히, BUN 농도는 신장 외의 요인에 영향을 잘 받는다. 예를 들어, 간 기능의 감소는 BUN 생산을 감소시킬 것이다. 그리고 혈중 요소 농도는 동물 이 저단백 사료를 섭취한다면 감소할 것이다. 저단백 사료를 섭취하는 만성 신부전증 동물의 경우, 요소 생산량 자체가 감소되기 때문에 이점을 혈액검사 결과를 판독할 때 감안해서 판독해야 한다. 이러한 소견은 신장기능이 개선되었기 때문이 아니라는 점을 명심하라. 신전성 신부전증의 경우, 탈수현상(ADH의 작용에 의한) 때문에, 요로부터 요소의 재흡수가 증가되어 혈중 요소치가 올라간다. 혈장 요소(그리고 creatinine)는 전신성 질소혈증의 정 도를 알기 위해 재수화 처치 전과 후에 검사할 수 있다. Creatinine 수치는 신장 외의 요인에 영향을 덜 받는다. 생산율은 근육에 의해 결정된다. 그래서 혈장 수치는 운동을 많이 하는 견종에서 더 높다(신부전증 범위에 있는 요크셔테리어의 혈장 creatinine 수치는 그레이 하운드의 정상범위의 최고치와 같다). 근육의 소실은 creatinine의 생산율을 감소시킨다. 신부전증인 개는 근육이 소실되고 creatinine 생산이 줄어든다. 따라서 신장기능의 감소가 혈장의 creatinine 비율을 높이는 것은 아니다. 혈장 creatinine은 사구체 여과율을 감소시키는 심각한 탈수에도 직접적으로 영향을 받지 않는다.\n혈중 전해질과 산-염기 수치: Phosphorus 수치는 질병이 진행할수록 증가한다. 고인산 혈증은 phosphate의 신장 배설 감소, 세포내에서 세포외액으로 phosphate의 전좌, phos- phate 섭취 증가에 의해 일어날 수 있다. 보상성 renal secondary hyperparathyroidism시 85% 이상의 네프론이 기능을 하지 않을 때까지 혈청 인 농도가 참고 범위 내에서 유지된다. 신부전 시 고인혈증은 질소혈증이 발생하거나 75% 이상의 네프론이 소실될 때까지 관찰되지 않는다. 혈청 인 농도는 심한 GFR 감소(정상의 15% 이하)가 있는 급성신부전일 때에도 자주 증가된다.\nPotassium 수치는신부전의종류와진행상태에따라가변적이다. 고칼륨혈증은 급성무뇨나 핍뇨성 신부전, 요도 폐색이나 요배설 감소로 인한 방광 파열시 나타날 수 있다. ACE- inhibitor 치료 또한 고칼륨혈증을 일으킬 수 있다. 저칼륨혈증은 보통 만성 신부전과 post- obstructive diuresis시신장을 통한 배설이 증가되어 나타난다. 식욕부진환자에서는 식이섭취 감소도 요인이될 수 있다. 구토나 설사가 있는 환자는 위장관성 소실 또한 요인이될 수도 있다. Calcium 수치는 일반적으로 질병 초기에는 감소증이 대부분이지만 질병말기로 갈수록 신성 부갑상선 기능항진증의 영향으로 증가된다. 이러한 고칼슘혈증은 급성이나 만성 신부전에 의해 모두 발생될 수 있으며, 탈수에 의해 심화될 수 있다. 신부전에 의한 고칼슘혈증 은 총 혈청 칼슘 농도의 증가를 의미하며, 대체로 이온화된 혈청 칼슘 농도는 참고 범위 내 이거나 그 바로 아래일 것이다. 하지만 실제로 심하지 않은 CRF가 있는 대부분의 개와 고양 이 (. 90%)는 총 혈청 칼슘 농도가 참고범위 내일 것이다. 총 혈청 칼슘 농도는 만성 신부전이 있는 개의 약 10%에서 감소된다. 저칼슘혈증과 저알부민혈증(보정 계수는 고양이에게 적용되지 않는다)은, 급만성 신부전이나 ethylene glycol 중독증에 의해 유발될 수도 있다. 또한 저칼슘혈증은 심한 고인산혈증과“mass law”의 결과로 급성신부전 시 발생할 수도 있다. 고칼슘혈증은 신혈관 수축과 신성 간질성 미네랄화를 유발하여 신장을 더욱 손상 시킬 수 있다. 혈청 이온화 칼슘 농도 감소는 만성 신부전 개의 약 40%에서 발견되며, 기전은 다음과 같다; 1) 혈청인 농도 증가로 인한“Mass law”효과(예; 칼슘과 인의 양은 [Ca] 3 [Pi]으로 용액내 함께 남아 있을 수 있다), 2) 신장에 의한 calcitriol의 생산 감소(장에서 칼슘 흡수를 감소시킨다), 3) 요독증에 의한 골격의 PTH 작용에 대한 내성.\n3\n2\nTotal CO2 나 HCO2의 혈중 농도는 대사성 산증 상태를 나타낸다. Total CO 농도는 혈장이나 혈청에 기여하는 CO2의 모든 source을 측정한 것이다. 만약 시료를 호기적으로 다루 면, 용해된 CO2가 공기 중으로 방출되고, total CO2 값은 본질적으로 시료내 HCO2의 농도 와 같다. 일반적인 임상에서, total CO2결정은 [HCO2]와 자주 동의어로 간주된다. 만성 신부전 시 고정된 산(fixed acid)의 신장 배설 감소로 인해 경등~중등도의 보상성 대사성 산증 이 동반된다. Total CO2의 감소가 나타날 수도 있다. 급성 신부전시 대사성 산증은좀더심 할 수 있다. 이는 신장의 보상 반응 시간이 불충분하기 때문이다. Total CO2의 감소가 나타날 수도 있다.\n혈청 단백질 농도: 저알부민혈증은 PLN(protein losing nephropathy; 주로 사구체 질 환)시 신장 소실에 의해 속발성으로 발생할 수 있다. 저알부민혈증은 또한 신성 염증성 질병시에도 나타날 수 있다(알부민은 negative acute phase reactant이다). 고알부민혈증은 어떤 종류의 신장질환이든 탈수로 인한 혈액 농축에 속발성으로 발생할 수 있다. 글로블린 수준은 대체로 정상이거나 PLN시 증가한다(이 단백질은 신장을 통해 소실되기에는 너무 크기 때문이다). 고글로블린혈증은 만성 신우신염이나 만성 염증성, 감염성, 종양성 질병에 속발적으로 발생할 수 있는데, 이들은 사구체 신염이나 아밀로이드증의 원발성 원인일 수 있다.\n\n\n\n\n\n기타 검사 변화: 고콜레스테롤혈증은 사구체신염과 아밀로이드증이 있는 개에서 매우 흔하다. 발병기전은 복잡하고 완전히 밝혀지지 않았지만 사구체를 통한 지나친 알부민 소실에 의해 cholesterol을 조직으로 운반할 carrier protein이 부족해져서 발생하는 것 같다. Amlylase/lipase농도는 신부전 시 올라간다. 이 두 가지 효소는 신장을 통해 배설되기 때문에 신부전이 진행되면 체내에서 제거율이 떨어져 혈중 수치가 올라간다. 또한 신장질환에 의한 요독증에 의해 췌장염이 속발하는 경우도 많기 때문에 이러한 췌장 효소치가 올라갈 수 있다. 감별 진단요령은 그림 2-2를 참고하라.\n요검사\n요검사에는 색깔과 투명도, 요비중(refractometry로 측정), 요 산도, 빌리루빈, 포도당, 잠혈, 케톤과 단백뇨 스크리닝이 포함되어야 한다. 요 침전물은 적혈구, 백혈구, 상피세포, cast, 미생 물과 crystal에 대한 검사를 해야 한다.\n요비중(urine specific gravity; USG): 요비중검사는 가장 적은 돈을 들여서 신장기능을 간편하게 알아보는 검사법이다. Osmometers, hydrometers(urinometers)와 refractometer는 요의 용질의 농도를 측정할 수 있다. 소동물에서는 다량의 요를 채취할 수 없기 때문에 hydrometer를 이용하여 요의 농질 농도를 측정하기는 어렵다. 또한 osmometer는 일반적으로 사용되지 않고 있다. 비중계(refractometer)가 일반적으로 사용하기에 가장 적합하고 실제적으로 임상에서 이용이 용이하다. 요 스틱검사에 나와 있는 요비중검사항목은 정확하지 않다. 요비중은 매 4 g의 단백질이나 매 2.7 g의 당에 의해 0.001씩 증가되며, 세포, 결정 및 점액 같은 부유물 역시 요비중을 상승시킨다. 요비중은 가수 상태, 질산뇨의 존재여부, 요 중 용질의 양(예, 당이나 단백질)에 따라 달라진다(표 2-4). 약 동물이 3% 정도 탈수되면, 요 비중은 신장의 농축 반응과 ADH호르몬 분비에 의해 증가된다. 또한, 질산뇨와 함께 요비중이 감소되면, 신장질환을 나타낸다. 그러므로 요비중은 탈수에 의한 질산뇨와 신장질환에 의한 질산뇨를 감별하는 데 유용하다(표 2-5). 만약 질산뇨와 함께 요비중이 증가되면, 탈수에 의한 질산뇨(prerenal azotaemia)를 의심할 수 있고, 반면, 질산뇨와 함께 요비중이 감소하면, 신장질환에 의한 질산뇨(renal azotaemia)를 의심할 수 있다. 비중은 삼투성(osmolar- ity)과 달리, 용질의 물에 대한 비율을 나타낸다. 요 삼투압은 요비중의 마지막 두 자리에 36을 곱한 수로(예, 요비중이 1.012이면, 삼투압은 12 3 36이다), 신장의 요의 농축 능력을 알아보는 척도가 된다. \n\n표 2-5 요비중을 이용한 질소혈증의 감별진단\n\n\n 정상적인 개의 요비중은 1.001~1.065(보통, 1015~1.045)이며, 고양이는 1.001~1.065(보통, 1.035~1.060)이다(Osborne et al 1995).\n요비중은 개체간, 개체내 변동이 심한 검사이다. 따라서 검사전에 환자의 가수 상태에 대한 평가가 필요하고 정확한 판독을 위해 반드시 연속적으로 검사해야 한다. 일반적으로 요비중이 개에서 1.013~1.029, 고양이에서 1.013~1.034이면, 최소한으로 요의 농축 기능이 유지되고 있음을 의미한다. 저장뇨(Hypo- sthenuria)는 요비중이 1.008 이하일 경우를 말하며, 혈장보다 오줌내 삼투압이 낮다는 것을 의미한다. 오줌을 희석하기 위해서는 원위 곡세뇨관의 기능이 정상이여야 한다. 저장뇨의 존재로 다음/다뇨의 원인을 감별할 수 없지만, 신부전이 있는 환자는 요를 1.008이하로 희석시킬 수 없다. 등장뇨(isosthenuria)는 요비중이 1.008~1.012를 말하고, 혈장과 오줌 내 삼투압이 서로 동일하다는 것을 의미한다. 등장뇨의 존재는 원발성 신부전을 암시한다. 하지만 등장뇨는 다른 요인(예, 부신피질 기능항진증, 당뇨병, 고칼슘혈증)에 의해서도 발생할 수 있다. 신장질환의 경우, 신장에 대한 손상이 66% 이상일 경우 발생할 수 있고, 질산 혈증의 경우, 신장 손상이 75% 이상일 경우, 발생할 수 있다. 앞에서 언급했듯이 요비중은 가수 상태를 고려하여 판정해야 한다. 탈수가 있는 환자에서 고비중뇨는 신부전증의 가능성은 낮다. 탈수 환자가 저비중뇨를 보일 때 신부전증이 의심된다. 신부전증 이외에도 케톤 산증이 합병된 당뇨병, 부신피질 기능저하증시에서도 유사한 소견이 관찰될 수 있다. 질산 혈증의 존재를 통해 이러한 질환과 감별이 가능하다.\n요단백: 단백뇨는 신장질환을 암시하는 가장 대표적인 소견 중 하나이다. 단백뇨는 전사 구체성(preglomerular), 사구체성(glomerular), 후사구체성(postglomerular)으로 나눌 수 있다(그림 2-4). 전사구체성 요인(주로 생리적 요인)으로는 발열, 심한 근 운동, 정맥성 울 혈, 고단백 사료 섭취 및 발정기 등이 있다. 사구체성 요인은 주로 병리적 단백뇨로 사구체 여과막에 손상을 주는 요인에 의해 발생하며, 이러한 요인의 단백뇨는 임상에서 가장 흔하고 가장 문제가 되는 단백뇨이다. 후사구체성 요인으로는 방광, 세뇨관(세뇨관 손상으로 단 백질을 재흡수하지 못해서)이나 생식기의 염증이나 출혈에 의해 발생하는 단백뇨를 말한 다. 농뇨나 혈뇨가 있을 경우, 상기 두 가지 요인의 단백뇨를 감별하기가 쉽지 않다. 요 스틱 검사는 반정량적 검사방법으로 알부민에 보다 민감하게 반응하는 tetrabromophenol blue를 사용한다. 단백뇨는 Robert’s 시험이나 sulfosalicylic acid 시험을 통해 요 스틱검사 결과를 확인할 수 있다. 알카리성뇨에서 요 스틱검사는 위양성 반응을 나타낼 수 있다. 이 경우, 40% 염산을 한 방울 떨어뜨리면 이러한 반응을 막을 수 있다. 요 단백질은 비중과 요 침전물과 밀접한 관계가 있으므로, 판독 시 이를 항상 염두에 두어야 한다. 농축뇨(알카리뇨)에 서 볼 수 있는 약간의 단백뇨(trace~11)는 임상적으로 별로 중요하지 않은 반면, 희석뇨에 서 약간의 단백뇨는 임상적으로 중요하다. 글로불린은 분자량이 커서 사구체를 통과할 수 없다. 비록 저분자량의 글로불린이나 Bence-Jones 단백질 같은 단백질이 요중에 나타날 수도 있지만 주로 요중에 나타나는 단백질은 알부민이다. 요 스틱검사는 알부민만을 감지할 수 있으므로 만약 Bence-Jones 단백질뇨가 의심될 경우, 침전법이나 전기 영동법을 통해 감 별 진단하여야 한다. 비뇨기계 염증이나 출혈에 의한 단백뇨는 잠혈검사(occult blood test) 나 요 침전물검사를 통해 감별할 수 있다. 심한 단백뇨(31~41)는 사구체 신염이나 신장성 아밀로이드 침착증 같은 원발성 사구체 질환에 의해 발생한다. 원발성 세뇨관 질환의 경우, 단백뇨는 21이하이다. 비사구체성 질환의 경우, 단백뇨를 보이지 않으므로, 단백뇨가 없다고, 신장질환을 배제할 수 없다. 미세알부민이란 오줌 중 알부민량이 0.01 g/l 이상이면 서 0.30 g/l 이하인 경우로 요 스틱검사에서 감지되지 않는 미세알부민뇨를 말한다. 요스틱을 이용한 단백뇨검사는 이러한 미량의 알부민을 감지할 수 없기 때문에 이러한 한계를 극복하고자 만들어진 검사법이 미세알부민(microalbumin) 감지법이다(ERD test, Heska, USA). 이 검사를 이용하면 1~30 mg/dL 이하의 요중 알부민을 감지할 수 있다. 이 방법은 ELISA를 이용하는 방법으로 개와 고양이의 알부민 형태가 약간 다르므로 각기 다른 검사 키트를 사용해야 한다. 혈뇨나 농뇨 모두 미세알부민뇨증을 유발하는 요인이다. 미세알부 민뇨는 임상적으로 정상인 개의 15~19%에서 감지된다고 한다. 또한 노령 동물과 다른 질병이 존재할 경우, 미세알부민량이 증가한다고 한다. 진행성 사구체 질환이 있는 개에서 미세알부민뇨가 75~100%에서 감지된다고 한다. 명백한 단백뇨가 나타나기 전에 지속적인 미세알부민뇨가 먼저 관찰된다. 따라서 일반 요 스틱검사보다 신장질환을 조기에 진단해 낼 수 있다.\nUrine protein/creatinine ratio(UPC): 사람에서는 24시간 동안 배설된 요중 단백질 함량을 측정하지만, 동물에서 24시간 동안 요를 채취하기가 쉽지 않기 때문에 소동물 임상에 서 요 단백질대 크리아틴닌 비율(UPC)이 단백질 소실을 측정할 수 있는 중요한 검사법이 된다. 이 방법은 단백질 농도가 오줌량에 따라 상대적으로 변하기 때문에 creatinine 농도를 이용하여 보정한 값이 UPC이다. 이 방법은 단백뇨의 정도를 정량하는 방법으로, 일반적으로 요 스틱검사에서 11 이상의 단백뇨가 관찰될 때 실시하며, 단백질의 소실률을 일정한 속도로 배설되는 creatinine농도와 비교하기 때문에 변동요인에 의한 오진을 최소화한 검 사 방법이다. UPC는 조기 신장질환을 선별하고 다른 단백뇨 선별검사를 확인하며, 단백질 소실을 정량하고 단백질의 기원(localization)을 밝히는 데 도움을 준다. 또한 지속성을 입증하고 질병 진행을 모니터하며 치료반응을 평가하는 데 사용할 수 있다(표 2-6, 그림 2-4). 방광천자를 통해 샘플을 얻는 것이 가장 좋지만 불가피한 경우 자연배뇨된 오줌을 사용하여 검사할 수도 있다. 일일(Day-to-day) 변동요인을 최소화하기 위해 UPC검사는 최소 2~3일 연속 실시해야 한다. 또한 요침사검사와 함께 실시하면 오진의 가능성을 최소화 할 수 있다.\n\n검사 방법\n\n오전 10시에서 오후 2시 사이에 방광 천자를 통해 5~10 mL 요를 채취한다.\n일반 요 침전물검사와 같이 요를 원심 분리한다.\nTrichloroacetic acid-ponceau S (mg/dl)법으로 요중 단백질량을 검량한다.\nAlkaline picric법 또는 semi-automated chemistry법 (mg/dl)으로 크리아티닌을 검량한다.\nUP/Ucr Ratio를 계산한다. 예를 들어, 심각한 요로계 감염의 경우, 농뇨에 의해 단백뇨가 발생할 수 있기 때문에 요침사검사를 통해 이러한 요인을 감별할 수 있다.\n0.5 이하는 정상으로 판정되고 질산혈증이 있는 개에서, 0.5 이상이면 심각한 단백뇨가 있음을 나타낸다(그림 2-4). UPC검사가 필요한 대상으로는 1) 신장 질환의 증상이 있거나 아픈 환자, 노령 동물이나 신장에 독성이 있는 약물을 먹고 있는 환자\n2) 또한 위험군에 속한 품종의 전마취나 건강 검진 시, 3) 어린 강아지 검사, 4) Lyme disease에 양성인 개 등이다. 심각한 단백뇨가 요 스틱검사에서 관찰될 경우, 단백뇨의 정도를 파악하기 위해 반드시 UPC를 측정해야 한다. UPC가 1 이상이면 사구체 질환, Bence Jones 단백뇨, 세뇨관성 단백뇨(드물게) 등이 강하게 의심된다. 혈청 생화학검사나 혈청/요 전기영동을 통해 단백뇨의 기원이 사구체성인지 비사구체성인지를 감별하는 데 도움이 된다. UPC를 연속적으로 관찰하면 신장질환의 진행이나 치료반응을 확인하는 데 도움이 된다. 또한 만성 신부전증의 예후를 판단하는 데 연속적인 UPC검사가 이용된다. 만약 이러한 환자에서 UPC가 1 이상이면 예후는 불량하다. 또한 만성 신부전증 환자가 UPC가 1 이상인 환자가 1 이하인 환자보다 질병의 진행속도가 빠르고, 요독증에 빠질 가능성도 높고, 사망률도 높다고 한다. 질병의 진행속도와 합병증의 위험도는 UPC 상승의 정도에 비례한다. 최 근 연구에서 지속적인 단백뇨가 있는 개와 고양이 환자들은 아프거나 신장질환으로 죽게 될 위험이 더 크고, 신장 이외의 다른 질환으로 폐사하기 쉬운 것으로 나타났다.\n심각한 단백뇨는 사구체 신염이나 아밀로이드 신증 같은 사구체성 질환의 특징이며, 이러한 환자에서 심각한 UPC의 증가 소견이 관찰된다. 반면 만성 신장질환에서는 UPC증가가 심하게 나타나지 않는다. 혈뇨나 비뇨기 염증이 있는 동물에서 UPC는 증가하지만, 이러한 경우, 출혈이나 염증이 소실되면 정상수치로 되돌아온다. 비뇨기에 뚜렷한 출혈이나 염증의 증거가 없이 UPC가 상승하면, 신전성이나 신장성 단백뇨를 의심할 수 있다. 사구체 결함에 의해 알부민 같이 분자량이 큰 단백질도 여과될 수 있는 사구체 질환이 신장질환보다 UPC가 높게 나타난다. 비록 UPC검사 하나만으로 사구체 질환을 진단하는 데 있어서 신뢰도가 떨어지지만, 신장성 아밀로이드 침착증의 증례에서 UPC가 가장 크게 상승한다. \n요 침전물검사는 요검사에서 가장 중요한 검사이다. 일반적으로 방광 천자를 통해 얻어 진 요 시료가 신빙성이 있는 결과를 제공한다. 활성 침전물(세균성뇨, 백혈구, 적혈구나 cast)은 감염을 암시할 수도 있다. 치료에 영향을 줄 수 있기 때문에 상부 또는 하부 비뇨기 계 감염인자를 국소화시키는 노력을 해야 한다. 비록 염색을 통해 세포나 캐스트의 유형을 판단할 수 있지만, 염색 찌꺼기에 의한 오진 우려를 줄이기 위해 염색하지 않고 관찰한다. 보통, 요를 원심 분리 후 농축하여 현미경으로 관찰한다.\n요중 적혈구수의 증가는 비뇨기의 출혈이나 염증을 암시한다. 만약 적혈구성 캐스트가 관찰되면, 신장 출혈을 암시한다. 혈색소뇨는 주로 요 결석증, 비뇨기 종양, 세균 감염, 외상,\\ 무균성 방광염, 신장질환, 신장 기생충 감염 및 혈소판 감소증에서 관찰된다. 만약 방뇨된 요 중에서 혈뇨가 관찰되면, 생식기 출혈이나 염증을 의심할 수 있다. 요중 백혈구수의 증가는 비뇨기의 출혈이나 염증을 암시한다. 당뇨병이 있는 환자는 비뇨기 감염이 잘 일어나기 때문에 대부분의 경우, 이러한 환자에서 심각한 원발성 비뇨기 감염증과 무관하게 백혈구 가 관찰되는 경우가 많다.\n편평 상피는 크고 각을 지고 있으며, 작은 핵을 가지며, 불규칙적인 모양을 하고 있다. 이러한 상피는 주로 요도, 질, 포피에서 유래한다. 이행 상피는 크기와 모양이 다양하고 신 우, 요도, 방광 및 근위 요도에서 유래한다. 이러한 세포들은 흔히 카테터를 통해 채취된 시료에서 관찰된다. 이행상피는 반응성 세포로 종양에 의한 이행상피와 염증이나 자극에 의해 metaplasia된 이행상피를 감별하기가 쉽지 않다. 따라서 이행상피 종양을 요 침전물검사 만으로 판정하는 것은 오진의 위험이 높다. 신장 상피세포들은 작고 원형이며, 세뇨관에서 유래한다. 그러나, 세포 변성 때문에 백혈구와 감별이 어렵다. 세포의 크기에 따라 세포가 유래한 부위를 예측할 수 있다. 예를 들어, 신장에서 유래한 세포는 가장 작고, 요관, 방광, 근위 요도에서 유래한 세포는 그 다음 크기이며, 원위 요도, 질, 포피에서 유래한 세포는 가 장 크다. 시료중에 세포수가 증가할 경우, 감염, 염증, 자극 및 종양 등을 의심할 수 있다. 악 성 종양세포 역시 세포 변성 초기의 상피와 감별이 어려우므로, 방광 세척(urinary bladder wash)이나 생검이 필요하다. 요중의 상피세포수는 방광염, 종양이나 염증에 의해 증가될 수 있다.\n캐스트(cast)는 신세뇨관 관강에서 형성되고 matrix mucoprotein과 여러 가지 세포들로 구성되어 있다. 이들은 대부분 원위 세뇨관의 산성 상태에서 형성되므로 길 다란 모양 이거나 mould 모양이다. Tamm-Horsefall mucoprotein(THM)이 개와 고양이에서 캐스트 형성에 관련된 대표적인 matrix protein이다. TH은 산성뇨, 농축뇨 및 세뇨관 혈류속도 (사구체 여과속도)가 낮을 때 증가된다. THM의 분비증가는 캐스트 형성을 증가시킨다. 이러한 캐스트가 많이 관찰될 경우(Cylindruria) 신장질환을 의심할 수 있지만, 그렇다고 병증의 심한 정도와 관련성이 있는 것은 아니다. 또한 캐스트가 관찰되지 않는다고 해서 신장질환을 배제할 수도 없다. 캐스트는 고속 원심분리에 의해 파괴되며, 알카리뇨에서 용해된다. 저배율에서 하나에서 두 개 정도의 초자성 및 과립성 캐스트는 정상이다. 다수의 캐스트가 관찰되면, 전신적인 신장질환을 의심할 수 있다. 초자성 캐스트(hyaline cast)는 주로 THM과 알부민의 침전물로서 투명도가 높아서 염색하지 않으면 쉽게 간과되는 경향이 있다. 그 숫자가 적을 경우, 임상적으로 중요하진 않지만, 숫자가 증가될 경우, 단백뇨를 유발하는 질환(예, 단백소실성 신증, 발열, 운동, 세뇨관 괴사) 등이 의심된다. 상피성 캐스트는 상피세포를 포함하고 있는 캐스트로 신장 세뇨관 상피세포가 떨어져 나올 수 있는 질환 (예, 세뇨관 상피괴사)과 관련되어 형성될 수 있다. 가장 대표적인 중금속 중독이나, 허혈성 세뇨관 손상 같은 심한 신세뇨관성 질환에서 관찰된다. 과립성 캐스트는 변성되거나 괴사된 세뇨관 상피 파편에 의해 형성되고 손상 초기에는 거친 캐스트(coarse cast)이지만 시 간이 지나면 fine cast로 바뀐다. 이러한 캐스트의 존재는 주로 신장 세뇨관이나 간질의 손상을 의미한다. 이러한 캐스트는 변성된 세포들과 섞여 관찰될 수도 있다. 왁스양캐스트 (그림 2-5)는 오래된 변성 과립성 캐스트를 나타내며, 주로 만성 신장질환이 있는 환자에 서 관찰된다. 백혈구성 캐스트는 신장질환 염증, 비뇨기 염증이나 무균성 신염에서 볼 수 있다. 하지만 만약 이러한 세포가 심하게 변성될 경우, 이러한 캐스트들은 비뇨기 상피세포 캐스트와 감별하기가 쉽지 않다. 따라서 신선한 시료를 검사해야 이러한 변성을 최소화할 수 있다. 이러한 캐스트에서 관찰되는 백혈구는 대부분이 호중구이다. 적혈구성 캐스트는 신세뇨관의 출혈, 심한 사구체 염증 및 신장성 허혈증에서 볼 수 있다. 이러한 캐스트는 세뇨관 출혈 때문에 적혈구세포들이 응집되어 형성된다. 적혈구성 캐스트 역시 빠르게 변성되기 때문에 신선할 때 검사해야 한다. Broad cast는 위에서 언급한 캐스트가 대형으로 형성되는 경우를 말하고 주로 집합관이나 비정상적으로 확장된 원위 세뇨관 부위에서 형성된다. 이러한 캐스트는 주로 만성 신장질환이나 핍뇨기에서 회복된 급성 신부전증 환자에서 흔히볼수 있다. \n뇨배양과 감수성: 정상적으로 요는 무균성이다. 그러나 시료 채취 방법(자연배뇨나 카테터 채취 시료)에 따라 오염될 수도 있다. 따라서 방광 천자법이 비뇨기 감염이 의심될 때 사 용되는 시료 채취법이다. 등장성 요내 활성 침전물이 없다고 해서 감염을 배제하지 않는다. 마찬가지로, 모든 신우신염 환자들이 CBC가 비정상인 것은 아니다. 요 농축이 좋지 않거나 (SG # 1.015), . 5 WBC/HPF 또는 환자가 내분비 질환(예, 당뇨, 부신피질기능 항진증, 갑상선 기능항진증)을 가지고 있다면 세균뇨가 없어도 뇨배양을 고려하라. 만약 세균이 존재할 경우, 요 배양을 실시해야 한다. 신장 사상충(Capilaria plica or Dictophyma renale)이나 심장 사상충(Dirofilaria immitis) 역시 요 시료중에서 관찰될 수 있다. 효모나 곰팡이가 요 검사에서 관찰될 수 있지만, 대부분 채취과정에 오염과 관련이 있다. \n기타 검사법들\n혈압: 전신성 고혈압은 CRF와 특히 PLN의 흔한 합병증이다. 고혈압이 관리되지 않으면 네프론에 추가적인 손상이 일어나 질병의 진행이 더 빨라진다. 그러므로 고혈압의 관리는 치료의 중요 요소이다. 전신성 고혈압은 보통 간접 측정법을 통해 확인된다. 도플러 초음파 방법이 선택 방법이지만 oscillometric 방법도 개에서 유용할 수 있다.\nAntithrombin III(저알부민혈증의 PLN 환자): antithrombin III는 혈전색전증의 예방 에 중요하다. Antithrombin III는 알부민 분자와 크기가 비슷하다. 신장을 통해 단백질이 소실되어 저알부민혈증이 유발될 때, antithrombin III 수준 또한 감소하기 쉽다. 혈청 수준을 측정할 수 있고, 또한 저알부민혈증 환자에게 예방적으로 항혈전 치료를 실시할 수 있다.\nPTH/이온화 칼슘: 이것은 신성 속발성 부갑상선 기능항진증을 평가하며, 보통 정상 또는 증가된 총 혈청 칼슘을 동반한다. 이온화 칼슘은 대체로 낮은 정상~감소되며, 정상~상승된 PTH 수준을 보인다. 게다가, 총 혈청 칼슘이 증가된 환자에서 이온화 칼슘과 부갑상선호르몬 수준을 검사하는 것은 고칼슘혈증이 신장질환에 의해서 이차적으로 발생한 것인 지 아니면 고칼슘혈증이 신장질환을 유발한 것인지를 감별하는 데 유용하다.\n방광 종양항원검사(the veterinary bladder tumor antigen; v-BTA): 이 검사는 라텍스 응집검사방법으로 종양세포의 항원을 오줌에서 감지하여 이행상피 종양을 조기에 진단할 목적으로 만들어졌다. 이 검사는 농뇨, 혈뇨, 4 1이상의 당뇨나 단백뇨가 있을 때 위양성 반응을 보일 가능성이 높다. 그러므로 혈뇨나 농뇨를 보이는 진행된 이행상피 종양이 있는 환자에서 진단적 가치가 거의 없다. 위양성 반응도를 낮추기 위해서는 시료를 원심분리한 후, 상층액을 검사에 이용해야 한다. 이러한 상층액을 이용할 경우, 이행상피 종양 이외 다른 비뇨기 질환이 있는 환자에서 양성 반응을 보일 가능성이 46%까지 낮아진다. 따라서 현재 형 태의 검사 방법은 이행상피 종양에 대한 스크린검사로 별다른 유용성이 없다. 더 나아가 개에서 방광종양의 발생이 전체 종양의 2% 이하이며, 위양성 반응의 정도가 매우 높고, 검사 비용이 높기 때문에 이 방법에 대한 유용성은 낮다. 하지만 이러한 검사를 지속적으로 하부 비뇨기 증상을 보이는 비만하고 종특이성이 있는 노령의 환자(예, Scottish terrier, Shet- land Sheep dog, Beagles, Wire-Haired Fox terrier, West Highland White terrier)에게 국 한적으로 적용할 경우, 이행상피 종양을 조기에 진단하는 데 도움이 될 수 있다.\n\n신장의 기능 평가\n신장의 대표적인 기능은 혈액에 대한 사구체 여과속도와 세뇨관의 재흡수율을 조절하여 체액 량과 세포외액의 전해질 조성과 산-염기 상태의 균형을 유지하는 것이다. 일반적으로 신장 기 능검사는 만성 신장질환을 진단하고 평가하는 데 중요하고, 신장초음파 촬영이나 신장 생검은 급성 신장질환의 진단과 평가에 중요하다. 또한 신장기능의 평가는 신장질환의 치료반응을 평가하고, 환자의 상태를 모니터하는데 중요하다. 현재 사용되고 있는 다양한 직-간접적인 신기 능 평가방법에 대해 부록 1. 신장기능의 평가 편에 자세히 요약되어 있다. 정확한 검사방법과 판독이 신장질환의 조기 진단과 예후평가에 매우 중요하다.\n\n진단 영상학\n복부 방사선, 복부 초음파 및 특수 조영촬영 같은 진단 영상학은 신장질환의 존재를 파악하는 데 선별검사로서 그 가치가 높다. 하지만 이러한 진단 영상학의 정보를 이용해 환자의 정확한 질병의 정도나 예후를 판단하기가 쉽지 않다. 뿐만 아니라 이 검사를 통해 특별한 병인을 확인하는 경우도 있지만(예, 결석이나 해부학적 기형), 대부분의 경우 정확한 병인을 파악할 수 없는 경우가 많다. 자세한 내용은 부록 2. 상부 요로계의 진단영상학 편을 참고하라.\n복부 방사선: 만성 신부전 시 방사선상 주로 작고, 불규칙한 신장이 관찰된다. 그러나 정상이 거나 비대 된 신장이라고 해서 CRF를 완전히 배제할 수 있는 것은 아니다. 비대칭적 신장 비대는 종양, 보상성 비대, 신주위 가성낭포(특히 고양이에서 흔함)나 요관 폐색에 따른 수신증을 의미할 수 있고 이 경우, 초음파로 추가 평가를 실시해야 한다. 신장 크기는 급성신부전 시 증가될 수 있다. 또한 만성 신장질환시 신장 결석 영역이 보일 수도 있다.\n\n\n\n\n\n\n\n\n\n\n\n\n\n\n복부 초음파: 초음파는 방사선에 비해 보다 정확한 신장 측정이 가능하다. 신피질의 고에코 성과 피질수질 경계부의 소실은 원발성 신장질환을 의미한다. 가족성 신장 이형성증과 사구체 병증은 육안적으로 비정상적인 구조를 수반할 수도 있다. 급만성 신부전의 특정 원인인 다낭성 신질환, 종양, 요관 결석과 신우신염(신우신염의 경우 정상 소견을 보일 수도 있지만)과 같은 원인들이 초음파로 감지될 수도 있다. 또한 초음파상에서 신장의 침윤성 질환(예, 신장 림프육종, FIP)이 의심될 수 있다. 초음파상에서 정상소견이라고 해도 신장질환의 가능성을 배제할 수 있는 것은 아니다.\n\n생검 또는 미세침 흡인검사\n소동물의 신장질환 관리시 세포와 조직병리학적 검사는 거의 실시되지 않는다. 미세침 흡인검 사는 림프성 종양이 의심될 경우 진단을 위해 지시될 수 있다. PLN의 조직병리학검사는 아밀로 이드증, 사구체신염, 가족성 신병증이나 미세변화 증후군을 감별할 수 있다. 신우신염이 의심되는 경우 초음파 유도를 통해 확장된 신우에서 요를 채취하는 것이 뇨배양에 더 좋은 샘플을 제 공할 수 있다. 신장 생검에 대한 자세한 내용은 부록 3. 신장 생검 편을 참조하라.\n\n\n"}