{"title": "임상가를 위한 소동물신장학 진단과 치료지침", "author": "현창백", "publisher": "(주)범문에듀케이션", "department": "내과", "disease": "CHAPTER04\n급성 신부전증\n\n1. 서론\n급성 신부전증(acute renal failure; ARF)은 급성 요독증이라고 불리며 혈청 CRE와 BUN 농도 가 급격하게 정상 이상으로 상승하는 고질산혈증이 특징인 응급질환 중 하나이다. ARF가 적절 한 시기에 해결되지 않는다면 환자의 생존이나 신기능에 큰 문제를 일으키게 된다. 사람의 경우, 원발성 내인성 요인에 의한 ARF의 치사율이 40~60%에 달할 정도로 치사율이 높은 질환 중 하 나이다.\nARF는 신장에 갑자기 기능 장애가 일어나 체내의 배설, 대사 및 호르몬 장애를 유발하는 질환이다. ARF는 사람의 경우 사구체 여과율의 감소, 질산혈증 및 요생산 감소량에 근거하여 진단을 내리지만, 동물의 경우, 정확한 요생산량이나 사구체 여과율의 변화를 정확하게 계측하기 가 어렵기 때문에 종종 방관되었다가 증상이 갑자기 발현되는 경향이 있다. 심한 요독증과 핍뇨 또는 무뇨가 대표적으로 나타나는 임상 소견이고 이러한 소견이 일관적으로 나타나는 것은 아니다.\n비핍뇨성 급성 요독증(nonoliguric acute uremia)이 일반적으로 나타나며, 이러한 소견은 만성 신부전증의 다뇨기와 감별이 필요하다. 만성 신부전증과 달리, ARF증은 원발요인을 제거할 경우, 잠재적으로 회복이 가능하다. ARF는 알려진 것보다 더 자주 발생하며 CRF와 혼동되거나 진단되지 않는 경우가 있다.\n\n\n\n\n\n\n2. ARF증의 발병기전\n ARF는 신장이나 요로계에 대한 혈역학적 변화, 세뇨관및신 장 간질이나 요로계의 손상에 의한 요독소 축적, 전해질 및 수분 불균형, 산–염기 불균형이 유발되어 발생한다. ARF는 원인에 따라 신전성, 내재성(원발성), 신후성 원인으로 분류할 수 있다. 하지만 일반적으로 ARF는 신장자체 원인에 의한 급성 내재성 신부전(acute intrin- sic renal failure; AIRF)을 말한다. ARF에 대한 정확한 치사율에 대한보고는 아직까지 소동물 임상에서 알려져 있지 않지만, 내인성 ARF에 의한 신장질환의 예후는 일반적으로 불량하다.\n\n\n그림 4-2에 세 가지 대표적인 요인에 의한 ARF 발생기전이 묘사되어 있다. ARF는 그 원인이 신 전성이든 신후성이든 궁극적으로 신장자체를 손상하는 신성 신부전(이 경우, acute extrinsic renal failure라는 용어가 사용될 수 있다)으로 진행될 수 있다. 그림에서 보듯이 체액고갈(탈수)이나 심부전에 의해 신장에 허혈성 손상이나 여러 가지 신장 독소에 의한 신세뇨관이나 사구체는 급성으로 심하게 손상 받게 된다. 세포수준에서 이러한 세뇨관 손상은 세포괴사나 apoptosis 같은 반치사성 세포 손상을 유발한다. 더 나아가, 세뇨관 손상은 신장의 간질성 염증세포 침윤 과 함께 세포변성이나 괴사를 유발한다. 근위 세뇨관의 직립부(straight portion; S3 segment) 가 이러한 손상에 의해 가장 심한 퇴행성 변화를 유발하는 부위이고, 회복기 때 세포재생이 가 장 왕성하게 일어나는 부위이다. 근위 곡세뇨관(S1 and S2 segments), 헨레고리의 두꺼운 상행 각(medullary thick ascending limb)과 집합관은 상대적으로 손상이 적게 일어나거나 거의 손상이 일어나지 않는 부위이다.\n신전성 ARF의 발병기전은 다음과 같다: 1) 탈수나 심부전에 의해 RBF(신장혈류량)가 감소하면서 신장 관류량이 감소되고 질소 노폐물이 저류되고(사구체의 정수압이 감소하면 사구체 여과압이 감소하고 용질이 저류된다), 2) 신장의 심각하고 지속적인 저관류 현상이 신장에 허혈 성 신증 또는 허혈성 급성 세뇨관 괴사 같은 원발적인 병변을 발생시킨다.\n혈장 고갈의 초기단계에서는 신장의 자가조절작용으로 신장의 배설기능이 보존되고 노폐물의 배설이 유지된다. 신장 관류가 감소하면 신장과 말초 압력 수용체에 의해 감지되어 사구체로부터 용질과 수분의 재흡수를 증가시킨다. 이와 같은 자가조절작용으로 고질산혈증 발생을 조절할 수 있다. 따라서 신전성 고질산혈증은 감소된 심박출과 순환혈량을 교정하면 쉽게 교정 이 가능하다.\n신후성 ARF의 발병기전은 다음과 같다: 1) 결석이나 플러그 같은 요인에 의해 상부 요로계 (신장과 요관)나 하부 요로계(요도와 방광)가 폐색되면, 네프론의 압력 변화가 발생하고 신장의 정상적인 노폐물 여과기능에 장애가 발생한다. 또한 지속적인 폐색으로 요로계가 파열되어 요 노폐물이 복강으로 들어가는 요복강이 발생하게 된다. 폐색에 의해 신장의 네프론이 손상 받을 수도 있지만 요 노폐물의 혈중으로 재흡수가 일어나 요독증이 빠르게 발생한다. 이러한 요인에 의한 ARF는 폐색을 치료해주면 쉽게 교정이 가능하다.\n내인성 ARF(AIRF)의 발병기전은 다음과 같다: AIRF의 가장 중요한 기능적/병리적 변화는 사구체 모세혈관 초여과계수(glomerular capillary ultrafiltration coefficient; Kf)의 감소와 투과성의 변화, 2) 세뇨관내 폐색, 3) 손상된 세뇨관 상피를 통한 여과액의 역류(back leak), 4) 신장 혈관 수축과 신수질부 저산소증 등이다. Kf의 감소는 사구체 모세혈관의 hydraulic con- ductivity의 감소나 효력–모세혈관의 표면적을 감소시켜 GFR을 떨어뜨린다. 또한 손상에 의해 박리된 세뇨관 상피와 세포파편이 요단백질과 결합한 세뇨관 캐스트에 의해 세뇨관내 폐색을 유발한다. 이러한 세뇨관 폐색은 또한 여과된 heme색소, 결정 침착(예, calcium oxalate, sul- fonamides)이나 부종이나 염증에 의한 간질성 압박에 의해서도 일어난다. 급성 요폐색은 신우, 세뇨관 및 보우만 낭에서 정수압을 상승시키므로 사구체 모세혈관과 보우만 낭내 정수압의 차 이에 의해 일어나는 사구체 여과가 제대로 이루어지지 못하게 되고, 더 나아가 GFR은 더욱더 감소된다. 신장의 혈류량 역시 초기에는 증가하지만, 신장 간질의 정수압의 상승과 손상에 의한 국소적인 미세혈관 확장 때문에 점진적으로 혈류량이 저하된다. 손상된 세뇨관 상피를 통해 여 과액이 역류(back leak)되어 요생산이나 여과율이 더욱 더 저하된다. 이러한 기전에 의해서 요독증이 발생한다.\n\n정상\n\n\nARF의 진행 단계는 과거에는 (1) 개시기, (2) 유지기, (3) 회복기로 분류하였지만, 최근에는 처음 개시기를 병리 생리학적으로 세분하여 연장기 단계를 추가해서 설명하고 있다. 개시기(induction)는 환자가 신장 손상을 받고 있는 기간을 나타내며, 이 시기에 신장 실질 손상이 일어나고 세뇨관 상피는 준치상성 손상을 받지만 잠재적으로 회복이 가능하다. 개시기때 조기치료를 실시할 경우, 보다 심각한 손상이 일어나지 않게 예방이 가능하다. 연장기(exten- sion)는 환자의 신장에서 신장 관류량 감소, 지속적인 저산소증, 속발성 염증 및 지속적인 상피 나 내피손상이 일어나는 시기를 말한다. 이러한 지속적인 손상에 의해 세포 손상이 진행되어 괴사나 apoptosis같은 세포사가 일어난다. 이러한 손상에 의해 신장의 기능 장애가 발생하여 사구 체 여과율(GFR)의 지속적인 감소, 요농축 능력의 소실 및 핍뇨와 질산혈증의 발생 같은 임상적 소견이 발생한다. 유지기(maintenance)는 비가역적인 상피세포 손상이 일어난 시기로 GFR은 감소되고, 신장 혈류조절이 교란되며, 요생산이 감소되어 요독증 같은 합병증이 발생한다. 이 시기에 원발요인을 제거해도 진행되는 손상을 막을 수 없고, 회복속도에 변화가 일어나지 않는다.\n\n\n\n3. ARF증의 원인\n회복기(recovery)는 신장조직에 재생이 일어나 신기능을 복원하기 시작하는 기간을 말한다. 이러한 신장기능 회복으로 요량이 증가하고 질산혈증이 소멸한다(제1장을 참조).\n\n\nARF의 원인을 편의상 다음 3가지로 분류할 수 있다. 치료의 개시에 앞서, 먼저 환자 가 이러한 카테고리 중 어디에 속하는지를 파악하는 것이 예후나 관리에 중요하다. 원발 요인을 파악하는 것은 치료에 중요하며, 예후가 좋은 ARF는 신전성과 신후성 요인에 의한 ARF으로, 이러한 증례들을 조기에 진단하여 적절하게 치료하면 신장기능을 다시 정상으로 되돌릴 수 있다. 예후가 불량한 신부전 증례는 말기 단계의 만성 신부전증이며, 이러한 질환들은 원발성 내인성 요인에 의한 ARF (AIRF)와 반드시 감별이 필요하다. 일부 급성 증례의 경우, 신장기능을 정상화하기 위해서, 집중적이고 장기간의 총체적인 보조요법이 필요하다.\n신전성 급성신부전(Pre-ARF)은 순환 쇼크(circulartory shock)나 탈수와 같이 신장의 혈류 량 감소, 신장 관류압저하, 신장혈관 저항성 증가에 의해 발생한다. 따라서 탈수를 유발할 수 있는 모든 질환과 심박출량을 떨어뜨릴 수 있는 모든 상황에서 발생할 수 있다(예, 말기 심부전증). 신후성 급성신부전(Post-ARF)은 비뇨기 폐색에 의해 배설되어야 할 노폐물이나 전해질이 체내에 축적되어 발생한다. Post-ARF의 주요 원인으로는 결석, mucous plugs, 혈전, 신장내/외 종괴에 의해 비뇨기 폐색의 부분적 또는 완전 폐색 등이 있다.\n\n4. ARF증의 병력과 임상증상 신성 내인성 급성 신부전증(AIRF)은 여러 가지 원인에 의해 신장 실질에 직접적인 손상이 발생하여 일어나는 신부전증이다. 이러한 손상은 크게 원발성 혈관성, 사구체성, 세뇨관성, 간질성으로 크게 나눌 수 있다. 또한 종류에 따라 신독소, 신장허혈, 감염성 요인 및 급성 고인혈증으 로 크게 나눌 수 있다. 일반적인 AIRF의 원인은 표 4-1에 요약되어 있다. 이러한 AIRF는 원인에 따라 크게 원발성 신장질환(예, 신우신염, 독성신증)과 전신성 질환(예, 췌장염, 허혈성 신증)에 의한 신부전증으로 크게 나눌 수 있다. 췌장염, 폐혈증, 용혈성 빈혈 같은 전신성 질환은 신장의 혈역학적 변화나 전신적 염증반응을 유발하여 ARF를 발생시킨다.\n\n\nARF는 갑작스런 증상 개시와 지속기간이 일주일 이내이지만, 만약 하부 비뇨기질환이나 전신 질환에 속발할 경우, 그 경과가 더 길게 나타날 수도 있다. 핍뇨와 무뇨가 주증상이지만 상황에 따라 정상적인 배뇨나 다뇨가 나타날 수도 있다. 체중감소, 다뇨/다음, 야뇨증 및 저장성 요 및 신부전을 암시하는 실험실 소견은 만성 신장질환을 암시하는 소견이다.\nARF의 임상증상은 신장의 배설기능(수분, 칼륨, 인산, 질소산물 및 약물), 조절기능(체액량, 전해질, 산–염기, 혈압) 및 내분비기능(calcitriol과 부갑상선 호르몬[PTH], erythropoietin) 장애가 복합적으로 일어나 발생한다. 따라서 다장기성 기능 장애가 나타난다. 최근 연구에 따르면, 개의 경우, 내원 당시 네 가지 이상의 장기부전의 소견이 관찰된다고 한다. ARF증이 있는 개에 서 주로 관찰되는 증상을 보면 소화기(93%), 순환기(80%), 호흡기(52%), 조혈계(40%) 및 신경계(36%) 순으로 관찰된다. 대표적인 임상증상은 다음과 같다.\n체액 불균형: 초진 당시 대부분의 환자들은 소화관을 통한 체액소실, 출혈 및 부적절한 체액 흡수 장애로 저혈량성이고 탈수가 되어있다. 따라서 내원 당시 때부터 체중과 가수 상태를 규칙 적으로 연속적인 측정을 통해 기록해두어야 탈수를 교정할 수 있고, 또한 지나친 수액요법에 의한 합병증을 예방할 수 있다.\n\n\n부적절한 요생산: 핍뇨와 무뇨가 ARF의 주요한 소견이고, 통상 요생산량이 0.3~1 mL/kg/hr 이하(통상, 0.5 mL/kg/hr)이다. ARF가 있는 환자의 1/3에서 무뇨가, 1/3에서 핍뇨가, 1/3에서 다뇨 또는 정상뇨가 나타난다. 핍뇨기가 있는 환자가 정상뇨를 보이는 환자에 비해 용질의 저류, 과가수(overhydration), 고칼륨혈증 및 대사성 산증이 더 심하게 악화된다. 때문에 핍뇨기를 빠르게 교정하여 정상 배뇨를 유발하게 하는 것이 치료에 중요하다.\n전해질 및 산–염기 장애: ARF에 의해 배설기능 장애가 유발되면 전해질(고칼륨혈증, 고인 혈증)과 산–염기 장애(대사성 산증)가 발생된다. 가장 대표적인 장애가 고칼륨혈증이고 이러한 전해질 장애는 부적절한 수액요법이나 대사성 산증에 의해 더욱 악화될 수 있다. 나트륨 장애는 주로 부적절한 수액이나 과도한 중탄산나트륨(대사성 산증 교정을 위한) 투여 때문에 발생한 다. 저나트륨혈증은 주로 저장성 수액제(예, 5% dextrose, 영양수액)의 남용에 의해 발생하고, 고나트륨혈증은 주로 신부전증 초기에 과도한 탈수 때문에 발생한다. 대사성 산증은 수소나 산성이온 배설장애와 중탄산 흡수 장애에 의해 발생하고 ARF의 진행이나 예후를 평가하는 데 가장 중요한 진단적 지시계가 된다. 이러한 대사성 산증이 지속할 경우, 억압성 신경증상(예, depression, lethargy, stupor, coma)이 나타난다. 대사성 산증은 또한 인슐린 저항성을 증가시키고, 단백질 분해를 촉진하여 질산혈증과 근쇄약을 더욱 가중시킨다. 탈수, 구토, 지나친 중탄산 투여에 의해 대사성 알카리증이 발생할 수도 있다.\n요독증: 사구체 여과 장애로 인하여 500달톤 이하의 요독소와 500~15,000달톤의 요독소가 축적된다. 요소에서 암모니아로 전환, 점액생산 감소, 고가스트린혈증, 요독소의 중추신경계의 구토중추 자극이 복합적으로 소화기 증상을 유발한다. 또한 이러한 소화기 증상에 의하여, 약 10%의 ARF증례에서 급성 췌장염이 속발된다. 요독소는 혈소판의 기능장애를 유발하여 출혈 경향이 증가하게 된다. 이러한 소견과 소화기 출혈이 빈혈을 유발할 수 있다. 요독소는 이외에도 저체온증, 요독증성 폐렴, 탄수화물 관용(carbohydrate intolerance) 및 면역부전 등을 유발한다. 순환기 합병증: 심장의 용적부화(volume overload), 심장종대, 심부전증, 부정맥 및 고혈압 등이 ARF의 합병증으로 나타날 수 있다. 드물게 심낭염, 심낭수 유출, 심장압전 같은 소견이 나 타날 수 있다. 서맥, 심방성/심실성 조기박동, 발작성 심실성 빈맥이 심각한 요독증의 합병증으로 나타날 수 있다. 심각한 ARF가 있는 개의 80%에서 전신성 고혈압이 관찰된다.\n호흡기 합병증: 심각한 요독증이 있는 개의 50%에서 호흡기 질환이 합병된다. 그 밖의 호흡기 합병증으로는 폐부종, 흉수, 폐렴, 폐출혈, 요독증성 폐렴, 폐동맥성 혈전증 등이 보고된 바 있다. 신경계 합병증: 신경근 기능장애에 대한 원인은 다인자성으로 내인성 중추신경계(CNS) 병소(예, 뇌출혈)같은 직접적인 요인과 요독증이나 산–염기 및 전해질 장애에 의해 속발되는 간접 적인 요인에 의해 발생한다. Ethylene glycol 중독증은 특이적인 CNS기능 장애가 ARF증상에 앞서 또는 동시에 나타날 수 있다. 질산혈증을 교정하기 위한 혈액투석은 빠르게 수분을 뇌로 이동시키는 osmotic shift를 유발하여 치명적인 뇌부종을 유발할 수 있다. 신부전증은 일부 약물(예, H2 blockers, metoclopramide)의 대사와 배설을 지연시켜 신경계 부작용을 유발할 수 있다(일반 권장 투여량을 투여할 경우, 이러한 약물들의 배설이 지연되어 부작용이 발생).\n\n\n5. ARF증의 진단\n\n\n\n신체검사\nARF에 이환된 환자는 다양한 정도의 탈수소견을 보인다. 질산혈증(요독증)의 심하기와 이환 기간에 따라, 의기소침, 저체온증, 요독증성 구취, 구강궤양, 담즙색 피모, 피부좌상, 혀끝의 괴사나 궤양, 빈맥이나 서맥, 근위축 및 발작같은 증상이 나타난다. 신장 촉진에서 통증을 호소할 경우, 급성 신염이나 신증 또는 양측성 요관폐색을 암시하는 소견이다. 촉진시 종대되고 딱딱한 신장은 신종양, 아밀로이드 침착증 및 다낭포성 신장질환(polycystic kidney disease; PKD)을 암시하는 소견이다. 방광이 촉진되지 않을 경우, 요관폐색에 의한 심각한 핍뇨나 무뇨를 의심할 수 있다. 방광 촉진시 종대되고, 딱딱하며, 통증이 심할 경우, 방광의 배출로 폐색을 의심해 볼 수 있다. 출혈이나 용혈 같은 소견이 없을 경우, ARF가 있는 개와 고양이에서 점막은 통상적으로 분홍색이다.\n\n실험실검사 및 진단영상\nARF의 진단검사 항목에는 일반적인 혈액검사(CBC), 생화학검사 및 전해질검사, 요검사, 영상 진단 및 생검 등이 포함된다. 일반적인 진단상 특징이나 판독요령은 제2장 신부전의 임상적 접 근 편을 참조하라.\nCBC: ARF의 경우, 경과가 빨라서 빈혈이 잘 관찰되지 않기 때문에 정상적인 RBC 숫자를 보이며, 탈수가 발생하기 때문에 hematocrit와 혈색소 농도 증가 소견이 주로 관찰된다. 만약 환자가 비재생성 빈혈 소견을 보이면 CRF를 암시하는 소견이다. Carbamylated hemoglobin 농도는 혈액이 요중에 노출된 기간을 나타내는 검사항목이기 때문에 개에서 ARF와 CRF를 감별하는데 유용하다.\n혈액 생화학검사: Creatinine과 BUN의 증가 같은 진행성 질산혈증이 ARF의 가장 주요한 소견이다. 혈중 creatinine은 신장기능 장애의 정도와 배뇨패색의 정도에 비례하여 증가한다. 만약 환자의 creatinine 농도가 2.0 mg/dL 이하(고양이는 2.8 mg/dL)일 경우, 경미한 ARF(정상 신기능의 40% 이상 유지)이고, 2.0~5.0 mg/dL일 경우, 중등도의 ARF(정상 신기능의 20~40% 유지)이며, 5~10 mg/dL일 경우, 심한 ARF(정상 신기능의 10~20% 유지)로 판정하고, 10 mg/dLl상이면 극심한 ARF(정상 신기능의 10% 이하로 유지)로 판정한다(이와 같은 분류법은 IRIS staging법을 사용하는 CRF분류법과 다르다). BUN 역시 GFR 감소 정도에 따라 반대로 올라간다. Creatinine과 달리, BUN은 여러 가지 요인(예, 단백질 섭취량, 소화관 출혈)에 의해 영향 받기 때문에 creatinine에 비해 다소 비특이적인 신장질환 마커이다. BUN은 내래성/외래성 질소대사, 가수 상태, 요생산량 및 이뇨제 등과 밀접한 관련성이 있어서, 요독증 상태를 평가하는 데 유용한 검사항목이다. 또한 BUN은 투석시 저분자량의 요독소의 제거율을 평가하는 데 유용한 평가항목이다.\n인산과 칼슘: ARF가 있을 때 혈중 인산 농도는 creatinine의 농도 상승보다 심하게 일어나 며, 주로 중등도의 저칼슘혈증 소견과 같이 관찰된다. 반대로 칼슘 농도는 신부전의 진행에 따라 정상 또는 경미한 상승 소견을 보일 수 있고 주로 CRF일 경우, 감소한다.\n칼륨: 혈중 칼륨 농도는 요독증의 심하기와 원인, 구토의 정도, 수액과 이뇨제의 투여량에 따라 다양한 양상을 보인다. 일반적으로 세뇨관 폐색이나 하부 비뇨기 폐색이 있을 경우, 올라가는 경향이 있다.\n중탄산: 혈중 중탄산 농도는 신부전증이 진행함에 따라 세뇨관 재흡수가 차단되어 감소하는 경향이 있다. 요독증의 정도에 따라 경미할 경우, 5 mmol/L 정도의 중탄산 소실이 관찰되고 심 할 경우, 15 mmol/L 정도의 중탄산 소실이 관찰된다.\nFractional excretion: 나트륨의 fractional excretion(FENa)이나 요소의 fractional excre- tion(FEurea)이 renal-ARF와 pre-ARF를 감별하는 데 사용한다. Pre-ARF의 경우, FENa와 FEurea가 증가한다.\n세뇨관 상피효소(gamma-glutamyl transpeptidase[GGT]와 N-acetyl-beta-D-glu- cosaminidase[NAG]): 요중에서 세뇨관 손상이나 괴사를 나타내는 유용한 검사항목이 된다. 정 상 동물의 오줌에서는 적은 양의 GGT가 발견되며, 증가된 GGT양은 AIRF의 진단에 도움이 된 다. 소변중 GGT는 세뇨관세포의 솔가장자리에서 방출되며 증가된 요중 GGT는 신손상에 있어 매우 민감도가 높은 지표이다. 이는 곧 닥칠 세뇨관 괴사를 암시하는 소견이다. 요중 GGT를 측정하거나 요중 GGT 대 creatinine 비율(UGGT/UCreatinine)을 계산할 수 있다. 세뇨관세포질에서 나오는 또 다른 효소로는 N-아세틸–글루코스아민(NAG)과 베타 glucuronidase가 있다.\n요검사: 신장의 요농축과 희석 능력(USG)은 내인성 ARF의 장애 정도를 평가하는 데 매우 중요하다. 일반적으로 AIRF의 경우, 요비중은 1.008~1.018 사이이다. 질산혈증을 보이는 환자에서 USG가 1.030 이상(개)이거나 1.035(고양이)일 경우, pre-ARF를 암시하는 소견이다. 질산혈증을 보이는 환자에서 USG가 1.012~1.029(개)이거나 1.012~1.034(고양이)일 경우, pre- ARF가 지속되어 AIRF로 전환되는 상황을 암시하는 소견이다.\n당뇨: 개 ARF의 50%증례에서 고혈당증이 없는 상태에서 당뇨가 나타나고, 이는 근위 세뇨관 기능장애를 나타내는 중요한 소견이다. 이는 세뇨관 괴사를 나타내고, AIRF를 다른 요인의 신부전증과 감별할 수 있는 중요한 검사항목이다.\n단백뇨: UPC가 0.5 이상인 명백한 단백뇨는 사구체 손상을 나타내는 소견이다. Microalbu-minuria가 UPC증가에 앞서 단백뇨를 감지할 수 있다. 단백뇨의 원인은 다양하기 때문에 적절 하게 그 원인을 감별하는 것이 중요하다. 생리적 단백뇨는 운동이나 발작같은 근운동에 의해 발생하고, 사구체전성(overflow) 단백뇨는 Bence-Jones protein이나 hemoglobinuria처럼 외래성 단백질 유입이 증가되어서 발생하며, 사구체성 단백뇨는 사구체질환에 의해 단백질을 재흡수하지 못해서 발생하며, 세뇨관성 단백뇨는 세뇨관 손상에 의해 사구체 여과를 통과한 단백질을 세뇨관이 흡수하지 못해서 발생하며 분비성 단백뇨는 하부 요로계 염증에 의해 염증산물 분비로 단백뇨가 발생한다. AIRF와 관련된 중요한 단백뇨는 사구체성과 세뇨관성이다.\n캐스트: 과립성 또는 초자성 캐스트의 존재는 활성 신장병소를 암시하는 소견으로 세뇨관 상피 박리나 괴사 또는 사구체의 단백질 누수(leakage)에 의해 발생한다.\n영상학적 진단검사: Duplex Doppler sonography는 신장내 혈류량을 측정하여, 신장 손상이나 요로계 폐색에 의한 혈관 저항성 변화를 측정하는 데 유용하다. 일반 초음파상에서 신장 피질의 echogenicity를 측정하면 신장 손상 정도를 평가하는 데 유용하다. 예를 들어, ethylene glycol 중독증의 경우, 신피질 echogenicity가 크게 증가하면서 피질–수질연접부의 echogenici- ty가 크게 감소하는 halo sign이라 불리는 특징적인 소견이 나타난다. 그밖에 배설성 요로조영 술, 컴퓨터 단층 촬영 및 자기 공명 촬영(MRI)등이 진단에 이용된다. 자세한 내용은 부록 2 상 부 요로계의 진단영상학 편을 참조하라.\n혈청검사: 사구체신염이 AIRF의 원인이라 생각되면 렙토스피라증을 검사하기 위해 급성기 때 또는 회복기때 혈청을 이용하여 혈청검사를 실시해야 한다. 샘플을 제출해야 한다. 만약 급격 한 신우신염의 진행이 AIRF의 원인이라 생각되면 보렐리아에 대한 혈청검사를 실시해야 한다. 신장생검: 신장생검은 침습적인 검사방법으로 신장손상의 원인, 정도 및 기간 등을 파악할 수 없을 때 실시한다. 신장생검은 원발성 신장질환에 의한 질산혈증을 확진하고 급성과 만성의 변화를 알아보는 데 있어 매우 도움이 된다. AIRF와 일치하는 신장 병변으로는 퇴행성 세뇨관 변 화, 세뇨관 괴사, 세뇨관 탈락, 세뇨관 기저막 탈락, 신장내 원주 형성 등이 있다. 신증(Nephropa- thy)에 의한 ARF인 경우, 간질의 염증 소견은 적다. 하지만 사구체신염에 의한 ARF인 경우 간질의 염증이 상당하게 관찰된다. 섬유화의 소견이 부족하고 네프론 소실이 적게 관찰될 경우, CRF보다는 ARF일 가능성이 높다. 충격적으로 원발성 AIRF에 이환된 환자에서 현미경상 변화 가 거의 관찰되지 않을 수 있다. 이 경우, 초미세 구조의 변화가 신기능 이상이나 병변을 유발한 것이거나 병변이 생검된 부위보다 더 깊숙이 있을 수도 있다(신 수질부 병변 하지만 바늘 생검 시 절대로 수질부에서 시료를 채취해서는 안 된다). 회복기 환자의 신장생검은 섬유화와 세뇨관 재생, 새로운 세뇨관세포에서 기저막의 재생에 의한 치유 정도를 평가하는 데 도움이 된다.\n\nPre-ARF와 AIRF의 감별법\n병력청취나 임상증상만으로도 두 유형의 신부전증을 감별할 수 있지만, pre-ARF의 경우, 급성 신세뇨관 괴사(내인성 신부전증)로 진행되는 경우가 많기 때문에 대부분 실험실적 검사가 필요하다. 때문에 정확한 진단을 위해서는 수액요법을 실시하기 이전에 채혈된 시료가 검사에 사용되어야 한다. 심한 단백뇨가 있을 경우, 원발성 사구체 병변이 의심되고, 혈색소뇨나 근색소뇨가 있을 경우, 색소의 침착에 의한 사구체 손상이 의심된다. 신전성인지 내인성 신부전증인지를 감별하는데 도움이 되는 요 검사의 주요소견은 그림 4-5와 표4-2에 묘사–요약되어 있다. 이러한 소견들이 일반적으로 두 유형의 신부전증을 감별하는 데 유용하게 사용되지만, 조영제나 색소 침착에 의한 ARF는 내인성으로 분류됨에도 불구하고, 실제 요의 나트륨 농도는 정상 이하로 나타날 수 있다. 부신피질 기능저하증의 경우, 저알도스테론 혈증에 의해 나트륨 손실이 많아지기 때문에 신전성임에도 불구하고 요비중이 보통 1.030 미만이다. 이 질환에서는 요농축기전에 중요한 나트륨 소실에 의해 수질성 희석(medullary washout)이 일어나 수질의 고삼투압이 유지되지 못해 다뇨가 나타난다. 고칼슘혈증이 있는 동물이 저비중뇨를 보일 경우, 신세뇨관의 손상에 의한 고칼슘혈증성 신증(hypercalcemic nephropathy)이 의심되고, 반면 재수화를 통해 질산혈증이 쉽게 교정이 될 경우, 신전성 신부전증일 확률이 아주 높다. 고칼슘혈증은 신장에서 항이뇨 호르몬의 작용에 길항하기 때문에 탈수에 직면한 환자가 희석뇨를 생산케 한다.\n\nARF와 CRF의 감별법\n말기 만성 신부전증의 예후는 상당히 불량하기 때문에 두 유형의 신부전증을 감별하는 것이 요 독증의 치료의 시발점이 된다. 두 유형의 신부전증의 감별 포인트는 표 4-3에 요약되어 있다. 주목해야 할 점은 두 가지 유형의 실험실검사 소견이 서로 유사하기 때문에 감별에 큰 도움이 되 지 않는다는 것이다. 예를 들어, 고칼륨혈증은 일반적으로 ARF에서 더 흔히볼수 있으나, CRF에서도 볼 수 있다. 또한 비재생성 빈혈은 CRF에서 흔히 관찰되지만, 만약 ARF의 유발인자가 급성 혈액손실일 경우, 비재생성 빈혈 소견이 관찰될 수 있다. 신장의 크기 변화가 감별에 도움이 된다. 대부분의 CRF의 경우, 작고 섬유화된 신장(small fibrotic kidney) 유형을 보이고, ARF\n\n\n6. ARF증의 치료와 관리의 경우, 종창되고 통증성 신장 유형을 보인다. 하지만 예외적으로, 림프종(lymphoma), 다낭포 성 신장(polycystic kidney) 같은 질환은 만성이지만 신장 종대 소견을 보인다. 속발성 신성 부 갑상선 기능항진증의 경우, 치아주변의 재흡수 골밀도 감소의 방사선 사진은 CRF을 나타내는 좋은 소견이다. ARF와 CRF을 감별하고 병인학적 진단과 예후를 판정하기에 가장 유효한 검 사 방법은 신장생검이다. 하지만 이 방법은 위험을 수반하는 침습적인 검사방법이다. 만약 신장 병변의 회복 여부가 질병의 임상적 경과와 치료 반응을 예측하는 데 아주 중요할 경우, 신 장생 검을 고려해야 한다. ARF와 CRF를 감별하기 위해 사용되는 기타 검사법으로는 carbamylated hemoglobin농도 측정과 혈장 발톱 creatinine양이 있다.\n\n\nARF의 치료와 관리는 발병위험이 높은 환자에서 신장 손상을 방지하고 신장 손상의 원인을 제거하며, 요독증에 의해 유발된 생화학적, 대사적 및 임상적 장애를 교정하는 데 중점을 둔다.\n\n급성 신장 손상의 방지\nARF치료에 있어서 가장 먼저 해야 될 일은 요독증 유발 우려가 높은 환자를 빨리 인식하여 발생이 되지 않도록 예방하는 일이다. 허혈이나 신독성 자극을 제거해야 하고 만약 신독성 약물을 투여할 경우, 투약량은 독성을 보이지 않는 정도로 감량해야 한다. 혈역학적으로 부적절할 경우, 체액과 전해질 및 산–염기 불균형을 교정해야 한다. 알려진 신독소에 노출될 경우, 구토유발, 위세척, 활성탄 투여 및 사하제 투여 등으로 제거를 촉진하고 필요에 따라 해독제를 투여한다.\n현존하는 체액 결핍과 예상되는 소실량을 교정해주는 것이 신손상을 최소화하는 데 중요하다. 신독성 약물 투여(예, aminoglycosides, cisplatin, amphotericin B), 마취나 수술에 앞서 등장성 나트륨 수액제(예, 0.9% saline)를 투여하여 체내의 세포외액량을 충분히 늘려주는 것이 신장손상을 최소화할 수 있는 방법이다. 혈역학적/신독소에 노출되기에 앞서 mannitol을 투여할 경우, 요생산의 증가와 나트륨 이뇨작용을 촉진하여 신손상을 줄일 수는 있지만, 세뇨관 손상을 막을 수는 없다.\n\n체액 교정\n원인이 무엇이든지 간에, 대부분의 ARF의 환자들은 초기에 어느 정도의 탈수소견은 있다. 때문에 수액 대체요법이 실시되기 전에 병력청취나 신체검사를 통해 탈수 정도를 평가해야 한다. 때문에, 체중, 가수 상태, PCV, 총단백질, 혈청 전해질, 요소(urea), creatinine 등을 측정하는 것이 매우 중요하다. ARF 치료에 있어 수액요법은 매우 중요하다. 수액은 결손된 체액량을 복원하고 체액내 조성 이상을 교정하며, 요생산을 증진시키는 방향으로 계획을 세운다. 보충용 수액제는 소실된 체액의 구성과 유사한 수액제를 선택한다.\nFlow chart를 만들어 약물 투여량을 정기적으로 기록해두면, 수액요법의 반응을 확인하고 수액용량을 교정하는 데 도움이 된다. 수액요법을 통하여 요 배출량이 2 mL/kg/hour 또는 그 이상이 되어야 하고, 탈수된 상태가 지속될 경우, 감지할 수 없는 손실(insensible losses; 20 mL/kg/24hour)과요 손실(카테터를 삽입하면 측정이 가능)을 교정하기 위해 수액요법을 계속 실시해야 한다. 명심해야 할 점은 대부분의 환자는 요의 흐름이 재개되면 다뇨기 소견을 보인다는 것이다. 만일 과수화가 의심된다면 중심 정맥압(central venous pressure)을 측정할 수도 있다. 중심 정맥압(CVP)이 baseline에서 5~7 cm H2O 이상 상승하거나 10 cm H2O 이상일 경우는 수액량이 너무 많거나 빠르다는 것을 의미한다.\n수액요법은 혈청 요소와 creatinine치가 정상내지는 안정화될 때(3일 연속 같은 수치가 지속된 상태)까지 그리고 환자가 스스로 물과 음식을 섭취할 수 있을 때까지 지속되어야 한다. 요 독증이 있는 환자에서 수액을 갑작스럽게 중단해서는 안 된다. 세심한 관찰과 함께 매일 투여해 야 하는 수액량을 점진적으로 감량해야 환자의 가수 상태를 유지할 수 있다. 만약 질산혈증이 심해지거나 환자의 상태가 악화된다면 정맥 수액요법은 다시 실시한다. 명심해야 할 점은 이런 동물은 신장을 통한 체액이나 전해질 결핍에 취약한 것과 같이 과량 투여된 전해질이나 체액을 쉽게 교정할 수 없다는 점이다. 그러므로 수액을 할 때는 환자를 세심하게 관찰하여, 과수화되 거나 나트륨이 과량 투여되지 않게 해야 하며, 동시에 탈수에 의한 과량의 체액 소실로 환자의 상태가 악화되는 것을 막아야 한다. 체액 부족량은 다음과 같이 계산될 수 있다: 수액 결손량 (mL) 5 % 탈수 3 체중(kg) 3 1000\n실제 수액은 체액 부족량과 더불어 하루 유지량을 더해주어야 한다. 하루 유지량은 소동물에선 30 mL 3 체중(kg) 1 70 mL으로 계산한다. 또한 만약 환자가 다뇨나 구토를 통해 체액을 소실할 경우, 지속 소실량을 함께 보충해주어야 한다. 지속 소실량은 통상 구토 1회를 20 mL로 계산하고 거기에 2배 정도를 추가하면 된다. 예를 들어 체중 10 kg개가 5% 탈수이고 구토를 하 루 2회 한다면 총 수액량은 다음과 같이 계산된다. [결손량(0.05 3 10 3 1000 5 500 mL) + 유지량(30 3 10 5 300 mL) 1 지속 소실량(20 3 2 5 40 mL) 5 840 mL]\n\n\nARF 환자의 수액제는 환자의 전해질 불균형 상태나 산–염기 상태를 고려해서 결정해야 하 지만 일반적으로 하트만이나 0.9% 생리식염수보다는 half-strength saline-dextrose나 이뇨를 촉진하기 위해 5% dextrose수액을 선택하는 경우가 많다. 등장성 나트륨 용액만을 투여 받은 환 자(예, saline, lactated Ringer’s)는 3~4일 내 고나트륨혈증이나 유리수분 고갈이 일어날 가능성이 높다. 핍뇨기에 있는 환자에서, 요를 통한 소실량은 미비하기 때문에 정상 배뇨량을 보이는 환자처럼 수액을 하면 안 된다. 칼륨을 함유하고 있는 수액제는 일반적으로 핍뇨기에 있는 환자나 빠르게 체액 보충을 실시하고 있는 환자에서는 사용하지 않는다.\n저혈량증(hypovolemia)은 신장손상을 더 악화시키기 때문에 6~8시간 안에 신속하게 비경 구적인 방법으로 체액 부족량을 교정해주어야 한다. 더 나아가, 유지를 위해 2~4 mL/kg/hr (소형 동물의 경우, 더 많은 수액이 필요) 정도의 수액량을 추가해야 한다. 체액 결핍에 대한 보충용 수액은 0.9% saline이나 Hartman같은 수액제를 정맥 내로 투여하여 혈량을 확보하는 방향으로 실시한다. 하지만 만약 혈중 칼륨 농도가 상승되어 있을 경우, 선택해야 할 수액제는 0.9% NaCl이다. 신부전증이 있는 환자를 수일에 걸쳐 정맥 내 수액을 통해 재수화를 시키고 나면 용 액의 나트륨 농도를 유지용량으로 줄인다(적정량의 K1이 첨가된 0.45% NaCl/2.5% 포도당).\n고혈량증은 과수화나 수액균형에 대한 부적절한 관찰시 볼 수 있는 대표적인 부작용이다. 중등도에서 심한 ARF를 보이는 60~70% 환자에서 초기 병원입원 기간 동안 과수화되는 경향 이 있다. 결손된 수액량을 보충한 후 환자가 효과적으로 이뇨가 일어나지 않을 경우(1 mL/kg/hr 이상), 지나친 체액 공급에 의해 환자에게 과수화를 유발할 수 있다. 과수화의 증상이 관찰될 경우, 수액 공급량을 즉시 줄이거나 중지해야 하고, 이뇨를 유발시켜야 한다. 생명을 위협할 만큼 과수화될 경우, 혈액 투석이나 복막투석이 유일한 치료방법이다. 복강투석을 통해 질산혈증을 완화시킬 수 있고, 병소의 치유를 지연시키는 대사장애와 전해질 장애를 교정할 수 있다. 하지 만 만약 집중 치료에도 불구하고 환자의 임상적으로 개선이 되지 않고 심각한 질산혈증이 지속된다면, 투석요법보다는 안락사를 고려해야 한다. Cross-linked polyelectrolyte sorbents는 과수화된 ARF 환자에게 임상적으로 적용이 가능한 치료제로, 일반적인 구강 투약 용량으로 30 kg 개로부터 하루에 1 L 정도의 수분을 제거할 수 있다.\n교질성 수액제(Dextran-70이나 Hetastarch)를 20 mL/kg으로 투여할 경우, 혈량을 곧바로 17~24%까지 늘릴 수 있고, 투여한 시간이 지나면, 총 혈량의 35%까지 늘어난다. 혈액소실이 나 출혈에 의한 저혈량증의 경우, 전혈, 혈액성분제 및 합성 혈색소(Oxyglobin®, BioPure, Cambridge, Massachusetts) 같은 혈액 대용제를 투여한다. 수액을 통한 혈량보충을 실시해도 이뇨가 일어나지 않을 경우, 심각한 신장 실질 손상이 있거나 초기 체액 결손량을 너무 낮게 예 상한 경우를 의미한다.\n\n부적절한 요 생산 교정(핍뇨기를 다뇨기로 전환)\nARF치료의 궁극적인 목표는 핍뇨기를 빠르게 교정하여 정상 배뇨를 할 수 있게 만들어 주는 것이다(표 4-4). 최근 사람의 연구에 따르면, ARF가 있는 환자들을 대상으로 이뇨제를 투약했을 때, 오히려 폐사의 위험이 증가했고 신기능이 회복되지 못하는 경우가 증가했다고 보고되었다.\n고장액인 hypertonic mannitol(20%; 삼투성 이뇨제)은 ARF의 핍뇨기를 관리하고 예방하는 대표적인 약물이다. 이 약물은 ARF의 핍뇨기의 초기에 요 생산을 증가시키기 위해 사용하도 록 되어있지만, 최근 연구에 따르면 그 임상적 효과에 대한 충분한 증거자료가 부족하다. Man- nitol (20% to 25% solution)는 0.25 to 1.0 g/kg를 정맥 내로 천천히 투여하여, 체액보충과 이뇨를 위해 사용한다. 이뇨 효과는 투여 후 30~60분 내에 나타나며, 1.0~2.0 mg/kg/min으로 지속 투여(CRI)하거나 0.25~0.5 g/kg을 4~6시간 간격으로 정맥 주사하면 이뇨를 24~48시간 동안 유지할 수 있다. 만약 60분 이내 적절한 이뇨가 이루어지지 못할 경우, 0.25~0.5 g/kg를 추가 투여한다. 하지만 그래도 이뇨가 되지 못할 경우, 지나친 혈량확장, 혈액희석, 고혈량증 및 manni- tol중독증의 발생위험이 높기 때문에 더 이상 증량을 해서는 안 된다. Mannitol은 심한 체액저 류, 폐부종이나 심부전증이 있는 환자에서는 사용을 해서는 안 된다. 요독증(ARF)이 진행되어 있을수록, mannitol의 이뇨증진 효과는 떨어진다.\n실험적으로 유발된 신장 손상에서 신기능을 회복하는 데 있어서 furosemide는 mannitol보 다 효과가 떨어지는 것으로 밝혀졌다. 하지만 이러한 결과는 임상적으로 입증되지 못하였고, 특히 자연 발생한 개와 고양이의 ARF증례에서도 이러한 사실은 입증되지 못했다. 체액 결핍을 교정한 후, furosemide를 시작용량 2~6 mg/kg을 정맥 투여한다. 만약 30분 이내 요생산량이 1 mL/kg/hr 이상으로 증가되지 못할 경우, 시작용량을 반복 투여한다. 만약 적절한 이뇨가 이루 어 질 경우, 투약용량을 6~8시간 간격으로 반복투여하고 0.25~1.0 mg/kg/hr으로 지속투여 (CRI)하여 이뇨를 24~48시간 동안 유지할 수 있다.\nDopamine은 catecholamine으로 PGE2-매개 신혈관 확장, 신혈류량 증가, GFR 증가, 세뇨관의 나트륨과 수분의 감소 및 세뇨관의 산소소비량을 감소시켜 이뇨효과를 나타낸다. 개에서, 이뇨목적의 dopamine용량은 0.5~3 ug/kg/min이고, 이를 통해 신장과 교감신경에 있는 dopamine-specific D1-like & D2-like 수용기를 자극하여 효력을 나타낸다. 강심 용량인 5~7 mg/kg/min으로 투여할 경우, b1-수용기를 자극하여 심박출량이 증가되고 반면 이보다 높은 용량을 투여할 경우, alpha-수용기를 자극하여, 혈관 수축, 빈맥, 부정맥 및 심근/신장 허혈을 유발한다. 0.5~3 ug/kg/min으로 투여할 경우, dopamine은 요생산량이 증가하고 핍뇨를 정상뇨상태로 전환시킨다. 하지만 개체간에 dopamine에 대한 감수성과 효력이 다양하고, dopamine의 제거속도가 다르기 때문에 투약 적정량을 맞추기가 어렵다. 또한 개에서 도파민은 오히려 신장 혈관을 수축시킨다는 연구 보고도 있다. 따라서 도파민 치료의 유효성은 현재 논란이다.  Fenoldopam(Corlopam)은 선택 적 DA-1 agonist로 사람에서 응급 고혈압 치료에 쓰인다. 이 약물은 전신혈관을 확장시키고 신장질환 환자에서 나트륨배설과 이뇨를 자극한다. 또한 개와 고양이의 신혈류량을 효과적으로 증가시킨다. 개와 고양이에서 사용용량은 0.1~1.0 ug/kg/min으로 90~180분간 CRI한다.\n일반적으로 loop성 이뇨제인 furosemide가 단독 또는 mannitol이나 강심제와 함께 투여된 다. Mannitol과 furosemide에 반응하지 않는 핍뇨성 신부전증은 강심제와 병용 치료하면 치료 반응을 보일 수 있다. 연구에 따르면, 신독소에 의해 국소적으로 생산이 되는 혈관활성 물질인 endothelin이 미래에는 원발성 내인성 ARF 처치에 중요한 약물이 될 것이라고 한다.\n\n칼륨의 교정\n고칼륨혈증은 생명을 위협하는 가장 대표적인 ARF의 합병증으로, 때로 즉각적인 응급처치가 필요하다. 세포외 고농도의 K1은 근육쇠약(muscle weakness)과 심장 전도조직의 전도 장애를 유발한다. 고농도의 칼륨은 심장에서 탈분극 속도를 느리게 하며 재분극 속도를 증가시킨다. 심 전도상에서 높고 첨예한 T파와 QT간격(interval; 빨라진 재분극 속도 때문에)의 단축, QRS진폭의 증가, 편평해진 P파(flattened P wave), PR간격의 증가, 궁극적으로 P파가 소실되는 심방 정지(atrial standstill)같은 소견이 관찰된다.\n경미한 고칼륨혈증(6.0 mmol/L 이하)은 임상적으로 문제가 되지 않기 때문에 치료를 할 필 요는 없지만 8~12시간 간격으로 칼륨농도를 모니터해야 한다. 중등도의 고칼륨혈증(6.0 to 8.0 mmol/L)은 이뇨제 투여로 자연 교정되는 경우가 많다. 만약 이뇨가 일어나지 못하거나 furosemide투여를 통해서도 고칼륨혈증이 교정되지 못할 경우, 칼륨이 함유된 수액제를 칼륨 이 없는 수액제로 교체한다. 혈중 칼륨 농도가 8.0 mmol/L 이상 될 경우, 동성 심실리듬 (sinoventricular rhythm), 심실성 빈맥(ventricular tachycardia) 및 무수축(asystole) 같은 소견이 나타난다. 고칼륨혈증에 대한 응급처치 요령은 표 4-5에 나와 있다. 이러한 치료는 심각한\n\n\n표 4-5 ARF 환자의 고칼륨혈증 치료 프로토콜\n경미한 고칼륨혈증( , 6.0 mEq/L)\n수액 (0.9% saline, lactated Ringer’s): 혈장용적 증가, 혈중 칼륨 농도희석, GFR 증가 및 신장의 칼륨배설 촉진\nKayexalate: 2 g/kg을 3~4회로 나누어서 20% sorbitol용액과 함께 경구투여; 장점막에서 칼륨과 나트륨의 교환 없이 retention enema를 유발\n중등도 고칼륨혈증(6.0 to 8.0 mEq/L)\nSodium bicarbonate: 1~2 mEq/kg을 정맥으로 20분에 걸쳐 천천히 주입. 수소와 교환되어 칼륨을 세포내로 밀어 넣는다.\nDextrose (20%~50%): 1.5 g/kg을 정맥으로 주입. 인슐린 분비를 촉진하고 당이 흡수될 때 칼륨도 세포내로 유입된다.\nRegular insulin and dextrose(20~50%) 칼륨을 세포내로 유입시킨다. 체중 1 kg당 5~10 mL 20% dextrose 1 0.1~0.25 U insulin투여\n심각한 고칼륨혈증( . 8.0 mEq/L)\nCalcium gluconate (10%): 0.5~1.0 mL/kg을 10~15분에 걸쳐 천천히 정맥주사; 심전도를 모니터한 다; 칼륨에 대한 심근 부작용에 길항하는 약물\n혈액/복막투석: 과도하게 축적된 칼륨을 혈중으로부터 제거\n심전도 이상 소견이 있을 때 적용된다. Calcium gluconate 요법이 가장 빠르게 효과를 볼 수 있으나 지속 효과가 짧은 단점이 있다. Calcium gluconate(10 % solution)를 0.5~1.0 mL/kg으로 10~15분에 걸쳐 천천히 정맥주사하면 심장 과흥분성에 대한 역치를 높일 수 있다. 하지만 이러 한 약물을 빠르게 투여할 경우, 저혈압이나 부정맥을 유발할 수 있기 때문에 이러한 약물을 투여하는 동안에는 동맥혈압과 심전도 모니터를 해야 한다.\n이러한 치료에도 불구하고 칼륨 농도가 교정이 되지 않거나 만성적으로 고칼륨혈증이 재발될 경우, sodium polystyrene sulfonate resin(Kayexalate)을 2 g/kg 용량(20% 현탁액)으로 3~4 회로 나누어서 투여한다. 복막투석(peritoneal dialysis) 역시 혈장 칼륨 이온 농도를 낮추는 데 도움이 된다. 칼륨혈증 목적으로 투여되는 sodium bicarbonate는 대사성 알카리증이 있거나 과수화 위험이 있는 환자에게는 투여하면 안 된다. 또한 sodium bicarbonate는 혈청 칼슘농도를 낮추고 저칼슘혈증이 있는 환자의 병증을 악화시키기 때문에 이러한 환자에게 투여해서는 안 된다. 0.5~1.5 g/kg의 hypertonic(20%) glucose용액을 sodium bicarbonate를 대체할 수 있는 약물로 사용이 가능하다.\n손상된 신장에서 요가 생성되면, ARF의 다뇨기 때문에 다량의 칼륨 이온이 소실되며 저칼륨혈증이 빠르게 발생할 수 있다(예, 폐색 뒤에 오는 다뇨기, aminoglycoside에 의한 신독성). \n\n비정상적으로 축적된 노폐물의 제거: 투석요법\n개와 고양이에서 투석이 실시되는 가장 대표적인 경우가 ARF가 있는 경우이고, 어떠한 약물요법도 투석만큼 효과적으로 비뇨기의 노폐물을 제거할 수 없다. 만약 투석하지 않을 경우, 대부 분 환자는 5~7일 내 폐사된다. 과거에는 동물에서 신부전증이 회복 가능성에 대한 판단은 일반 적인 약물요법으로 1~4주 이내 회복되지 않을 경우, 회복 가능성이 없는 신부전증으로 판단하였다. 하지만 최근에는 투석기술의 발달로, 회복 가능성이 없는 것으로 보이는 증례가 4주 이상의 투석을 동반한 약물요법으로 회복되는 경우가 많기 때문에 이러한 기준은 새로이 개정되어 야 한다.\n심각한 질산혈증도 몇 번의 혈액투석으로 교정이 가능하지만, 개선의 정도는 환자가 이러한 빠른 용질농도 변화에 대한 환자의 적응 정도에 따라 달라진다. 일반적으로 질산혈증은 복막투석이나 혈액투석을 2~3일에 걸쳐 점진적으로 개선시킬 수 있다. 투석을 통해 비정상적인 전해질 장애를 교정이 가능하고 체액의 비정상적인 축적을 교정할 수 있다(예, 폐부종).\n두 가지 투석방법이 수의학에서 이용된다. 가장 많이 이용되는 방법인 복막투석(peritoneal dialysis)은 복막을 투석막으로 이용하여 삼투압과 확산의 원리를 이용하여 독성 노폐물과 과도 한 체액을 혈액으로부터 복강내 투석액으로 제거하는 방법이다. 혈액투석(hemodialysis)은 인공투석기를 이용하여 혈액으로부터 용질과 과량의 체액을 제거하는 방법이다. 투석요법에 대 한 자세한 내용은 부록 5 투석 편을 참고하라.\n\n위장관계 합병증의 교정\n구강병소(예, 요독증성 구내염, 구강궤양)는 6~12시간 간격으로 0.1~0.2% chlorhexidine 용액이나 젤로 세척해주면 쉽게 치료가 가능하다. 환자가 구토를 할 경우, 구강을 통한 약물, 수분 및 음식물 투여를 12~24시간 정도 중지한다.\n구토의 조절: ARF 환자에서 잦은 구토는 체액 소실을 가중시키고 환자를 허약하게 한다. 구토는 주로 요독소가 구토중추를 자극하여 발생하거나 위궤양을 유발하여 발생한다. 수액 요법 이 효과가 있다면 이런 요독증의 정도를 감소시킬 수 있고 따라서 chemoreceptor trigger zone (CTZ)의 자극을 줄일 수 있다. 사구체 여과율이 떨어지게 되면 고가스트린혈증(hypergastrine- mia)이 나타나게 되고(이 호르몬은 신장에서 제거되기 때문에), 이로 인하여 위액의 산도가 증가되어 위궤양을 더욱 악화시킨다. 때문에 구토에 대한 치료가 필요하다. 위장관계 궤양은 ARF 환자의 혈액 손실의 가장 대표적인 원인이 된다. 또한 요독증 상태에서 혈관의 취약성이 증가되고 혈소판 기능이 떨어지기 때문에 출혈이 지속되는 경향이 있다. 따라서 ARF 환자에게 H2수용체 길항제인 cimetidine이나 ranitidine을 이용하여 위장관에 분포된 히스타민 수용체를 차단시킨다면 구토의 빈도와 정도를 완화시킬 수 있다. 하지만 아직까지, ARF 환자에 가장 유용한 항구토제에 대한 연구보고는 없다. 다만 논리적으로 처음에 H2길항제를 단독으로 사용하다가 효과가 없다면 H2길항제화 함께 metoclopramide를 병용하는 것이다. H2수용체 길항제는 신장을 통해 50~70%가 배설되기 때문에, 부작용이 유발되지 않도록 신부전 정도에 따라 적절히 감량하여 투여해야 한다. Omeprazole, 구강용 제산제, sucralfate 같은 점막보호제는 효과는 양 호하지만 구강투여가 어려운 환자에서는 그 효과가 제한적이다. 중추성 항구토제인 metoclo- pramide와 phenothiazine계 항구토제가 사용될 수 있다. Phenothiazine계 항구토제는 요독증성 환자에게 효과적인 항구토제이지만 저혈압 같은 부작용의 발생 우려가 있다. 최근에는 ondanstern이나 maropitant 같은 항세로 토닌 제제들이 조절이 되지 않는 요독증성 구토의 치료를 목적으로 사용되고 있다. 구토나 위장관계 질환에 사용되는 약물의 용법과 주의사항이 표 4-6에 요약되어 있다.\n\n혈액학적 장애와 면역부전\nPacked RBC의 수혈은 심한 빈혈이나 혈소판 기능장애로 bleeding time이 연장된 실혈의 소견을 보이는 환자에게 실시한다. 혈소판이 풍부한 혈장제를 투여해도 혈소판기능이 회복되지 않기 때문에, 전혈을 하는 편이 요독증 환자에게는 낮다. 면역기능의 저하로 감염이 잘되기 때문에, 감염이 의심되면 세균배양 결과를 기다리면서 광범위 항생제를 투여한다. 하지만 감염의 증거가 없을 경우, 항생제 투여는 불필요하다.\n\n호흡기 합병증\n호흡기 합병증은 주로 과수화, 감염 및 구토시 발생하는 위산의 흡인에 의해 발생할 수 있다. 심각한 폐부종과 핍뇨가 있는 환자는 복막 투석이나 혈액투석에 의한 체액부담의 완화가 필요하다. 요독증성 폐렴은 산소공급이나 기계적 환기 같은 보조요법이 필요하다.\n\n영양 유지\n식욕부진을 보이는 환자에서 기본적인 세포기능과 손상세포의 복구를 위해 조직의 이화작용 (catabolism)을 통해 필요로 하는 에너지를 생산한다. 이 과정을 통해 질소성 노폐물이 생산되고, 칼륨, 수소 및 인산이온이 방출되어 손상된 신장에게 부담을 더 가하게 된다. 따라서 오래 지 속된 ARF의 환자에서는 영양적 보충을 해주어야 한다. 대사성 산증은 근육 단백질의 분해에 대 한 주요한 자극원으로 단백질 분해를 촉진한다.\n영양요법의 목표는 환자의 에너지와 영양 요구량을 채워주고, 질산혈증을 완화시키며, 수액, 전해질, 비타민 및 산–염기 균형을 유지시켜주며, 신장회복을 도와주는 데 있다. 하지만 아직까지 ARF가 있는 개와 고양이에 대한 최적의 영양요법이 확립되어 있지 않다. 다만 CRF와 같이 고에너지성 중등도의 단백질, 칼륨과 인산 제한 사료가 사용된다.\n영양공급을 위해서는 에너지 생산과정에서 단백질 분해과정을 거치지 않는 비단백질성 칼로리를 충분하게 공급을 해주어야 하며, 단백질은 제한해서 공급하되 반드시 질이 좋은 단백질을 사용해야 한다. ARF가 있는 환자에서 최적의 단백질 요구량에 대해서는 알려진 바가 없고 주로 원발 요인과 환자의 상태에 따라 달라진다. 따라서 정상적인 개나 고양이의 단백질 요구량 인 1.25~1.75 g/kg/day(개; 8~10% protein on a ME basis)와 3.8~4.4 g/kg/day(고양이; 20~25% protein on a ME basis)가 요독증이 있는 환자에게도 똑같이 적용된다.\n인산, 나트륨, 칼륨, 마그네슘 섭취를 제한해야 하지만 환자의 상태나 전해질 상태에 따라 적절하게 교정해야 한다. ARF가 개와 고양이에서 정확한 영양 요구량은 연구되어 있지 않았지만 기초 대사 에너지(basal energy expenditure; BEE)는 다음과 같이 계산된다.\nBEE(kcal/day) 5 (30 3 weight in kg) 1 70 (2 kg 이상의 동물) 요독증이 있을 경우, BEE는 개의 경우 1.2~1.4배 증가한다. 하지만 최근 연구에 따르면, 질병이 있는 환자에게 BEE를 높이는 것은 오히려 과대사에 의 한 부작용의 발생우려를 높이기 때문에, BEE만을 투여하는 것이 바람직하다고 한다.\n비경구적 영양요법에는 25% 포도당 용액(0.85 kcal/mL의 열량을 생산)과 0.3 g/kg/day의 아미노산 용액의 투여가 권장된다. 구토의 조절이 가능해지면 음식투여는 스스로 음식을 섭취 할 수 있을 때까지 nasogastric tube를 이용해 상용화된 액상 처방식을 장관내 투여한다. 이경 우, 적은 양을 자주 투여한다. 비경구적 영양요법은 영양수액의 고장성 때문에 ARF 환자에게 사 용이 난해하다. 투여는 가급적 경정맥을 통해 실시한다. 식이요법에 대한 보다 자세한 내용은 제3장 신부전증의 치료제와 식이요법 편을 참고하라.\n\nAIRF를 유발한 원인에 대한 특이 치료법\n\n7. ARF증의 예후\n불행하게도 대다수의 AIRF증례에서 원발 요인을 확인하기가 쉽지 않고, inciting factor를 확인하기도 쉽지 않다. 더욱 불행한 것은 환자가 증상을 보여 여러 진단검사를 통해 원발요인을 확 인할 시점이 되면 이미 이러한 인자에 대한 특이 치료를 적절한 시점을 놓쳐버리는 경우가 많다. 예를 들어, 비소중독의 초기 단계에는 heavy metal chelator인 dimercaprol을 사용한다. 형성된 dimercaprol-arsenic complexes는 신장을 통해 배설될 수 있지만, 이미 ARF가 발생되고 나면 이러한 치료법은 효용가치가 없다. 제6장에서는 이러한 AIRF를 유발할 수 있는 여러 요인들의 발병기전, 진단, 특이 치료법에 대해 보다 자세히 기술되어 있다.\n\n\nARF의 예후는 발병원인, 손상의 범위, 여러 장기의 이환 여부, 진단과 치료설비의 정도에 따라 달라진다. 일반적으로 신전성의 ARF은 순환부전을 빨리 개선하여 RBF와 GFR을 올려주면 빠르게 회복되기 때문에 예후는 매우 양호(excellent)하다. 신후성의 예후는 질환에 따라 달라진 다. 방광파열은 빨리 인식하고 치료하면 예후는 양호(good)~매우 양호이다. 하지만 신장이나 요관 파열은 예후가 예의주시(guarded)에서 양호 수준이다. 요관 파열은 예의 주시 수준이고 요도폐색은 적절하게 처치될 경우 예후가 양호하고 요관폐색은 응급 수술을 요하기 때문에 예후가 예의 주시 수준이다.\n일반적인 원인에 의한 99마리 개의 AIRF 증례연구에서, 사망률은 60% 이상으로 보고되어 있다. 또한 생존한 환자의 60%가 CRF로 진행하였고 40%만이 정상 신기능을 회복하였다고 보고되어 있다. 질산혈증의 심하기, 저칼슘혈증/빈혈/단백뇨의 정도, DIC 같은 위급한 합병증의 발생 정도가 생존율에 영향을 준다. \n치료를 해도 지속적으로 핍뇨나 무뇨 같은 소견을 보이면 환자의 예후는 불량하다. 또한 심 한 비반응성 질산혈증이 있는 일반적인 보존요법만으로 관리하기가 힘들다. 신장 생검을 통해 신세뇨관의 기저막의 완전성 여부라든지 세뇨관 손상이나 괴사 정도를 평가하면 환자의 예후 평가에 좋은 기준을 제공한다. 일반적으로 괴사의 범위가 광범위하면 예후는 불량하고 재생되는 세포집단들이 확인되면 예후가 양호해진다. 신부전이 심부전, 췌장염, 당뇨병과 다른 질환에 속발하여 발생하였거나 신부전과 합병되어 나타날 경우, 예후는 불량해진다. 초기에 혈액투석이나 복막투석을 적용하면 예후가 좋아진다. 하지만 심한 ARF의 경우, 몇 개월 이상의 투석이 필요하기 때문에 치료 비용관련 문제가 발생하게 된다.\n\n"}