{"title": "임상가를 위한 소동물신장학 진단과 치료지침", "author": "현창백", "publisher": "(주)범문에듀케이션", "department": "내과", "disease": "\n\n임상가를 위한 소동물 신장학\n진단과 치료지침\nAPPENDIX04\n전신 고혈압성 질환\n\n1. 고혈압의 정의와 원인\n전신성 고혈압(systemic hypertension; HT)은 전신적으로 혈압이 지속적으로 상승하는 질환으로 주로 판막 폐쇄부전 같은 심장질환, 만성 신장질환, 부신피질 기능항진증(개), 갑상선 기능항진증(고양이), 당뇨병 등이 고혈압을 유발하는 속발요인이다. 하지만 사람의 경우 대부분의 고혈압은 그 원인이 확실치 않는 idiopathic etiology에 의해 발생한다고 한다(표 A4-1).\n고혈압은 고혈압 그 자체보다는 고혈압에 의해 발생하는 이차적인 변화에 의해 여러 장기에 손상을 일으키는 질환이다.\n고혈압에 의해 손상 받기 쉬운 대표적인 장기로는 눈(망막 박리), 신장(신기능부전 및 단백뇨) 및 뇌조직(뇌 혈액순환 장애에 의한 뇌경색성 손상), 심장(좌심실비대) 등이 있고, 이러 한 소견들은 임상적으로 상당히 진행될 때까지 뚜렷하지 않는 경우가 많다.\n올바른 혈압의 측정은 심장의 이완기(diastolic)와 수축기(systolic) 때 혈압을 모두 측정해 야 하며, 증례에 따라 수축기와 이완기 혈압이 모두 상승하는 복합적인 고혈압(combined hypertension)의 증례와 이완기나 수축기 중 어느 한쪽의 혈압만 상승하는 분리형 고혈압 (isolated hypertension)이 있고, 증례에 따라 이병률과 예후가 다르다.\n동물에서는 아직까지 이러한 고혈압의 유형에 따른 이병률의 차이에 대한 연구는 실시된 적 이 없어서 어떤 유형의 고혈압의 이병률이 높은지는 알 수 없다. 하지만 미국 수의내과학회\n\n의 고혈압 분과위원회 조사에 따르면 개와 고양이의 고혈압은 다른 질환에 속발되어 발생하는 속발성 고혈압이 주로 나타나는 고혈압 유형이라고 한다.\n또한 고혈압은 그 원인에 따라 원발성 고혈압(primary hypertension)과 속발성 고혈압\n(secondary hypertension)으로 분류한다.\n원발성 고혈압은 사람의 경우 대부분 특발성(idiopathic; 원인 불명)으로 발생하며, 부신수 질세포종 같은 종양에 의해서도 발생한다.\n발병원인\n\n개의 경우, 전체 집단에서 고혈압의 발생비율은 상당히 낮다.\n\n개의 경우, 만성 신장질환, 부신피질 기능항진증과 당뇨병이 고혈압을 속발하는 대표 적인 질환들이다.\n만성 신장질환의 경우, 60~90%의 개에서 고혈압이 발생하며 부신피질 기능항진증의 경우 70~80%, 당뇨병의 경우, 25~45%의 증례에서 고혈압을 동반한다고 한다.\n드물게 부신수질세포종, 사지말단종대증(acromegaly), 원발성 알도스테론증가증 및 phenylpropanolamine 같은 약물을 장기간 복용할 경우, 고혈압이 발생한다고 한다.\n나이가 들수록 혈압이 올라간다는 보고가 있기는 하지만 통계학적으로 신뢰할 정도는 아니다.\nSight hound종 개(예, 그레이 하운드, 닥스훈트)는 다른 품종에 비해 혈압이 정상적으로 15 mmHg 정도 높다. 통계학적으로 신뢰할 수 있는 정도는 아니지만, 수캐가 고 혈압이 많다고 한다.\n대부분의 고혈압의 증례는 다른 질환에 의해 속발하는 경우가 많고, 또한 혈압을 직접 측정하지 않는 한 고혈압의 존재유무 자체를 확인하기가 어렵다. 때문에 직접적인 혈압의 측정을 임상검사에 routine하게 실시해야 하며, 고혈압이 관찰되면 속발원인을 찾기 위한 검사를 필요로 한다.\n고혈압의 주요 임상증상\n주로 원발성 질환이나 그 질환에 의한 병태생리에 따라 달라진다.\n눈: 실명·동공산대·Hyphema·녹내장·망막변화(출혈/박리)\nCNS: 우울·두통·Syncope(기절)·발작·신경마비·Vocalizing\n심혈관계: 심잡음, gallop 리듬(고양이에서)·ECG상 높은 voltage, 부정맥, wide QRS, wide p파, LBBB (Left Bundle Branch Block)·초음파상 좌심실 비대·비출혈\n비특이적 증상: 식욕부진·다음다뇨·행동변화\n고혈압의 임상적 결과\n전신성 고혈압 초기에는 주로 증상이 없기 때문에 수개월에서 수년 동안 진행되다가 비가역적 조직손상에 의한 장기 손상이 확실해진 후에야 발견되는 경우가 많다.\n사람에서 전신성 고혈압은 심장혈관계(예, 심근경색“, 뇌졸증”), 신경계(예, 고혈압성 뇌병증,“뇌졸증”), 비뇨기계(예, 진행성 신장 손상) 그리고 눈(예, 망막과 맥락막 손상)의 합병증을 함께 보이며 나타난다.\n비록 sight hound와 같은 특정 품종의 개는 정상 혈압 수치가 매우 높지만, 수의분야에 서도 고혈압에 의한 다른 장기 합병증이 나타날 위험성을 배제할 수 없다.\n심각한 전신성 고혈압의 가장 흔히 부작용은 보통 수축기 혈압이 180 mmHg 이상일 때 나타나는데 특히 48시간 이내에 수축기 혈압이 약 30 mmHg 증가한 경우 많이 나타난다.\n이러한 부작용에는 고혈압성 망막증(안구 내 출혈, 망막부종, 개와 고양이에서 망막박리), 고혈압성 뇌병증(뇌부종에 의한 혼미, 혼수, 경련) 그리고 중추신경계성 뇌졸증(개 와 고양이에서는 흔치 않음)이 있다. 이보다 혈압이 낮은 경우(수축기 혈압이 160~180 mmHg) 신장, 눈, 심혈관계의 만성적인 고혈압성 손상이 발견되기도 한다. 손상을 일으키는 역치 혈압은 정확하게 밝혀진 바 없지만 대부분 품종의 개와 고양이에서는 160 mmHg인 것으로 본다.\n고혈압의 심혈관계 효과\n심혈관계에서 고혈압에 의해 가장 많이 나타나는 변화는 좌심실비대이다. 심근은 만 성적으로 증가된 후부 하에 반응하기 위해 concentric hypertrophy(확장 없이 심근벽 두꺼워짐)를 일으킨다. 좌심실 벽이 경직되고 이완기충만이 감소함에 따라 좌심실 이 완기압이 증가할 수 있고 이로 인해 폐울혈이 발생할 수 있지만 흔치는 않다. 기능부 전(울혈성 심부전) 역시 다른 심혈관계 이상 소견이 없는 이상 고혈압으로 인해 발생하지는 않는다. 좌심실비대는 방사선이나 심장 초음파를 통해 확인할 수 있다. 효과적으로 고혈압 치료를 할 경우 이 병리학적 변화를 정상으로 돌아오게 할 수도 있다.\n\n\n만성 고혈압 환자에서는 다양한 혈관 변화가 관찰되기도 한다. 작은 동맥이나 세동맥에 강한 압력이 가해지면 혈관벽 사이로 혈장이 새어나가게 되고 혈관벽이 두꺼워지는데 이 변화를 hyaline arteriosclerosis라고 한다. 만성 고혈압은 또한 혈관평활근의 비대를 유발한다. 사람에서는 나이가 들면서 동맥경화증이 발생하고 큰 동맥의 유순 도와 탄력이 소실된다. 하지만 이러한 혈관계의 변화는 개와 고양이에서 거의 없다.\n고혈압의 중추신경계에 대한 효과\n뇌순환은 뇌 자체에서 조절을 하기 때문에 autoregulation이라고도 한다. 특정 범위 의 혈압 내에서는 혈류를 자동 조절하여 뇌의 혈압을 일정하게 유지하는 것은 세동맥의 평활근 때문으로 혈압이 증가하면 수축을 한다. 이 작용은 전신성 고혈압이 있더라도 중추신경계를 고혈압 부작용으로부터 보호하게 된다. 하지만 증가된 혈압이 국 소 미세순환(뇌의 세동맥, 모세혈관, 세정맥)에 영향을 주지 않도록 제어하는 세동맥의 이런 능력 역시 한계가 있다.\n자동조절 능력 이상으로 혈압이 증가하게 되면 뇌 미세순환의 혈압 역시 증가하여 혈류가 증가하고 모세혈관벽에서 일정하게 유지되던 Starling 법칙을 변화시킨다. 모세 혈관내 정수압의 증가는 모세혈관간 체액 여과율을 증가시켜 뇌 실질 내에 간질성 부종을 일으킨다.\n특히 뇌는 두개강으로 둘러싸여 있기 때문에 간질의 부피가 증가하면 두개강 내 압력 이 증가하고 이것은 고혈압성 뇌병증으로 불리는 신경계 기능이상을 초래한다.\n뇌부종에 의한 임상증상으로는 방향감상실, head pressing, 운동실조, 혼미, 혼수, 경련 등이 있다. 심한 경우 뇌부종으로 인한 두개강 내 압력 증가는 소뇌 천막(tentori- um) 아래로 대뇌 허니아를 유발하거나 큰후두구멍(foramen magnum)으로 소뇌 허니아를 유발할 수도 있다. 뇌 허니아는 고혈압성 뇌병증의 치명적인 합병증 중 하나 이다. 이 현상은 개와 고양이에서 모두 가능하다.\n고혈압은 또한 소동맥 파열과 그에 따른 국소 허혈“( 뇌졸증”또는 뇌혈관사고[cere- brovascular accident; CVA])을 유발할 수 있으나 중간 그리고 대형혈관계 질환이 거 의 없는 동물에서는 흔치 않다. CVA는 뇌혈관계의 소동맥 파열(출혈성 CVA)로인 해 발생할 수도 있고 혈관 혈전증(혈전성 CVA) 때문에 발생할 수도 있다. 두 가지경우 모두 영향 받은 뇌 부위는 경색 소견을 보이며 운동실조, 방향감각상실, 경련, 혼 미, 혼수와 같은 임상증상이 나타날 수 있다. 수의학적으로 이런 병변은 고혈압 환자 에서 볼 수 있다.\n고혈압의 안구에 대한 효과\n동물에서는 혈압 측정을 일반적으로 실시하지 않기 때문에 전신성 고혈압에 의한 급작스런 실명으로 내원하는 동물들이 많다. 다른 미세순환계와 마찬가지로 눈에서도 자동조절 능력을 초과하면 맥락막 세동맥과 모세혈관의 혈류가 증가하여 이 압력 증가에 따라 혈장이 누출되어 부종, 출혈, 망막박리와 같은 병변이 진행된다.\n고혈압의 신장에 대한 효과\n사람에서 고혈압과 신장질환은 매우 깊이 관련된 질환들로 고혈압은 신부전의 주요 원인이 되고 신부전 역시 전신성 고혈압을 일으킨다. 이것은 급성이나 만성; 혈관성, 세뇨관간질성, 사구체성; 경증, 중등도, 중증의 신장질환을 막론하고 모든 신장질환에 서 적용된다. 사람의 고혈압과 신장질환은“닭이 먼저인지 계란이 먼저인지”의 문제 와 같이 복잡한 관계로 얽혀있지만 개와 고양이에서는 그렇지 않다. 개와 고양이에서 원발 신장질환이 없는 지속적인 고혈압이 신장의 구조적인 손상을 일으킨다는 증거는 없다. 물론, 이 반대에 대한 증거는 존재한다. 임상에서 더 흔히 볼 수 있는 시나리오는 신장질환으로 인해 renin-angiotensin 계가 활성되고 신장의 나트륨 재흡수 능력 변화로 전신성 고혈압을 일으키고 이로 인해 더 큰 신장손상이 가해지는 것이다.\n\n\n2. 고혈압을 속발하는 질환들\n전신성 고혈압은 신장질환이 있는 개에서 신장손상을 일으킬 수 있다. 신장의 미세순환계는 매우 독특해서 사구체 모세혈관총 전후로 세동맥이 존재한다. 신장질환에서 허혈이 발생할 경우 renin의 과생산이 일어 나 순환 또는 국소 angiotensin II 농도가 증가한다. 전신적인 angiotensin II의 증가가 심장박출량을 증가시키고 말초 혈관저항성을 증가시켜 전신성 고혈압을 악화시킨다. 신장질환이 있는 경우 수입 세동맥은 확장한다. 이렇게 특이적인 확장은 신장질병의 존재에 대한 적응반응(아마도 부정적인 적응반응)으로 보인다. Angiotensin II에의 한 수출 세동맥의 수축은 이러한 수입 세동맥의 확장과 더불어 사구체모세혈관압을 증가시킨다. 따라서 영향 받은 사구체모세혈관과 관련 네프론 및 간질은 고혈압성 손상에 취약해지는 것이다. 신장질환이 있는 개와 고양이에서 수축기압이 160 mmHg 인 만성적으로 지속적인 고혈압이 있는 경우 네프론 파괴로 이어져 진행적인 신부전으로 이어진다.\n\n\n고혈압을 유발하는 질환 중 가장 흔한 질환 및 고혈압 시 가장 유념해 두어야 할 질환을 표 A4- 1에 나열하였다. 일부 질환에서 원발질환이 증상을 나타내기도 전에 고혈압이 먼저 관찰되는 경우도 있다. 비록 질병이 진행되는 환자의 수가 많을수록 고혈압이 병발된 환자의 수도 많긴 하지만, 질병의 진행과 혈압과의 직접적인 관계가 있는 것은 아니다(단, 신장질환은 제외).\n\n\n\n\n\n속발성 고혈압(secondary hypertension)\n속발성 고혈압은 개와 고양이에서 흔하다. 속발성 고혈압은 주로 기저질환에 의해 속발 된다. 따라서 진단과 치료에 이점이 있다.\n고혈압은 여러 가지 질환에 대한 초기 진단 지표가 될 수 있다(표 A4-2).\n고혈압의 여러 원인은 대부분 치료가 가능하다.\n기저질환의 치료는 가능하지만 고혈압을 항상 완화시킬 수 있는 것은 아니다.\n혈압을 자주 모니터링 하는 것은 치료에 도움이 된다.\n표 A4-3은 고혈압과 관련된 질병의 특징에 대해 요약하였다.\n\n\n심장질환과 고혈압\n심부전은 급성 혹은 만성 심장질환 시 말초로의 혈액공급이 원활하지 못하거나 되돌아오는 정맥혈(venous return)이 현저하게 감소되었을 때 나타난다. 이는 cardiac ejection 의 감소를 야기하며 결국 cardiac output의 감소를 유발한다.\n\n\n심장질환은 다양하고 복잡한 혈역학적인 변화를 유발한다. 그로 인해 혈압에 미치는 영향은 매우 다양하다.\n혈압의 상승은 초기 단계의 심장질환에서 관찰할 수 있으며 저혈압은 말기 심장질환에 나타나는 경향이 있다. 따라서 혈압은 약물을 이용한 심장질환 치료 시 부작용을 피하기 위한 모니터링 방법이 될 수 있다.\n혈역학적인 변화를 유발할 수 있는 원인\n산소포화도의 변화에 따른 ejection fraction과 심근의 수축력 감소를 chemo-, pres- soreceptor가 감지하여 catecholamine을 방출한다. 이러한 변화는 (그림 A4-1)에나 타내었다.\n만약 혈압 상승이 지속된다면, 바로 renin-aldosterone system이 활성화될 것이며, 이로 인해 혈관의 과도한 수축이 일어나며 afterload의 증가가 일어날 것이다.\n질환이 계속 진행된다면, cardiac output이 보상반응으로 증가할 것이다.\n신장질환과 고혈압(그림 A4-2)\n심장이 박출할 때마다 상당히 많은 양의 혈액이 신장으로 들어간다. 또한 신장 내에는 renin 이나 aldosterone 같은 혈관을 수축하는 인자와 체액과 전해질을 흡수하고 배설하는 데 관여하는 호르몬이 분비된다. 때문에 신장질환이 있을 경우, 혈량의 변화에 따른 신장의 반응이 둔화되고 잘못된 내분비호르몬의 영향으로 고혈압을 유발하며, 반대로 고혈압은 신기능을 저하시켜서(사구체를 경화시키고 네프론을 소실시킴) 속발성 신장 질환을 유발하기도 한다.\n\n\n\n신성 고혈압은 사람에서 가장 흔한 고혈압 중 하나이며, 개의 93%, 고양이의 원발성 신장질환에 따라 고혈압이 발생할 수 있다. \n고혈압 자체가 신장질환에 영향을 미치는 원인이 될 수도 있다. 고혈압이 항상 발생하는 것은 아니지만, 신장질환 환자들은 모두 혈압을 모니터링 해야 한다. 만약 고혈압이 있다 면, 고혈압의 유형과 (수축기, 이완기, 혹은 둘 다) 심각도를 확실히 해야 한다.\n혈압의 상태는 신장질환의 예후와 치료에 있어 아주 중요한 인자이다. 혈압을 측정하는 것은 치료를 결정하고 실시하는 데 있어서 가장 중요하다.\n\n\n혈압의 변화와 더불어 뇨비중의 감소, 신장의 청소율 감소가 있다면 신장질환을 의심해 야 하며, 단백뇨(고혈압에 의한)가 관찰된다면, 예후가 좋지 않다.\n다음의 신장질환들이 고혈압과 병발한다.\n급성신부전\n만성 신부전\nPolycystic kidney disease(PKD)\nObstructive nephropathy\nGlomerulonephritis\nInterstitial nephritis\nRenal dysplasia\n혈압의 변화\n급성신부전: 대부분 일시적인 고혈압\n만성 신부전: 혈압이 만성적으로 증가하며 중등도 혹은 심한 고혈압을 유발\n혈역학적인 변화를 유발할 수 있는 원인들\n고혈압의 병리기전은 아직 완전하게 알려지지 않았다. 하지만 만성 신부전시 renin- aldosterone system의 활성 증가로 인해 고혈압이 유발된다고 알려져 있다. 카테콜아민의 분비 증가 또한 하나의 요인이 된다.\n고혈압과 그 외 다른 신장질환의 영향으로 인해 신장조직의 손상과 renal filtration rate의 감소가 나타난다. 이러한 일련의 과정은 결국 신장의 perfusion과 filtration capacity를 유지하기 위해 다음과 같은 메커니즘을 유발한다.\nRenin-angiotensin-aldosterone system이 활성화되어 신장 혈관들의 혈압을 낮춰 준다(특히 afferent vessels).\n신장으로 가는 afferent arterioles의 확장이 일어난다.\n그럼에도 불구하고, 이러한 활성은 신장을 보호하는 autoregulation을 방해한다.\nAngiotensin II는 혈관수축인자이다. 이는 신혈류량을 감소시키며 요 생산 및 분비의 감소가 일어난다(예를 들면, hypovolemic shock을 회복시키는 효과). Affer- ent arteriole의 수축이 일어난다.\nAngiotensin II는 또한 adrenal cortex의 zona glomerulosa의 aldosterone 분비를 자극시킨다. 이는 sodium의 재흡수를 증가시키고 potassium의 재흡수를 억제하여 세포외액의 양을 증가시킨다.\n일반적인 혈관수축과 세포외액의 증가는 고혈압을 유발한다.\n압력수용기의 sensitivity의 증가와 프로스타글란딘의 억제, 이로 인한 혈관확장물질 은 고혈압유발에 영향을 미친다.\n고혈압은 신부전의 진행에 지대한 영향을 미친다.\n\n\n사구체고혈압 S growth factors가 활성화되고 S 사구체의 비대 유발 S\nglomerulosclerosis S 사구체에 손상, 궁극적으로 네프론에도 손상\n증가한 사구체내 압력은 신장의 blood flow의 증가 대신에 네프론의 사멸을 촉진 한다.\n고혈압은 단백뇨의 증가를 유발한다(압력 구배에 의한 단백질의 손실).\n고혈압 치료제의 신장보호적 역할\n신장기능(예, 사구체 여과율[GFR], 미세혈관 압력, 그리고 혈류)은 신장혈관계의 내 인성 자동조절능력에 의해 어느 정도의 혈압 변화가 있어도 일정하게 유지된다. 정상 신장은 혈압이 60에서 160 mmHg의 범위 내에서는 자체 혈류와 GFR을 일정하게 유지하도록 설계되어 있다. 하지만 급성 또는 만성 신장기능 장애(renal insufficien- cy)를 보이는 동물은 이러한 자동조절능력을 상실하여 혈압이 높은 경우 신장 손상에 더 취약하다.\n전신성 고혈압과 만성 신장질환이 있는 동물에서 가장 빈발하게 권장되는 고혈압치료제는 혈관확장제로 신장의 혈관을 확장시키고 GFR을 유지하기 때문에 많이 사용된다. 설치류와 사람에서는 두 분류의 혈관확장제에 신장보호효과가 있는 것으로 밝혀졌는데 angiotensin-converting enzyme inhibitors(ACEi)와 calcium channel antagonist(CCA)가 이런 작용을 보인다. 사구체 모세혈관압력은 곧 사구체 여과의 원동력이기 때문에 고혈압의 경우 수입세동맥과 수출세동맥의 긴장도(tone)에 따라 신장에서 가장 먼저 손상을 받는 부위이기도 하다. 수출세동맥의 확장 또는 수입세동 맥의 수축은 사구체모세혈관 압력을 증가시키고(부정적인 결과) 따라서 GFR 역시 증가한다(긍정적인 결과).\nACEi(예, benazepril, enalapril, ramipril, spirapril)과 같이 수출세동맥에 혈관확장 효과를 갖는 고혈압 치료제는 전신 혈관확장을 일으켜 혈압을 감소시키고 신장질환 이 있는 고혈압 개에서 다른 치료효과를 보일 수도 있다. \n최근에 인의에서는 만성 신장질환과 고혈압이 함께 있는 환자에게 CCA와 ACEi를 함께 처방하는데 이 경우 혈압을 감소시키면서 수출 세동맥과 수입 세동맥을 모두 확장시켜 GFR과 사구체모세혈관압력에 동일한 영향을 주기 때문이다.\nAcromegaly\nAcromegaly는 여러 기관의 비대 특히 사지, 머리 등이 다른 기관보다 크게 자라는 것이 특징이다. Somatotropic호르몬(성장호르몬, STH)의 과분비로 인 해 뼈와 연부조직이 눈에 띄게 성장하게 된다. Hypersomatotropism의 합병증으로 인해 acromegaly가 관찰된다. 사람에서는 23~40%에서 동맥성 고혈압이 보고되었지만, 고양이에서는 많지 않다. 이 질환에 이환된 많은 수의 환자가 당뇨병과 심근비대를 나타냈다.\n혈역학적인 변화를 유발할 수 있는 원인\nSodium과 세포외액량 증가\nRBC 수와 PCV 증가로 인한 혈액의 점도 증가\n비만\nCardiac change로 인한 CO 증가\n일부 심장 비대(cardiac hypertrophy)는 고혈압 때문에 발생할 수도 있다.\n갑상선 기능항진증\n갑상선 기능항진증의 경우, 이상 분비된 thyroxine이 심장기능을 지속적으로 항진시켜 서 고혈압을 유발하는 것으로 알려져 있다. 또한 교감신경의 흥분으로 RAAS(renin- angiotensin-aldosterone system)의 기능이 교란되는 것도 고혈압에 일조하는 것으로 알려져 있다.\n부신질환과 고혈압\n부신피질 기능항진증의 경우, RAAS의 기능 이상과 epinephrine에 지나치게 민감하게 반응한 혈관이 혈관의 저항감(VR)을 증가시키는 것이 고혈압의 주된 이유이다. 또한 부신수질세포종(드물지만)의 경우 이상 분비되는 catecholamine류가 고혈압의 주된 원인 이다.\n사람의 부신피질 기능항진증 환자의 84%가 고혈압을 보이지만 대부분 경미한 고혈압을 보인다. 이와 비슷하게 개에서는 59~82%의 부신피질 기능항진증 환자에서 고혈압을 보이며, 경도에서 중등도의(mild~moderate) 고혈압을 보인다.\n\n\n혈역학적인 변화를 유발할 수 있는 원인\nAngiotensinogen의 과다분비로 renin과 cortisol에 영향을 미친다. angiotensinogen 이 angiotensin I로 변하며 차례로 angiotensin II로 변해 hypertensive effective를 보인다.\nSodium과 물의 저류: 볼륨 증가로 인해 고혈압 발생\n코티코스테로이드는 카테콜라민에 대한 혈관의 민감성을 증가시켜 이로 인해 혈압 증가\n혈관수축성 프로스타글란딘의 분비저하로 혈관확장 억압\n당뇨병과 고혈압\n일반적으로 절식 시(fasting) 혈당은 조금 감소하는 반면 혈중 인슐린 농도는 크게 감소된다. 때문에 시상하부 세포내 인슐린을 매개로 하는 glucose uptake는 크게 감소된다. 이로 인하여 당대사율은 저하되며 이러한 반응은 시상하부와 뇌간(brain stem)에 신호를 보내어 inhibitory pathway를 활성시키므로 교감신경계를 억압한다. 반대로 혈당이 높을 경우 이와 반대되는 작용을 한다. 즉 고혈당은 교감신경계를 지속적으로 흥분시켜 심박수를 증가시키고 혈압을 상승시키는 효과가 있다. 또한 당뇨병은 신장질환을 유발하므로 신장질환에 속발하는 고혈압을 유발하기도 한다.\n혈역학적인 변화를 유발할 수 있는 원인\n인슐린 결핍과 체액 손실로 인한 카테콜라민 방출로 혈압 상승\n부신피질 기능항진증에 의한 저혈량증, sodium 손실 등으로 인한 혈액 점도 증가로 고혈압 유발\n당뇨병 환자에게는 드물지 않은 nephropathy 또한 혈압을 상승시킨다.\n단백뇨를 유발하는 혈관벽의 변화(microangiopathic disturbances)는 이로 인해 고혈압 발생\n이완기 고혈압이 수축기 고혈압보다 더 많다.\nStruble et al. 등에 따르면 50마리의 환자에서 이완기 고혈압(> 100 mmHg) 환자는 21마리였던 반면 수축기 고혈압(160 mmHg) 환자는 12마리였다.\n고혈압을 증진시킬 수 있는 당뇨에 의한 변화들\nMicroangiopathy\nGlomerulapathy S Nephropathy\nRetinopathy\n사람에서는 당뇨와 retinopathy, glomerulopathy가 동반된 경우가 종종 있다. 당뇨병을 가진 동물에서는 단백뇨도 검출될 수 있다. 당뇨가 고혈압을 일으켜 신부전을 유발하는지, 당뇨성 microangiopathy가 신부전을 유발하여 고혈압을 유발하는지는 아직 명확하지 않다. 개에서의 정확한 기전 또한 알려지지 않았다.\n\n\nHyperaldosteronism과 고혈압\nHyperaldosteronism은 mineralocorticoid의 과다분비로 인해 발생하며, 원발성 혹은 속발성으로 구분할 수 있다. 원발성 hyperaldosteronism, 혹은 Conn’s syndrome은부 신 자체의 변화로 인해 aldosterone의 과다분비가 일어나는 것을 말한다. 속발성 hyper- aldosteronism은 과도한 ACT나 angiotensin II으로 인해 aldosterone의 과도한 분비를 유발하는 것을 말한다.\n혈역학적인 변화를 유발할 수 있는 원인\n원발성 hyperaldosteronism: 체액 증가로 인해 sodium과 수분의 저류가 발생하여 혈압증가를 유발한다. 하지만 potassium의 과도한 분비는 저칼륨혈증과 세포내 potassium의 결핍을 유발한다. 저칼륨혈증은 항이뇨 호르몬(ADH)의 활성을 억압하며, 아주 심한 저칼륨혈증이 나타나면 baroreceptor(압수용기)까지 억압을 하게 된다. 더불어 원발성 hyperaldosteronism은 renin system을 억압하며, 이로 인해 고혈압이 발생하게 된다.\n속발성 hyperaldosteronism: 고혈압은 주로 원발질환인 신장질환에 의해 발생한다 (renal hyperaldosteronism). Renin과 angiotensin이 고농도로 존재하게 되면 볼륨 이 증가하며, vasoconstriction이 생기며 이로 인해 고혈압이 발생한다.\n반면 심장성, 간성, 저알부민성 부종 시에는 renin-stimulated hyperaldosteronism\n에 의한 고혈압이 관찰되지 않는다.\n부신수질세포종과 고혈압\n부신수질세포종은 부신수질을 포함한 광범위한 교감신경계의 종양이다. Chromaffin cell의 종양은 epinephrine이나 norepinephrine을 분비할 수 있으며 일부는 dopamine 도 분비한다. 대부분의 chromaffin cell종양은 부신수질에서 발생한다.\n혈역학적인 변화를 유발할 수 있는 원인\n카테콜아민 같은 물질들은 혈압을 높일 수 있다.\n카테콜아민이 혈압에 미치는 영향\n활성화된 a-receptor는 혈관수축을 유발하며 이로 인해 수축기 때 혈관의 저항성 이 증가된다. 즉 혈압이 올라가게 되는 것이다.\n활성화된 b-receptor는 빈맥을 유발하며 이로 인해 cardiac output이 증가하게 된다.\n호르몬계의 영향: 인슐린과 알도스테론이 억압되면 renin을 포함한 그 외에 다른 호르몬들이 과분비된다. RAAS system의 활성으로 혈량량과 압력의 증가가 일어나며 이로 인해 혈압이 증가하게 된다.\n부신수질세포종은 나이든 개에서 주로 발생하지만 흔치 않다.\n\n\n갑상선 기능항진증과 고혈압\n개에서 갑상선 기능항진증은 드물며, 고양이에서 좀 더 흔하다. \n혈역학적인 변화를 유발할 수 있는 원인\nCardiovascular disturbances\n갑상선 호르몬이 심근에 직접적인 영향을 미쳐서 심근비대와 함께 positive inotro- pic, chronotropic effect를 나타내며, 이로 인해 혈압이 증가하게 된다.\n교감신경계 교란: 갑상선 호르몬의 영향으로 교감신경이 직접적으로 영향을 받거나 b-receptor의 증식과 활성으로 인해 고혈압 발생\n교감신경의 활성은 말초 혈액순환에도 영향을 미친다. 갑상선 호르몬의 영향으로 체 내 대사율이 높아지면서 이에 따라 산소요구량이 증가하면 cardiac output이 증가하게 된다. 또한 갑상선 기능항진증으로 인해 발생할 수 있는 신부전에 의해서도 고혈압이 발생할 수 있다.\n갑상선 기능저하증과 고혈압\n사람에서 갑상선 기능저하증이 있는 환자의 50%에서 고혈압이 관찰된다. 하지만 이는 동물에서는 드물게 관찰된다. 오직 하나의 케이스에서 갑상선 기능항진증 유래 고혈압 이 보고되었지만 정확한 기전은 알려지지 않았다.\n부갑상선 기능항진증과 고혈압\n부갑상선 호르몬의 비정상적인 증가는 primary, secondary, tertiary 질환으로부터 발생 할 수 있다.\n원발성 부갑상선 기능항진증: Parathyroid adenoma, adenocarcinoma, hyperplasia\n속발성 부갑상선 기능항진증: 만성 신부전, 어린 동물에서 식이에 의한 칼슘 결핍, 칼슘-인 불균형, Vit D결핍, 칼슘흡수 장애\nTertiary hyperparathyroidism: autonomic adenoma\n혈역학적인 변화를 유발할 수 있는 원인\n사람과는 달리 고혈압 발생은 잘 알려지지 않았다. 부갑상선 호르몬과 칼슘이 renin\n에 직접적으로 영향을 미치는 것으로 추측한다.\n비만과 고혈압\n비만한 사람에게서 고혈압은 흔하게 발생한다. 비만인 개에서 또한 그렇지 않은 개에 비해서 혈압이 높게 나타나는 것도 자주 관찰된다. 실험적 연구에서 개에게 비만을 유도하면 혈압이 증가하는 것을 확인할 수 있었다. 혈압은 이완기, 수축기 모두 증가하는 것으로 3. 고혈압의 치료로 관찰되었다. 최근 연구에서 비만인 개에게서 확실한 고혈압을 확인할 수 있었으며, 이 환자들에게 체중감량 시 혈압이 감소하는 것을 확인할 수 있었다.\n\n\n\n고혈압 치료의 목적은 end-stage organ failure 와 같은 고혈압의 합병증을 예방하기 위한 것이 다. 혈압을 정상화시키고 진행중인 end-stage organ failure를 교정하는 것이 주요 목적이다.\n고혈압 치료의 개시시점\n고혈압은 지속적인 혈압 모니터링을 해야지만 정확하게 진단할 수 있다. 이와 마찬가지 로 치료 역시 꾸준한 모니터링이 필요하다. 만성 동맥성 고혈압을 보이는 환자는 환자 맞춤형 치료를 실시해야 한다. 고혈압으로 진단된 경우 먼저 원발질환이 있는지 확인해 야 한다. 그리고 고혈압의 원발요인은 치료가 가능할 때 즉시 치료해야 한다(표 A4-4).\n고혈압 치료 기준(표 A4-5)\nEnd organ damage(EOD 또는 target organ damage; TOD)에 대한 경미한 위험성\n(혈압이 150/95 이상일 때)\n지속적인 모니터링과 혈압 측정이 필요하다.\n내과적 치료가 필요할 때:\n원발질환에 대한 일반적인 내과적 치료를 실시한 지 4주가 지나도 혈압이 낮아 지지 않을 때\n혈압이 점점 높아질 때\nEnd organ damage가 있거나 의심될 때\nEOD/TOD에 대한 중등도의 위험성(혈압이 160/100 이상일 때)\n며칠에 걸쳐 혈압을 측정했을 경우, 지속적으로 높은 혈압이 관찰될 때\n약물치료를 동반한 일반적인 비약물적 처치가 권장될 때:\nEnd organ damage가 있거나 의심될 때\n원발질환에 대한 치료가 혈압을 낮추지 못할 때(10~14일 이내로)\nEOD/TOD에 대한 심각한 위험성(혈압이 180/120 이상일 때)\nEOD의 위험성이 매우 높기 때문에 환자가 이완기-수축기 고혈압인지 이완기 고 혈압 또는 수축기 고혈압인지와는 무관하게 즉각적인 약물처치와 지속적인 혈압 모니터링이 필요하다.\n\n\n\n일반적인 비약물적 치료법\n체중감량\n나트륨 섭취량 감소(효과가 입증되지 않음, 특히 ACE inhibitor 사용 시)\n유의해야 할 점: 극도로 소량의 나트륨 섭취 S renin-angiotensin-aldosterone sys- tem(RAAS) 활성 S 환자의 상태를 더 악화시키기 때문에 금지\n초기 식이요법은 원발질환에 맞춰서 실시\n위험인자 제거(원발질환의 효과적인 관리)\n혈압을 증가시킬 가능성이 있는 치료법에 대한 재고\n고혈압의 약물 치료법\n고혈압 치료에 사용되는 주요 약물(표 A4-6)\nACE inhibitors\nCalcium channel blockers: dihydropyridine class(예, amlodipine)\nBeta-adrenoceptor blockers(beta-blockers)\nAlpha-adrenoceptor blockers(비특이적인 alpha1-, alpha2-blockers, 선택적 alpha1- blockers)\nAntisympathotonics(alpha2-adrenoreceptors agonist)\nVasodilators(비특이적)\nDiuretics: adequate therapeutic range와 중추신경계 부작용 없는 것이 장점\n고혈압 환자의 치료전략\n고혈압에 대한 초기 치료는 한 가지 약물을 낮은 용량으로 투여하는 것이 바람직하다 (monotherapy). 예를 들면, ACE inhibitor, calcium channel blocker, beta-blocker 중 하나를 투여할 수 있다. 용량이 너무 높거나 혈관확장제와 함께 처방할 경우 혈압이 급격하게 감소할 수 있고 다음의 부작용이 발생할 수 있다:\n무기력, 허약함\n신장혈류 감소에 따른 신기능 감소(신장 손상이 의심되는 환자에서는 초기 용량을 주의해서 처방해야 한다)\n관상혈류 감소\n\n혈압을 모니터링하면서 차츰 용량을 증가시킨다.\n단일 약물로 혈압이 조절되지 않는다면 초기 약물과 함께 다음을 사용할 수 있다:\n두 가지 이상의 약물을 복합 처방하는 방법(예, ACEi와 칼슘 채널 차단제)\n두 가지 다른 종류의 고혈압 치료제를 복용하는 데도 혈압이 떨어지지 않는다면 세 번째 약물을 처방할 수 있는데 보통 이뇨제를 처방한다(단, 효과가 입증되지 않음).\n- 예) ACE inhibitor + calcium channel blocker + saluretic. 약물 부작용을 주의해 야 하며 같은 분류의 고혈압 치료제를 여러 개 사용하는 것은 효과적이지 않기 때문에 다른 약리작용을 갖는 약물을 혼합 처방한다.\n혼합치료의 장점\n각 약물의 용량을 최소한으로 유지시켜 부작용을 최소화할 수 있다.\n각 약물의 길항작용을 감소시킨다.\n예) Dihydropyridine calcium channel blocker는 reflex tachycardia를 일으키지만 beta blocker와 함께 투여하는 경우 심박수를 감소시킨다.\n예) Saluretics 단독으로 사용할 경우 RAAS를 활성시키지만 saluretics 1 ACE inhibitors 또는 saluretics 1 beta blocker의 경우 RAAS를 억제한다.\n치료의 목적을 달성한 후(혈압을 현격히 감소시켰거나 정상으로 돌아왔을 때):\n심부전이나 만성 신부전 환자의 약물치료를 지속하며 필요한 경우 약물의 용량을 감소시킨다.\n원발질환에 의한 고혈압(예, 갑상선기능항진증)이 효과적인 치료로 조절될 경우 고 혈압치료제 용량을 감소시키고 혈압을 모니터링 하여 지속적인 고혈압 치료제 사용 여부를 결정한다.\n고혈압 치료제는 항상 용량을 서서히 감소시킨 후 약물 투여를 중지해야 한다(치료기 간과 용량을 고려하여 최고 4주에 걸쳐 감소). 갑작스런 투약 중지는“rebound hyper- tension”을 일으킬 수 있는데 특히 beta-blocker와 alpha2-adrenoceptor agonist에서 이러한 withdrawal syndrome을 흔히볼수 있다.\n증상: 불안함, 빈맥, 부정맥(원발 심장질환이 있고 beta-blocker를 사용한 경우), hypertensive crisis\n급성 고혈압 응급 환자 처치요령\nHypertensive crisis는 혈압의 급격한 증가로 급성 end organ damage의 위험이 큰 상태를 말한다. 이 경우 대뇌출혈, 망막박리, 그리고 대동맥류가 발생할 수 있는 응급상황이 기 때문에 즉각적으로 혈압을 감소시켜야 한다. 일반적으로 aggressive한 치료전략은 새로운, 또는 진행적인 end organ damage 증상이 나타날 때, 특히 CNS 증상이 나타날 때 실시한다.\nSodium nitroprusside: 지속적인 혈압 모니터링과 infusion pump 사용이 가능할 때에 만 실시\n개/고양이: 1~3(최고 10) ug/kg/min constant rate infusion(CRI) IV, 혈압변화에 따 라 적정한다.\nHydralazine: Infusion pump를 사용할 수 없을 때 투여. 혈압을 자주 확인해야 한다.\n\n\n개 0.5 mg/kg 하루 2회, 낮은 용량에서 시작하여 점차 2 mg/kg 하루 2회까지 증가. 작용시간은 매우 빠름(1~2시간 이내). 고양이 2.5 mg/cat 하루 2회.\n혈압이 170/110 이하로 떨어지거나 정상 범위로 돌아온 후에는 경구투여 약물을 이용하여 고혈압 치료를 실시한다.\n부신수질세포종 시 고혈압 치료\n수술 전 10~14일 동안 그리고 수술 시 약물 치료를 실시한다. 수술이 불가능한 부신수질세포종 환자 역시 catecholamine 분비로 인한 치명적인 중증의 고혈압을 예방하기 위 해 고혈압 치료제를 투약해야 한다.\n비특이적 alpha-adrenoceptor blockers:\nPhenoxybenzamine: 개 0.25 mg/kg per os, 하루 2~3회\nAlpha1-adrenergic inhibitors:\nPrazosin: 개 0.5 ~2.0 mg/kg per os, 하루 2~3회\n빈맥의 위험성을 감소시키기 위해 beta-blocker를 함께 처방할 경우, Propranolol:\n개 0.2~1.0 mg/kg per os. 하루 3회\nAlpha2-adrenoreceptor antagonist(예, clonidine)는 사용 금기\n\n\n\n4. 고혈압의 치료제의 약물학적 특징\nACE inhibitors\n작용기전: Angiotensin-converting enzyme 억제를 통해, angiotensin I, II 감소, bradykinin 생산 증가\nAngiotensin II 생성 감소, 가장 강력한 내인성 혈관수축제 중 하나\n동맥성, 정맥성 혈관확장 유발\n혈량 감소\n교감 신경톤 감소\n사구체 기저막 안정화로 단백질 누출 억제(단백뇨 억제)\nPreload와 afterload 감소\n적용증:\n만성 신부전으로 인한 신장(사구체) 고혈압이 의심되는 개: ACE-inhibitor는 사구체 내압력을 감소시키고 사구체를 비후시키고 경화시키는 growth factor들을 억제하기 도 하지만 단백뇨를 방지함으로써 신장을 보호한다.\n\n\n모든 형태의 고혈압에서 혈압을 감소시킬 때\n확장성 심근증, 이첨판 폐쇄부전에 의한 울혈성 심부전 시\n부작용:\n투약 초기에 혈압이 감소하여 허약이나 기면증을 보일 수 있다.\n신기능 감소(BUN, creatinine 증가). 특히 높은 용량의 이뇨제와 저염식이와 함께 처 방시 \n용량은 혈압과 다른 약물과 혼합처방을 하는지 여부에 따라 결정. 3~4일 동안 천천 히 용량을 증가시킨다(중등도에서 심한 고혈압을 치료할 때 제외).\n드문 부작용: 마른기침(bradykinin에 의함)\n혈청 칼륨 농도 증가 가능\n과량 투여 시 보이는 부작용:\nACE inhibitor는 therapeutic range가 넓다. 과량을 투여할 경우 다음과 같은 증상 을 보인다(대부분 가역적).\n서맥, 신부전, 대사성 산증을 동반한 저혈압\n치료: 혈량 보충, dopamine\n투약 금기:\n중증의 대동맥협착증과 같이 협착에 의한 심장질환일 때\n심각한 신기능 저하 상태나 중증 탈수일 때\n임신 시(연구 결과 없음)\n약물 역동학:\n칼륨 농도 증가, 특히 potassium-sparing diuretics나 칼륨 보충제와 함께 처방 시\n다른 혈관확장제나 이뇨제와 함께 투여 시 혈압의 감소폭 증가\n약물종류와 권장용량\nBenazepril: Benazepril은 활성화 형태인 benazeprilate로 전환된다.\n개와 고양이: 0.25~0.5 mg/kg per os, 하루 1~2회\n- 신장배설(약 50%), 담즙배설(약 50%)\nEnalapril: Enalapril은 활성화 형태인 enalaprilate로 전환된다.\n개와 고양이: 0.25~0.5 mg/kg per os, 하루 1~2회\n약물작용은 투여 후 약 4~6시간부터 시작\n담즙배설이 약 5%를 차지하고 나머지 95%는 신장으로 배설되기 때문에 신기능 이 저하된 환자에서는 용량 조절이 필요하다.\nImidapril: Imidapril은 활성화 형태인 imidaprilate로 전환된다.\n개와 고양이: 0.25~0.5 mg/kg per os, 하루 1~2회\n약물작용은 투여 후 약 4~6시간부터 시작\n\n- 신장배설(40%), 담즙배설(60%)\nRamipril: Ramipril은 활성화 형태인 ramiprilate로 전환된다.\n개와 고양이: 0.125~0.25 mg/kg per os, 하루 1회\n약물작용은 투여 후 약 4~6시간부터 시작\n약 15~30%가 신장으로 배설되고 최고 70%에서 80% 이상까지 담즙으로 배설된다.\nCalcium channel blockers\n작용기전: Voltage-gated L-type calcium channel (calcium antagonist)을 통한 slow transmembrane calcium influx을 억제한다. 그 결과 다음과 같은 효과를 나타낸다.\n세동맥과 관상동맥 확장 S 말초저항 감소, 혈압 감소\nNegative chronotropic, negative dromotropic, negative inotropic 효과 S 항부정맥 효과와 심장억제 효과\n각 칼슘 채널 차단제에 따른 심혈관계 효과는 다르다.\nDihydropyridine (amlodipine, nifedipine, nimodipine, nitrendipine) 같은 칼슘 채널 차단제가 주로 혈관계에 작용한다.\n동맥과 세동맥 그리고 관상동맥의 평활근을 이완시키는 반면 심장에 직접적인 효과는 거의 없다.\n특히 nifedipine과 함께 투여할 경우 혈관-심근 활성 비율이 가장 높게 나타난다\n(15:1).\nDihydropyridine계 약물은 동맥을 확장시키고 reflex tachycardia를 유발한다.\n수의학적으로는 약동학적 연구가 이루어지지 않았다.\n\n과량 투여 시 보이는 부작용: 혈압의 급격한 감소, shock 위험성, 심장억제나 심부전 치료: Shock 치료, IV calcium gluconate, cardiac glycosides, b-sympathomimetics\n투약 금기: 저혈압, shock, 중증의 심부전, 임신\n약물 역동학:\n다른 혈관확장제나 이뇨제와 함께 사용할 경우 혈압이 급격히 감소할 수 있다.\nDihydropyridine은 digoxin의 혈장 농도를 증가시킨다.\nb-adrenoceptor blockers는 reflex tachycardia의 위험성을 감소시키고 혈압 감소폭을 증가시킨다.\na-adrenoceptor blocker와 함께 사용할 경우 혈압감소 효과가 상승하여 나타난다.\n\n\n약물종류와 권장용량\nAmlodipine\nACE inhibitor와 더불어 또는 혼합사용 시 일차선택약(특히 고양이의 경우)\n개: 0.05~0.25 mg/kg per os, 하루 1회\n고양이: 0.1~0.5 mg/kg per os, 하루 1회\n일반적으로 4 kg 이하의 고양이는 0.625 mg/day로 조절이 되지만 4 kg 이상인 고양이의 경우 1.25 mg/day를 처방하는 것이 좋다.\nElimination half-life는 사람에서 약 35~50시간\n지속시간: 약 24시간\nb-blockers\n작용기전: Beta-blockers (b-adrenoreceptor blockers, b-sympatholytic agents)는 교감 신경계의 b-adrenoreceptor의 경쟁적 길항제이다. b-blockers는 수용체의 선택성과 내 인성 교감신경계 활성에 따라 다음과 같이 분류된다:\n내인성 활성이 없거나(예, propranolol) 있는(예, pindolol) 비선택적 b1/b2-blockers\n내인성 활성이 없거나(예, atenolol) 있는(예, acebutolol) 비교적 선택적인(심장선택적)\nb1-blockers\n모든 beta-adrenergic receptor는 각각 다른 심혈관계 효과를 지닌다.\n심장(b1 receptor 차단): negative chronotropism, negative dromotropism, 자동 성 억제, negative inotropism S 항부정맥 효과, 심장억제 효과, 심박수 감소\n혈관(b2 receptor 차단): 주로 alpha-mimetic 혈관수축 S 초기 말초혈관 저항 증 가 S 장기적인 고혈압 치료 효과(2~8주 후); 기전 불분명, 심박출량 감소, renin 방출량 감소, CNS sympathetic outflow 감소\nb1-선택성의 장점: b2-차단으로 인한 부작용이 적다. 예, 기관지수축 감소, glycoge- nolysis 감소, 당뇨병 환자에서 저혈당 위험성 감소\n내인성 교감신경활성의 장점: 심장억제 효과가 낮아지지만 임상적으로 유의적이지 않음\n적용증: 동맥성 고혈압, 비대성 심근증, 심실상성 및 심실성 빈맥(심방조동, 심방세동, 심 실성빈맥, 갑상선 기능항진증, thyrotoxic crisis, 부신수질세포종(a-adrenoceptor block- er를 이용한 초기 치료 후에만)\n부작용: 심장억제 효과(서맥, atrioventricular conduction disorders, 심부전 악화), 허 약, 저혈당증, 초기 당뇨병이나 당뇨성 대사 불균형 악화\n주의: 약물치료를 끝낼 때는 항상 점진적으로 용량을 감소시킨 후 끊는다.\n과량 투여 시 보이는 부작용: 넓은 therapeutic range. 개에서는 특히 노령견이나 심부전 환자가 고양이보다 더 민감하다.\n\n\n증상(overdose 12시간 후까지 심각하게 나타나지 않음): 서맥, AV block(3도 차단까지), 심근의 수축력 감소에 의한 급격하고 심한 혈압 감소(S 핍뇨, 산증), 강한 진정 효과로 의식불명이 되거나 강한 흥분으로 경련 일으킴, bronchospasm으로 인한 호흡곤란\n치료: 혈량 확보와 산증 교정, dopamine, dobutamine. 서맥: atropine 또는 조심스런 b-sympathomimetics 투여(orcipreanaline)\n투약 금기: 심부전(NYHA grade III 이상), 동성서맥, AV block(2도 이상), 중증의 저혈 압, 폐쇄성 기관지질환\n약물 역동학:\nb-sympathomimetics: 상호적인 효과 약화; narcotic 제제와 칼슘 채널 차단제\n(verapamil, diltiazem): 심장억제작용의 상호적인 증강\nCardiac glycosides: 서맥 악화와 AV block 위험성 증가; 다른 고혈압 치료제와 병용시 혈압 감소 효과 증가\n약물종류와 권장용량\nPropranolol(비선택적 b1/b2-blocker)\n- 개: 0.02~0.06 mg/kg IV, 5~10분간; 0.2~1.0 mg/kg per os, 하루 3회\n- 고양이: 0.02~0.06 mg/kg IV, 하루 2~3 회; 0.2~1.0 mg/kg per os, 하루 2~3회\nOral bioavailability < 30%. 간질환이나 신장질환 환자의 경우 용량에 주의하여 처방\nAtenolol(심장선택적 b1/b2-adrenergic inhibitor)\n개/고양이: 0.25~2.0 mg/kg per os, 하루 1~2회\n\n반감기: 3.2시간(개). 고용량 투여 시에만 기관지수축 관련 부작용 위험성 있음\na-blockers\n작용기전: Alpha-adrenoceptor blockers(a-sympatholytics, a-blockers)는 혈관 등에 있는 a-adrenergic receptor를 차단한다. 비특이적 a1-, a2-adrenoceptor blocker는 가역적 차단(phentolamine, hydrated ergot alkaloids)이나 비가역적 차단(phenoxyben- zamine)을 하는 약물과 선택적 a1-adrenoceptor blocker (prazosin), 그리고 dehydrat- ed ergot alkaloids(dihydroergotamine)와 uradipil(중추신경계 효과를 나타내는 5- HT1A agonist)과 같은 약물 등으로 그 종류와 분류가 다양하다.\n고혈압 치료 효과:\n시냅스후 a1-와 a2-adrenergic receptor 차단\n동맥확장 S 말초 저항 감소\n정맥성 용량 수용 혈관의 tone 감소\n\n- 시냅스전 a2-adrenergic receptor 차단\n* Norepinephrine 방출에 대한 억제 효과 감소 S 빈맥 S a1-선택적 prazosin의 장점: 빈맥을 일으킬 가능성 매우 낮음\n적용증: 부신수질세포종\n수의학적으로 이외 다른 상황에서 a1-adrenoceptor blocker는 고혈압 치료제로 사 용하지 않는다(사람에서는 당뇨병, 고콜레스테롤혈증, 말초혈류질환 등과 병발한 고 혈압에서 사용).\nHydralazine\n작용기전: Hydralazine은 동맥성 혈관확장제이다(혈관근육세포에 작용). 과도한 혈압 감소로 인한 보상적인 심박수 증가가 일어날 수 있다. 동맥성 혈관확장 시 afterload가 감소하기 때문에 심박출량이 증가한다. 또한 RAAS가 활성화된다.\n적용증: 동맥성 고혈압(중증의 경우, 다른 치료에 반응을 보이지 않는 고혈압의 경우); 심부전 환자에서 afterload를 감소시키기 위해 사용한다.\n약물종류와 권장용량: 개/고양이: 0.25~2 mg/kg per os, 하루 2회\nSodium nitroprusside\n작용기전: Nitric oxide(NO)를 방출시켜 즉각적으로 혈관저항을 감소시키고 용량 수용 혈관을 이완시키는 고혈압치료제. 신혈류의 변화는 거의 없고 심박수도 약간 증가시킬 뿐이다.\n적용증: Hypertensive crisis, 급성 심부전 시 preload와 afterload의 신속한 감소가 필요 할 때, 수술 중 혈압을 감소시켜야 할 때\n부작용: Shock, 중증의 저혈압, 간 기능이 저하된 환자에서나 장기간 또는 고용량으로 투 여시 cyanide intoxication의 위험성. 혈압을 자주 모니터링할 수 있을 때만 사용\n약물종류와 권장용량: 개/고양이: 1~3 ug/kg/min, CRI. IV로 투여할 때만 효과적. Sodi- um nitroprusside의 반감기는 수분에 불과하다. 갓 준비한 nitroprusside 용액은 빛을 차단할 경우 최대 4시간까지 안정\nThiazide 이뇨제\n작용기전: Benzothiadiazine계 이뇨제(thiazides)와 루프성 이뇨제(saluretics)는 다른 고혈압 치료제, 특히 사람에서는 b-adrenoceptor blocker와 흔히 함께 처방하는 이뇨제 이며 그 외에도 ACE inhibitor와 calcium channel blocker와도 함께 처방된다. 일반적으로 potassium-sparing diuretics와 aldosterone antagonists는 저칼륨혈증을 완화하기 위한 보조치료법으로 사용된다. 소동물 고혈압의 치료 효능에 대해서는 알려진 것이 없으며 거의 사용하지 않는다.\n혈압 감소기전: 나트륨 이뇨 효과를 통해 혈압과 preload 감소시켜 혈장량과 세포외 액량을 감소시킨다. 혈관근세포 내 나트륨과 칼슘 농도 역시 감소하기 때문에 내인성 혈관수축 자극에 대한 혈관근의 민감도 역시 감소한다.\n나트륨 이뇨작용은 RAAS 활성에 대한 부분적인 보상기전이다. 이뇨제는 따라서 ACE inhibitor와 함께 처방시 angiotensin II를 감소시키고 b-adrenoceptor block- er와 함께 처방시 renin 분비를 감소시켜 효과적이다.\n적용증: 동맥성 고혈압, 울혈성 심부전에 대한 보조 치료, 비염증성 부종(심장원성, 신원 성, 간원성)\n부작용: 저칼륨혈증, 특히 치료 초기에 흔히 볼 수 있다. 칼륨 손실을 최소화하기 위해 다 음을 실시한다:\n치료시작 3일째부터 용량을 감소시키기 시작하거나\n이틀이나 3일마다 투약하거나\nPotassium-sparing diuretic과 함께 처방한다.\n저나트륨혈증, 저마그네슘혈증, 고칼슘혈증(장기치료 시) 저염소혈증 알카리증이 발생할 수 있으므로 혈청 전해질을 모니터링한다.\nGlucose tolerance 감소, 당뇨병 악화, Dalmatian종에서는 요산분비 지연\n과량 투여 시 보이는 부작용: 과도한 이뇨가 발생할 경우 과도한 체액과 전해질 소실 로 인해 저칼륨혈증과 그에 따른 부정맥, 기면증, 소화기계 증상이 나타날 수 있다. 이 것은 수액요법과 전해질 공급 등으로 교정이 가능하다.\n투약 금기: 중증의 간 및 신장기능장애, 치료저항성 저칼륨혈증, 고칼슘혈증, sulfon- amide 과민반응, 탈수\n약물 역동학:\nBenzothiadiazine과 함께 glucocorticoid나 laxative를 사용할 경우 칼륨 손실량이 증가할 수 있다.\nBenzothiadiazine은 다른 고혈압 치료제의 효과를 증가시키고 cardiac glycoside의 작용과 독성을 증가시키고(저칼륨혈증), 인슐린의 교화를 감소시킨다.\nNon-steroidal anti-inflammatory 약물에 의해 이뇨 효과가 감소한다.\n약물종류와 권장용량\nHydrochlorothiazide\n- 개/고양이: 0.5~4 mg/kg per os, IM, SC, 하루 1~2회 작용 시작: 투약 1~2시간 후\nChlorothiazide\n- 개/고양이: 20~40 mg/kg, 하루 1~2회\n루프성 이뇨제(강력한 이뇨제)\n적용증: Benzothiadiazine과 동일. 뇌부종, 폐부종, 중독 시 강제 이뇨\n부작용: Benzothiadiazine과 동일. 강제적인 이뇨는 급격한 중증의 전해질 불균형을 초래하고 과도한 체액 소실로 hemoconcentration이 일어나며 혈전 위험성이 커지고 저 혈압을 초래한다.\n투약 금기: Benzothiadiazine과 동일\n약물 역동학: Benzothiadiazine과 동일. Aminoglycoside 항생제의 이독성과 신독성 효과 증진시킴\n"}