{
    "title": "증례로 보는 소동물 심장학 2판",
    "author": "현창백 2e",
    "publisher": "(주)범문에듀케이션",
    "department": "내과",
    "disease": "14\n심장의 전도장애\nCardiac conduction disturbances\n서론\n심장의 전도장애는 흔히 부정맥이라고 불리며, 원발성 요인과 속발성 요인으로 나뉜다. 원발성 심부정맥은 주로 심장전도에 관여하는 이온 채널과 관련된 유전자나 심장 전도세포 발생과 관련된 유전자 결함에 의해 발생한다. 속발성 심부정맥은 심실이나 심방의 비대나 확장을 유발하는 심장 질환(예, 확장성 심근증, 비대성 심근증), 전해질 불균형(예, 저칼륨혈증, 고칼륨혈증)이나 약물 중독(예, digitalis 중독) 같은 요인에 의해 발생한다. 그러나 상당히 많은 부정맥 질환에 대한 정확한 발병원인은 아직까지 완전히 밝혀지지 않았다. 하지만 최근 분자 유전학의 발달로 여러 가지 부정맥 질환이 심장 전도장애에 관여하는 유전자 결함에 의해 발생한다는 사실이 빠르게 밝혀지고 있다. 부정맥의 발병기전은 크게 충동의 형성장애, 충동의 전도장애, 복합적인 장애로 나눌수 있다. 각 부정맥의 발병기전에 대해서는 아래에 자세하게 설명되어 있다.\n심각한 부정맥은 임상적으로 심박출량을 저하시키고 저혈압을 유발할 수 있다. 이로인하여 뇌의 혈액 순환량이 감소하면서 실신이나 장기 손상(특히, 신장과 간)을 유발할 수 있다. 따라서 다음과 같은 임상증상이 부정맥과 관련되어 발생할 수 있다: 허약/실신, 운동불내성, 돌연사.\n이러한 임상증상의 발현시점과 정도는 다음과 같은 요인에 의해 달라진다: (1) 심실 박동수, (2) 부정박동의 지속시간, (3) 심방과 심실박동의 연관성, (4) 심근과 판막의 기능보존 정도, (5) 박동의 패턴과 불규칙성의 정도, (6) 약물치료, (7) 심장외 요인. 또한 심각한 서맥성/빈맥성 부정맥에 의해서 심부전증이 발생할 수 있다. 예를 들어, 장기간 지속된 심실성 빈맥(VT)과 심실상성 빈맥(SVT)에 의해 좌심실 기능부전이 발생할 수 있다. 심근증의 개시시점과 빈맥에 의한 심근변화의 정도는 원인 빈맥증의 종류, 박동수 및 지속시간에 따라 달라진다.\n부정맥의 발생기전\n 충동의 전도장애\n부정서맥을 유발하는 전도장애 전도계(conduction system)에서 전도가 지연되거나 차단되면 부정서맥(bradyarrhythmia) 또는 전도차단(heart block)이 발생한다(그림 14-1). 발생 위치에 따라 동방차단(SA block)과 방실차단(AV block)으로 나뉜다. 또한 발생 정도에 따라 1도 차단, 2도 차단, 3도 차단으로 나뉜다. 1도 차단은 하부전도계로 향하는 전도가 지연되는 것을 말하고, 2도 차단은 하부전도계로 향하는 전도가 간헐적으로 차단이 일어나는 것을 말하며(그림 14-1A), 3도 차단은 하부전도계로 향하는 전도가 완전하게 차단되어 간헐적으로 escape beat(이탈 박동)이 일어나는 것을 말한다(그림 14-1B).\n동방차단의 경우, 동결절(SA node)내 충동이 밖으로 나가지 못하는 현상인데 1도의 경우 박동이 지연되지만 P파가 형성되기전에 이러한 전도장애가 발생하므로 심전도상에서 이상소견은 관찰되지 않는다. 2도의 경우, 간헐적으로 sinus pause가 나타나며, 3도가 되면 sinus arrest가 나타난다. 이러한 block은 sick atrium 또는 sick sinus syndrome의 발병 기전과 관련이 있다.\n방실차단의 경우, 1도 AV block은 SA node에서 AV node로 가는 전도 속도가 느려지는 경우를 말한다. 심전도상, PR 간격이 연장된다. 2도 AV block은 SA node에서 AV node로 가는 전도가 간헐적으로 차단되므로 심전도상에서 간헐적인 QRS-T파가 나타나지 않는다(그림 14-1A). AV node의 전도차단을 유발하는 대표적인 두 가지 요인은 미주신경 활성과 질환에 의해 심근 전도세포가 손상되는 경우다. 전자의 경우, 비정상적인 미주신경 활성으로 심장 보상반응에 의한 방실전도(AV conduction)의 속도/비율이 변화되어 차단박동(blocked beat)전후로 PR 간격이 변화되지만(Mobitz type I), 후자의 경우, 심근세포 손상에 기인한 것이므로 이러한 반응이 없기 때문에 차단박동 전후의 PR 간격은 일정하다(Mobitz type II; 그림 14-1A). 3도 AV block은 미주신경과 무관하게 심근세포 손상에 의해 전도가 완전히 차단되는 것을 말한다. 심장은 무박동에 반응하여 escape beat (latent pacemaker에 의한 박동)를 발생한다(그림 14-1B).\n부정빈맥을 유발하는 전도장애 탈분극(depolarization)의 충동은 정상적으로 한 방향으로만 전도된다. 만약 이러한 전도가 어떤 이유로 부분 차단되면 일부는 전방으로 진행하고(antegrade), 일부는 block 부위를 우회하여 천천히 되돌아가(retrograde), 다시 전도가 일어나게 되는데 이때 정상적으로 전도되고 있는 전도를 방해하거나 융합되는 부정 박동이 유발되며 이를 회귀성 이소박동(reentry)이라고 한다(그림 14-2). 기능적 회귀성 이소박동(functional reentry)에서는 탈분극의 충동은 정상조직에서는 빠르게 전도되지만 비정상적 심근 조직에서는 매우 느리게 전도된다. 이런 비정상적 조직을 통과한 느린 전도는 다시 정상조직을 탈분극시켜 회귀성(reentry) 이소박동이 일어나게 하는데 동성리듬과 관계없는 이런 박동을 조기탈분극(premature depolarization) 또는 조기박동(premature beat)이라 한다. 이렇게 손상된 심근을 탈분극하고 다시 정상 심근을 탈분극시키는 회귀성 이소박동을 기능적 회귀성 이소박동이라고 말한다. 이 경우에는 느리게라도 손상된 심근세포로 전도가 느리게 일어난다. 해부학적 회귀성 이소박동(anatomic reentry)에서는 전도세포 손상이 심해서, 비정상적인 조직 내로 전도가 전혀 진행되지 못하는 경우를 말하며, 이 경우 다른 쪽 부위의 정상조직을 통과한 전도가 역으로 재진입하여 전도세포를 다시 자극시켜 조기 탈분극을 유발하는 것을 해부학적 회귀성 이소박동이라 한다. 회귀성 이소박동(reentry)은 여러 형태의 부정빈맥(tachyarrhythmia)을 유발한다. 세동(fibrillation)이 reentry에 의해 발생하는 가장 대표적인 부정박동의 형태이다. 이러한 reentry 박동의 심전도상 특징으로는 (1) 동박동(sinus rhythm)과 이소박동(ectopic beat)의 간격이 일정하다(동박동과 premature beat의 발생 간격이 일정하다), (2) 동박동과 이소박동은 규칙적으로 연계되어 있다. (3) 퍼킨제 섬유에 편측성 차단이 발생한다. (4) 실제로 이러한 박동은 sinus beat에 의해 유발되는 것이므로(block되어 늦게 가는 박동이 reentry beat이므로) 항상 reentry는 sinus beat와 교차되어 나타난다, (5) Reentry는 single ectopic beat만을 유발하지만 reentry circuit은 paroxymal tachycardia(발작성 빈맥)를 유발(regular/rapid)한다.\n 충동 형성장애\n자동능 기능저하(depressed normal automaticity) 자동능(automaticity)의 기능 저하는 방전속도(discharge rate)를 느리게 하여 부정서맥(bradyarrhythmia)을 유발한다. 이는 부교감 신경계의 활성, 전해질 장애, 내분비 장애, 저체온증 등에 의해 발생할 수 있다. 동기능부전 증후군(sick sinus syndrome)은 동결절조직의 질병에 의해 발생하며 이러한 질환에 의해 자동능의 기능이 완전히 소실하여 심박동의 충동을 제대로 형성하지 못한다.\n자동능의 기능항진(enhanced normal automaticity) 자동능이 항진되면 부정빈맥(tachyarrhythmia)을 유발한다(예, sinus tachycardia). 동결절 외의 보조 전도세포에서 자동능이 항진되면 조기 탈분극(premature depolarization)을 유발하기도 한다.\n비정상적 자동능(abnormal automaticity) 안정막 전위(resting membrane potential)의 손상으로 비자동능 심근세포가 자동능을 획득하는 경우나 미약한 전도속도의 자동능조직(purkinje fiber)이 비정상적으로 빠른 전도속도를 띠면서 pacemaking하는 능력을 획득하는 경우를 말한다. 이러한 현상에 의해 조기 탈분극(premature depolarization)이 발생한다. 240~260 mV로 낮아진 휴지막 전위로 인해 자발적 탈분극(spontaneous depolarization)이 발생하면 비정상적(이소성)인 부위에서 전기적 충동을 유발할 수 있는 탈분극이 발생할 수 있다. 이러한 현상은 주로 심근의 질병(myocardial disease)과 관련되어 자주 발생한다.\nAutomatic ectopic beat(자율 신경성 이소박동): 신이 심장을 만들 때 fail-safe(안전장치)를 만들었다. 이러한 장치는 sinus node가 잘못되었을 때 다른 pacemaker (latent pacemaker)가 작동하게 하여 생명을 유지할 수 있게 고안된 안전장치이다. Latent pacemaker는 주로 AV node, junctional, 심실, 심실 내막하 실질의 일부분에 위치한다. 이러한 latent pacemaker가 지속적인 이소박동을 유발할 수 있다(그림 14-3).\nTriggered Activity: Triggered activity는 비정상적 자동능과 유사하나 반드시 선행되는 정상 활동전위(normal action potential)를 뒤따라 발생한다는 것이 큰 차이이다(그림 14-4). 다시 말해, 정상적으로 전기적 충동을 발생할 수 있는 자동능이 없는 세포가 주변 전도세포의 정상적인 action potential의 활동에 의해 전기적 충동을 유발하는 비정상 박동을 말한다. Afterdepolarizaion이란 활동전위시에 또는 후에 막전위(membrane potential)에 형성되는 전위상승(oscillation)을 말한다. 두 가지 형태의 triggered activity가 있다: EAD (early afterdepolarization)/DAD (delay afterdepolarization). Early afterdepolarization (EADs)는 활동전위의 2상(phase 2)과 3상(phase 3) 사이의 재분극(repolarization)을 방해한다; 활동전위가 역치까지 상승하여 세포를 다시 탈분극시키는 상황을 말한다. 이러한 현상은 저칼륨 상태, 느린 심박, 전기전도 조직에서 보다 쉽게 발생한다. EAD는 German Shepherd의 유전성 심실성 빈맥증을 유발하는 원인으로 추정되며 이러한 환자에서 심근의 교감신경 지배의 결여가 자주 관찰된다. Membrane channel 형성에 교감신경 분포가 중요한 역할을 하며 channel 결손으로 인해 활동전위의 상승이 발생한다. Delayed Afterdepolarization (DADs)은 완전히 재분극된 휴지막전위가 역치전위까지 다시 탈분극되는 것으로 확장기에 sarcoplasmic reticulum에서 세포 내로 칼슘이온의 방출에 의해 발생한다.\n 기타\n심실 조기흥분(ventricular preexcitation) 정상적으로 SA node에서 유래한 충동은 특수하게 분화된 pathway를 통해 AV node로 전달되게 된다. 또한 정상적으로 SA node에서 AV node로 전도되는 충동의 전도속도는 빠르지만 AV node는 마치 브레이크처럼 작용하여 좌심방의 탈분극이 종료될 때까지 전도속도를 줄여서 하부 전도계로 충동을 전도시킨다. 정상적으로는 심방과 심실은 절대로 AV node를 경유하지 않고 충동을 전하지 못하게 되어 있다. 하지만 어떤 요인에 의하여(주로 유전적 결함), 심방과 심실 사이에 존재하는 보조경로[accessory pathway(예, Kent bundle, James fiber, Mahaim fiber; 그림 14-5)] 등을 통하여 전도가 일어나게 되는데, 이때는 brake 없이 충동이 전달되므로 하부 전도계로 너무 빨리 충동이 전달되는데 이러한 현상을 심실 조기흥분(ventricular pre-excitation)이라고 한다. 심전도상, 두 개의 QRS가 fusion되어 나타나는 delta wave가 주 특징적인 소견이다(그림 14-5, 그림 14-6). Wolff-Parkinson White (WPW) preexcitation이 가장 대표적인 예로 Kent bundle 같은 보조경로의 전도계가 정상 전도계에 앞서서 심근의 탈분극을 유도하여 발생한다(그림 14-6). 이 경우, AV node를 경유한 전기적 충동이 심실을 흥분시킬 뿐 아니라 보조경로에 의해 심방으로 역행성 전도가 일어나 치명적인 부정맥이 유발된다. 이로 인해 환자는 실신하거나 급사한다.\n동박동의 흥분성에 장애나 변조를 유발하는 부정맥\n 동박동\n동박동(sinus rhythm)이란 정상적인 pacemaker인 동결절에서 충동이 형성되어 심박동이 시작하는 정상 심장 박동을 말한다. 동박동의 기본 조건은 다음과 같다: (1) 모든 QRS complex마다 하나의 P파가 있다, (2) R-R 간격은 불규칙해도 PR 간격은 상대적으로 일정하다. (3) P파가 lead II에서 양(1)극을 띤다(그림 14-7A).\n 동성 부정맥\n동성 부정맥(sinus arrhythmia)이란 동결절에서 유래한 불규칙한 심장 박동을 나타낸다. 심전도상, R-R 간격이 불규칙하고, 매 QRS complex당 하나의 P파만 존재한다(그림 14-7A). 대부분의 동성 부정맥은 일시적이고 호흡이 깊다. 흡기 시에 속도가 증가하고 호기 시에 감소한다. 흡기와 호기 때 미주신경의 영향을 받는 정도가 달라져서 이러한 현상이 발생한다. 일반적으로 호기 때 미주신경은 활성되므로 AV conduction rate는 감소하므로 심박수는 떨어지고, 흡기 때 미주신경은 억압되므로 AV conduction rate가 증가하므로 심박수는 증가한다. 개와 고양이의 경우, 이러한 박동은 대부분 병적인 소견으로 보지 않는다. 하지만 호흡기 질환이 있는 동물에서 자주 관찰된다. 심장 질환이 있는 환자는 호흡과 무관하게 동성 부정맥이 발생하고 간격이 아주 불규칙하다. 이 경우, 이러한 리듬과 atrial premature contractions(심방성 조기 수축)을 감별하는 것은 중요하다. 하지만 동성 부정맥에 대한 치료는 필요하지 않다.\n Wandering atrial pacemaker\n심전도상에서 P파의 모양과 진폭이 다양하게 나타나는 현상을 말한다(그림 14-7B). 동성 부정맥과 관련되어 발생한다. SA node 주위에서 심장 박동의 충동이 일어나서 pacemaker beat 형성 위치가 일정치 않기 때문에 이러한 현상이 발생하며 발생 위치에 따라 P파의 모양이 달라진다. 이러한 소견을 보이는 개체의 심박수는 정상보다 낮게 관찰되는 경우가 많다. 발생 원인은 호흡 노력 증가와 관련이 있다. 주로 미주신경톤(vagal tone)이 증가되어 나타난다. 따라서 이러한 소견은 동성 부정맥의 발생과 밀접한 관련이 있다. 심한 동성 부정맥의 경우, 변조된 모양의 P파 때문에 atrial premature beat로 오진할 수 있으니 주의가 필요하다. 무해한 동박동의 변형이므로 치료는 필요하지 않다.\n 동성 빈맥\n동성 빈맥(sinus tachycardia)은 심실수축 빈도가 너무 높을 때를 말한다(그림 14-7C). 환자의 교감신경톤이 부감경 신경톤에 비해 압도적으로 높을 때 나타나고, 거의 대부분 다른 기저질환에 의해 발생한다. 주요 발생 원인으로는 통증, 발열, 빈혈, 저혈량증이 있고 이는 대부분 기저질환에 대한 치료로 자연 교정된다. 동성 빈맥의 기준은 다음과 같다: 개(20 kg 이상) 160 bpm 이상; 개(20 kg 이하) 180 bpm 이상; 강아지 220 bpm 이상; 고양이 보통 180 bpm 이상, 통상 240~260 bpm.\n 동성 서맥\n동성 서맥(sinus bradycardia)은 SA node의 박동 속도가 정상 이하로 떨어질 때를 말한다(그림 14-7D). 원인은 미주신경톤(vagal tone)의 활성[예, 흡기 곤란을 나타내는 호흡기 질환, 위장관 자극, 뇌척수액압(CSF)의 상승], 갑상선 기능저하증, 저체온증, 고칼륨 혈증, 저혈당증, 약물치료 등이 있다. 심한 서맥은 허약, 저혈압, 실신 등을 유발할 수 있다. 치료는 심하지 않으면 필요하지 않지만, 서맥을 유발한 원발 요인을 치료하고, 대증적으로 atropine (0.04 mg/kg IV)을 이용하여 치료할 수 있다(동성 서맥의 기준).\n심방과 심실 흥분성의 장애나 변조를 유발하는 부정맥\nEctopic beat(이소박동)에 의한 빈맥 Ectopic beat이란 동결절 이외에서 생긴 pacemaking beat를 말한다. 진단 시 반드시 고려해야 할 사항으로는 (1) ectopic beat의 해부학적 위치(예, atrial, junctional, ventricular를 감별)와 (2) ectopic beat의 발생기전(예, re-entrant, automatic) 등이 있다.\n 심방 이소박동\n심방 이소박동(atrial ectopy)이란 간헐적으로 발생하는 심방 조기박동(atrial premature beat)을 말한다. 박동의 발생부위가 동박동의 위치가 아니고 심방에서 유래하기 때문에 심방성 조기박동이라고 하고, non-compensatory pause가 발생하기 때문에 R-R 간격이 정상 동박동에 비해 짧아진다(그림 14-8). 심전도상 특징은 (1) 동박동(Sinus rhythm)의 P파와 다른 모양의 P파가 생성(심방에서 발생하는 ectopic beat는 발생 위치별로 P파의 모양이 약간씩 다르다), (2) 모양은 달라도 항상 P파가 있다, (3) 이소박동의 P-R 간격이 동박동의 P-R 간격보다 길다: 일반적으로 동결절과 방실결절 사이의 전도경로가 가장 효율적이다. 따라서 다른 부위에서 생성된 이소박동의 충동이 방실결절까지 전달되는 속도는 더 느리기 때문에 이소박동의 PR의 길이는 동박동의 PR의 길이보다 더 길다.\n Junctional ectopy\nAV 연접부에서 유래하는 조기박동을 말하며 큰 맥락에서 보면 심방성 조기박동과 같다. 이러한 부정맥에서는 AV junction에서 충동이 발생하여 일부는 앞으로 가서 심실을 흥분시키고(antegrade), 일부는 뒤로 가서 심방을 흥분시킨다(retrograde). 이 때문에 narrow QRS와 retrograde P (Pʹ)파가 발생한다(그림 14-9). Pʹ파는 QRS 앞, 뒤, 중간 모두에서 발생할 수 있다. 이 때문에 파형의 모양은 antegrade로 전도되는 속도와 retrograde로 전도 되는 속도에 따라 달라진다. Pʹ파가 심방을 흥분시키고 나서 antegrade impulse가 QRS를 유도하는 경우가 많아서 P파가 QRS의 바로 앞에 형성되고 때문에 P-R 간격은 정상보다 짧아진다. 이때 P파는 inverted shape (negative P)이다. 때문에 이를 이용하여 pre-excitation과 감별이 가능하다. 만약 retrograde와 antegrade impulse가 동시에 심방과 심실을 흥분시키면 P파가 QRS와 중복되어 나타나지 않기 때문에 P파를 볼 수 없는 경우가 생긴다. 이 경우는 narrow QRS가 형성된다. 만약 antegrade impulse가 먼저 심실을 흥분시키고 나서 retrograde impulse가 심방을 흥분시키면 QRS에 뒤이어 P파가 형성된다. 이론적으로는 junctional QRS는 sinus QRS와 같은 모양이지만 실제로 모양이 약간 다른 경우가 많다. 정확한 이유는 아직 밝혀지지 않았다. Bundle branch로 전도될 때 약간의 영향을 주는 것으로 보인다.\n Ventricular ectopy\n심실에서 유래하는 조기박동을 말하며 임상적으로 가장 위험한 이소박동 중 하나이다. QRS-T 모양이 이상하고(특이하고) P-파가 보이지 않는 경우가 많다(그림 14-10). 50% 이상의 심실성 부정맥은 junctional과 달리 retrograde impulse를 발생하지 않는다. 이 때문에 동박동과 별개로 작동한다. 심방과 심실이 서로 다른 충동에 의해 흥분한다(심방은 동박동에 의해 흥분하고, 심실은 이소박동에 의해 흥분한다). 동박동에 이은 VPC는 full compansatory pause(동박동의 P파 간격이 VPC에 상관없이 일정하게 유지되는 경우; 정확히 2배; 그림 14-10). APC의 경우, 부정박동을 교정하기 위한 자율신경계의 흥분성 변화가 일어나므로 부정박동에 이어 나오는 동박동의 AV conduction rate가 빨라지므로 동박동 사이의 P파의 간격은 짧아진다(2배 이하; non-compensatory pause). 나머지 50%의 VPC는 retrograde impulse (P-파 형성)를 유발하여 심방을 흥분시키고, 이 경우 atrial impulse는 항상 QRS에 뒤이어 형성된다. 심실 심내막하에서 VPC가 발생하면 QRS는 넓어지며, fascicular beat인 경우(bundle branch) 보다 빠르게 전도되므로 narrow VPC가 나타난다.\n심실상성 빈맥(supraventricular tachycardias; SVTs) SVTs는 동결절, 심방근육, 방실결절 또는 심방으로 들어가는 정맥 등에서 유래한 빈맥성 부정맥을 광범위하게 지칭하는 말이다. 이러한 부정맥에는 동성 빈맥(sinus tachycardia; STach), 회기성 동결절성 빈맥(sinus node reentrant tachycardia; SNRT), 자동성 심방성 빈맥(automatic atrial tachycardia; AAT), 심방내 회기성 빈맥(intraatrial reentrant tachycardia; IRT), 심방조동(atrial flutter; AFL), 심방세동(atrial fibrillation; AFB), 회기성 방실성 빈맥(AV nodal reentrant tachycardia; AVNRT), orthodromic atrioventricular reciprocating tachycardia (OAVRT)과 자동성 연접부성 빈맥(automatic junctional tachycardia; AJT) 등이 있다. 표 14-1에 일반적으로 사용되는 심실상 빈맥의 치료제의 종류와 용법이 요약되어 있다.\n 심방성 빈맥\n심방성 빈맥(atrial tachycardias)은 간헐적이고 지속적으로 심방에서 심실로 전달되는 부정박동으로 (1) micro reentry (sinus node reentrant tachycardia, intraatrial reentrant tachycardia)이나 (2) 심방 이소박동의 자발적인 자동능 획득(automatic atrial tachycardia, automatic junctional tachycardia)에 의해 발생한다. 심전도상 특징(그림 14-11A)은 심방 조기박동(atrial premature beat; P파의 모양이 이상하거나 T파와 P파가 겹쳐져 나타남), QRS파의 지속시간이나 모양은 일반적으로 정상 동박동과 유사하다. 발병 원인으로는 (1) 심방이 확장되거나 심방내 허혈성 손상이 있을 경우, (2) A-V 판막의 폐쇄부전(예, 이첨판, 삼첨판)에 의한 심방종대, (3) 약물중독[예, digitalis나 마취제(ketamine, xylazine, acepromazine 등)]이 있다. 간헐적으로 나타나는 조기박동은 심장의 혈역학적 변화를 유발하지 않는다. 심방성 빈맥의 임상적 소견은 빈맥의 지속시간, 박동수 및 기저 심장 질환의 상태에 따라 달라진다. 박동수가 지나치게 빠를 경우(예, 240/min 이상), 간헐적인 AV block이 발생하여 심실박동이 줄어들면서 심실이완(충만)기가 연장되면서 임상증상을 완화시키기 위한 노력이 발생한다. 하지만 이러한 조기박동이 지속되거나 발생 빈도가 높아질 경우, 심방 충전 기전이 지연되고 이를 보상하기 위해 심박수가 빨라지기 때문에 심한 심박출량의 감소가 일어난다. 임상적으로 쉽게 조기박동을 식별할 수 있는 방법으로 미주신경을 활성시켜 보면 된다. 이렇게 하면 AV 전도 속도가 감소되어 ectopic pacemaker에 의한 충동 전도를 줄일 수 있다. 임상적으로 부교감 신경을 항진시킬 수 있는 방법으로는 (1) vagal maneuvers(예, 안구를 눌러서 안압을 상승시키거나 경동맥을 압박하는 방법), (2) 부교감 신경 흥분제 투여(예, edrophonium chloride), (3) 미주신경을 흥분시키는 반사를 유도(예, phenylephrine 같은 약물 투여)하는 방법이 있다. 간헐적으로 발생하는 조기박동의 경우는 치료가 필요 없다. 하지만 대부분의 증례에서 cardiac rhythm이 악화되는 경우가 많기 때문에, 지속적인 모니터링이 필요하다. 또한 이러한 조기박동을 유발하는 원발 요인을 규명하고 치료하는 데 중점을 두어야 한다. 만약 환자가 조기박동에 의해 임상적 변화가 발생하거나 이러한 조기박동이 지속적으로 자주 일어날 경우(1분 이상 지속되는 조기박동), 치료를 실시한다. 치료는 동박동 속도를 떨어뜨리는 데 주안을 둔다. Digoxin, 베타차단제(예, propranolol, metoprolol, atenolol)나, calcium channel blocker\n(예, diltiazem) 등이 치료에 가장 흔히 사용된다. 임상적으로 non-selective b-blocker인 propranolol이 치료에 많이 이용되지만, 일부 학자들은 selective b1-blocker인 metoprolol이나 atenolol을 선호하기도 한다. 하지만 b1-blocker를 사용하면 b2-수용기가 보상적으로 흥분하는 경우가 있기 때문에 일반적으로 non-selective b-blocker가 임상에 주로 이용된다. 칼슘채널 차단제의 경우, 종류에 따라 동박동 속도를 오히려 빠르게 할 수 있으므로 (예, nifedifine, amlodipine 사용 시) diltiazem이나 verapamil 같은 칼슘채널 차단제를 치료에 사용해야 한다.\n 심방세동\n심방세동(atrial fibrillation)은 심방내 수많은 ectopic pacemaker (micro-reentrant circuits)에 의해서 유발되는 심실상성 부정맥을 말한다. 이러한 ectopic pacemaker들은 서로 독립적으로 충동을 유발하고, 이들 중 AV node에 근접한 부위에서 유발되는 박동이 심실로 전도된다. 때문에 실질적인 심방 수축은 일어나지 않는다(심방 수축에 의해 20~30%의 혈액이 심실로 이동하므로 전체 심박축량의 20~30% 정도 소실된다). 심방 세동은 개에서 가장 흔하고 중요한 부정맥 중 하나로 전체 개의 부정맥 중 14%를 차지한다 (확장성 심근증 환자의 50%에서 발생). 심전도 소견(그림 14-11B)은 다음과 같다: (1) 매우 빠르고 불규칙한 심실리듬, (2) 정상적인 P파가 관찰되지 않고, P파 자체를 확인하기 어려울 수 있다, (3) Fibrillation wave(전기파의 파형이 baseline에서 요동치는 세동파; f-wave). 심전도상 진단은 어렵지 않지만, 만약 심방세동이 각차단(BBB)과 동시에 일어날 경우, wide QRS complexes가 발생하여 심실성 빈맥(VT)과 혼동할 수 있다. 하지만 일반적으로 각차단의 경우, AV association (BBB)이 있고, VT의 경우, AV dissociation (VT)이 있기 때문에 이를 이용하여 감별해야 한다. 가장 손쉬운 방법은 vagal maneuver를 실시하여, AV node의 전달속도를 떨어뜨리는 방법이다. 만약 환자가 심방세동과 우각 차단이 동시에 발생할 경우, 심실 박동수가 떨어지지만, VT인 경우, 심실박동은 변함이 없다. 또한 지속성 단태성 VT인 경우, R-R 간격이 일정하지만, 심방세동과 각차단이 동시에 있을 경우, R-R 간격이 불규칙하다. 심방세동을 유발하는 원인으로는 심방 확장을 동반한 방실판막성 질환, 심근 질환(확장성) 및 선천성 심장 질환을 동반한, 대형 견종의 경우(예, Irish Wolfhound), 특발성 원인에 의해 발생하기도 하며, 사람의 경우, potassium channel에 관여하는 유전자 결함에 의해 발생하기도 한다. 하지만 아직까지 동물에서 유전적 결함에 의한 발병은 보고되지 않고 있다. 임상적으로 심방세동은 너무나 빠른 심실박동에 의해 심실충전 장애가 발생하여 심박출량의 저하를 초래한다. 또한 제대로 된 심방수축이 소실되어 심박출량이 추가로 저하될 수 있으며, 빠른 심박수는 또한 심근의 산소 소모를 증가시켜서 심근의 수축력의 감소와 리듬장애(dysrhythmia)를 야기하는 심근의 저산소증(myocardial hypoxia)을 초래한다. 치료는 (1) 원발 요인을 관리하고, (2) 비정상적 조기수축성 이소박동을 동박동으로 전환시키고 심박동을 느리게 하는 데 포커스를 맞추어야 한다. Cardioconversion (DC counter-shock을 유발하여 심전도 리듬을 동박동으로 전환시키는 방법)이 치료에 응용되나 대부분의 경우, 일시적 효과밖에 없다. 또한 장착형 제세동기를 이용하는 치료법이 제안되어 있지만, 아직 임상에 실효성은 부족하다. 심박동을 느리게 하고 심실 수축력을 항진시키기 위해 digitalis, b-blockers, calcium channel blocker 등이 치료에 사용된다(20~25 kg 개의 심박수를 분당 130회 정도; 소형 견종은 분당 150회 정도가 되게 약물치료). 최근 연구 결과에 따르면, calcium channel blocker인 diltiazem이 이러한 질환에서 심박동을 느리게 하는 데 가장 유효하다고 한다. 일반적으로 임상에서는 심방세동이 있을 경우, 우선 digoxin을 사용하고, 24시간 후에 propranolol을 초기 용량 0.21 mg/kg TID로 경구 투여한 다음, 약용량 을 날마다 0.1 mg/kg TID씩 늘려서 1 mg/kg TID에 도달하게 한다. 이런 방법보다는 diltiazem만을 투약하는 것이 3배 이상 더 효과적이다는 보고도 있다. 심근증이 있는 개는 심방세동이 일어나기 전에는 상대적으로 무증상성인 경우가 많다.\n 심방조동\n심방조동(atrial flutter)은 심방의 탈분극과 탈분극 사이의 휴지기를 가지지 않는 빠르고 규칙적인 심방 탈분극에 의한 빈맥성 부정맥이다. 심전도상 특징은 (1) 조동파(flutter; F-wave)로 불리는 매우 빠르고(280~400/min) 규칙적인 심방박동, (2) 심방 탈분극 사이에 휴지기가 없이 연속적인 심방 조동파(F파)만 연속되어 톱날모양으로 보이는 연속된 파형, (3) QRS 파형은 동박동과 유사한 정상모양, (4) 심방박동이 심실 불응기로 전달될 경우, 방실차단이 일어날 수 있으므로 R-R 간격은 불규칙하게 불규칙하다(irregularly irregular)(그림 14-11C). 심방조동의 발생원인은 심방 내에서 자율적으로 회귀하는 macroreentrant circuit 때문이다. 심방조동은 자연적으로 종료될 수 있지만, 대부분의 조동파는 심실로 전달되어 빈맥성 부정맥을 유발하므로(만약 개에서 3주 이상 분당 240회 이상 지속하는 빈맥성 부정맥이 발생할 경우, 빈맥성 심근증의 발병 위험률이 높아짐), 심방세동에 사용되는 치료법이 심방조동 환자에서도 적용되어야 한다. 심방 조동의 영구적 치료는 radiofrequency catheter를 이용한 조동파를 유발하는 marco circuit을 소락하므로써 치료할 수 있다.\n심방해리(atrial dissociation)는 심방내 독립되고 조직화된 두 개의 페이스메이커가 존재하는 것으로 둘 중 어느 하나의 페이스메이커 충동이 심실로 전달되어 심실을 흥분 시키지만, 또 다른 페이스메이커는 심방 내에서 계속 회기하는 박동을 유발하는 부정맥을 심방해리라고 한다. 이 부정맥은 흔하지 않고 우발적으로 발견되는 양성(benign) 부정맥이다. 심전도상 특징은 (1) two populations of P waves(하나의 큰 P파가 QRS 앞에 있고 작은 P파 하나가 우발적으로 QRS 뒤에 따라오는 소견)이다(그림 14-12). 심전도상 정상 동박동과 독립된 또 다른 심방박동이 오버랩된 모양을 띤다. 심장 질환과 관련성은 입증된 바 없고, 치료가 필요하지는 않다.\n심실성 조기수축(ventricular premature contractions; VPCs)은 개와 고양이에서 가장 병적인 부정맥으로 조기수축을 유발하는 이소박동이 방실결절(AV node) 하부나 심실에서 유래하는 조기박동을 말한다. 심전도상 소견은 다음과 같다(그림 14-13, 박스 14-2): (1) 심실 유래 premature beat (VPCs), QRS의 모양이 비정상적이고 지속시간도 길어진다. (2) 만약 여러 개의 ectopic foci가 존재하면, QRS의 모양은 이러한 ectopic foci의 위치에 따라 달라지는 multi-form VPCs(다태성 심실 조기 수축) 형태로 관찰된다. (3) Fusion beat (ectopic beat의 발생이 sinus beat의 불응기에 발생하여 두 beat가 서로 겹쳐지는 경우; 그림 14-13D, E)이나 capture beat (ectopic beat의 발생이 sinus beat의 개시기에 맞춰 발생하는 경우)가 관찰된다. (4) Interpolated beat(두 개의 정상 동박동 사이에 형성되는 VPC; 그림 14-13B), (5) Compensatory pause, 통상 VPC에 이어 다음 VPC가 나타나기 전에 pause가 나타난다. 이때 pause에 이어 나타나는 sinus beat와의 간격이 2개의 sinus beat의 길이에 비해 차이가 없으면 VPC이고 더 짧아지면 APC이다(그림 14-13C, 박스 14-1 참조). (6) P-QRS dissociation, 심방과 심실이 서로 다른 pacemaker에 의해 흥분하는 현상.\n이러한 심실 조기박동의 원인으로는 실제 모든 심장 질환과 전신 질환이 포함될 수 있다. 대표적으로 확장성 심근증이나 비대성 심근증과 같은 구조적인 심장 질환이나 심부전증에 의해 발생할 수 있다. 또한 빈혈이나급성 위확장 같은 저산소혈증 상태나 산성증을 유발할 수 있는 질환 및 digitalis나 barbiturate 같은 약물중독에 의해 발생할 수 있다. 정상 개에서도 하루에 24회 정도의 VPC가 발생할 수 있다. 간헐적인 VPC는 치료가 필요 없지만, 부정맥에 의한 임상증상(예, 실신이나 허약)을 보일 때 시작하거나 다음과 같은 소견이 있을 때 개시한다.\n- 분당 VPC 발생 숫자가 20회 이상일 때\n- Doublets or triplets이 있을 때\n- 다태성 VPCs가 있을 때\n- VPCs와 pause가 3회 연속 반복될 때\n- R on T(아주 초기 조기박동을 나타냄)\nClass I 부정맥 치료제(예, lidocaine, tocainide, mexiletine, procainamide, quinidine)나 Class II 부정맥 치료제(예, sotalol)를 심실성 빈맥의 치료에 주로 사용한다. Pure potassium channel blocker인 amiodarone의 경우, 사람의 연구에 따르면 폐렴을 유발한다는 보고가 있지만 개에서 잘 사용되지 않기 때문에 부작용에 대해 잘 알려져 있지 않다. 어떤 연구에 따르면, 이러한 항부정맥제 치료가 심실세동으로 진행하는 것을 막는 데 별로 유용하지 않았다고 한다. Class I 항부정맥 치료제를 장기간 경구 투여할 경우, 오히려 환자의 사망률이 더 높아졌다는 보고도 있다. 때문에 sotalol 같은 b-blockers가 오히려 안전하다고 생각하는 학자도 있다. 그렇지만 아직까지 사람의 연구 결과에 따르면, 별반 차이는 없는 것으로 알려져 있다. 응급의 경우, lidocaine을 이용한 약물요법과 제세동기를 이용한 치료법이 사용될 수 있다. 임상에 사용되는 부정맥 치료제의 종류와 사용법은 표 14-2에 요약되어 있다.\n 심실성 빈맥\n심실성 빈맥(ventricular tachycardia; VT)은 3개 이상의 VPCs가 연속해서 나타나는 것을 말한다(그림 14-14A). 모든 VPC를 유발할 수 있는 원인들이 심실성 빈맥을 유발할 수 있다. 임상적으로 VT에 의해 심박출량은 심하게 감소된다. 지속될 경우 실신이나 심실세동으로 진행한다. 하지만 느리게 나타나는 VT(개에서 분당 80~120회 박동)는 혈역학적 변화를 심하게 유발하지 않기 때문에 심실세동으로 진행하는지를 관찰할 필요는 있지만, 치료를 할 필요는 없다. 심실상(심방성) 조기박동(supraventricular premature beat)이 다른 전도장애와 동시에 나타나면, 이상한 모양의 QRS가 나타나는데 이러할 경우 종종 심실성 조기박동과 감별이 어려울 때가 많다. 이 두 가지 조기박동은 서로 치료 방법과 예후에 차이가 많기 때문에 정확한 진단이 선행되어야 한다. 치료는 심실성 조기 수축과 동일하다.\n 심실세동\n심실세동(ventricular fibirillation; VF)은 심실에서 유래하는 극도로 빠르고 난잡스러운 전도장애로서 치명적이다. AF와 유사하게 ECG의 baseline이 파동친다. 이러한 ectopic pacemaker들은 서로 독립적으로 충동을 유발하고, 이들은 실질적으로 심실을 제대로 수축하지 못하므로 급격히 혈액 순환이 저하된다. 심전도 소견(그림 14-14B)은 제대로 된 P-QRS-T 파형이 관찰되지 않고, 심전도 파형이 Sine wave 모양을 띤다. 또한 심실박 동은 매우 빠르고 불규칙하다. 만약 VF의 파동이 ECG 상에서 크고 길게 나타나면 “coarse”형 이라하고 가늘고 짧게 나타나면 “fine”형이라고 한다(그림 14-15B). 이러한 부정맥이 관찰될 경우, 약물이나 전기적 제세동기를 이용하여 신속하게 치료를 실시해야 한다.\n 가속성 심실 박동\n가속성 심실 박동(idioventricular rhythm, accelated ventricular rhythm; AVRT)은 VT보다 다소 느린 빈맥성 전도장애로 심실성 빈맥이 나타나기 전 단계를 말하다(그림 14- 14C). 보통, 개의 경우 분당 60~150회 정도 충동이 발생한다. 임상적으로 악성은 아니지만 VT로 진행되는 경우가 많다. 또한 이러한 박동은 sinus arrhythmia의 사이사이에 관찰되는 경우가 많다(특히, 동박동이 느려질 때).\n Torsade de pointes\nTorsade de pointes (TdP)는 Q-T interval의 연장에 의해 발생하는 심실성 부정맥으로 심실 내에서 회기하는 이소박동에 의해 지속적으로 요동치는 치명적인 심실성 빈맥성 부정맥이다(그림 14-14D). 진단은 다음과 같은 기준을 사용한다: (1) TdP 박동이 발생하기 바로 전 박동이 서맥성이면서 Q-T interval이 연장될 것(개의 경우, 0.25초 이상), (2) R-on-T ventricular extrasystole이 관찰됨[다시 말해, 심실 탈분극(R-파)이 심실 불응기(T-파) 때 발생], (3) VF에 비해 규칙적이지만, 진폭과 극성이 지속적으로 변동되는 빠른 심실박동(.180 beats/min). 자연 소멸되는 TdP의 경우, 매우 짧은 기간 지속하지만(5~10초), 일부는 지속되어 VF로 진행하기도 한다. TdP는 개에서 흔히 발생하지 않지만 Q-T interval을 연장시킬 수 있는 질환에 의해 발생할 수 있다[예, 달마시안 종의 선천성 long QT syndrome, hypokalemia, hypocalcemia, 부정맥 치료제 중독증(특히, quinidine)]. 치료는 어렵지만 모든 부정맥 치료제를 중단하고 magnesium sulfate를 5~15 mg/kg으로 IV경로로 천천히 투여한다.\n Ventricular parasystole\nVentricular parasystole은 심장 내 두 개의 독립적인 pacemaker 활동에 의해 발생하는 부정맥을 말한다(하나는 정상적으로 방실결절 상단에 존재하지만 다른 하나는 심실내 숨어 존재하는 경우). Parasystole이란 독립적이고 비정상적인 자동능을 가진 심실성 이소박동으로 이탈박동보다 박동수가 빠르며 동성 탈분극에 영향을 받지 않는 단방향성 entry block 소견을 가지고 있다. Parasystole는 양성(benign) 부정맥이라서 치료가 필요 없고 부정맥 치료에 반응하지도 않는다.\n전도장애에 의한 부정맥\n심장내 전도차단이나 지연에 의해 발생하는 부정맥을 전도차단(heart blocks)이라고 한다. 이러한 전도차단은 크게 해부학적 위치와 기능적 장애 정도에 따라 분류된다. 전도차단은 해부학적 위치에 따라 동방차단(SA blocks), 방실차단(AV blocks), 각차단(bundle branch blocks), 속차단(fascicular blocks)으로 분류하고, 차단의 심하기에 따라 1도(전도 지연), 2도(간헐적 차단), 3도(완전차단; 방실해리)로 분류할 수 있다.\n동방차단(SA exit block) 동방결절 내의 internodal pathway에서 전도가 차단되는 것을 말한다(sino exit block; 그림 14-15). 전도차단의 정도에 따라 1, 2, 3도로 구별한다. 비 미주신경성 원인에 의해 발생하는 advanced SA block을 sick sinus syndrome이라고 한다.\n동부전증후군(sinus node dysfunction; sick sinus syndrome) Sick sinus syndrome (SSS)은 흔히 서맥-빈맥 증후군이라고도 불린다. 발생원인은 동박동의 전도의 문제(예, SA block이나 sinus arrest), 하부 방실결절내 전도장애 및 심방이나 심실 흥분성의 문제 등이 복합적으로 발생하여 나타나는 부정맥이다. Sick sinus라는 이름과 달리 동결절에 국한되는 것이 아니라 전체 전도계의 포괄적인 문제에 의해 발생하는 부정맥이다. 전형적으로 환자는 서맥과 무수축(asystole)이 일어나는 동안 동성발작(paroxysms of sinus)과 심실상성 빈맥(supraventricular tachycardia) 같은 소견이 발생할 수 있다. 심전도상 특징은 다음과 같다(그림 14-16): (1) 이탈박동(escape beat)을 동반하지 않는 느리고 불규칙한 심방수축 (약화된 동결절 활성), (2) 심각한 동성서맥(severe sinus bradycardia) 또는 무수축의 긴 휴지기(sinus pause), (3) 2nd heart block 같은 방실전 도장애를 나타내는 소견들이 관찰된다. (4) 심실속도는 매우 느리고 불규칙하다, (5) 3rd heart block 소견이 관찰될 수 있다. (6) 심각한 동성서맥과 번갈아 나타나는 발작성 심실상성 빈맥(paroxysms of supraventricular tachycardia) 소견이 관찰될 수 있다. 발병 원인은 잘 밝혀져 있지 않지만, 사람의 경우, 동결절 조직이나 cholinergic receptors에 대한 자가항체에 의해 발생하기도 한다고 한다. 개에서도 이와 유사한 원인으로 발생할 수 있다고 추정하고 있다. 이 질환은 개에서만 관찰되고 특히, 암컷 슈나유저에서 자주 관찰된다. 기타 Cocker Spaniels이나 West Highland White Terriers에서도 발생 보고가 자주 이루어지고 있다. 발병연령은 주로 중년기(6~10년령)가 많고, 이첨판 폐쇄부전증과 관련되어 자주 보고되기도 하지만, 두 질환이 밀접하게 연관되어 있지는 않다. 조직학적으로 동결절이나 방실결절에 섬유화가 관찰되고 이 조직에 혈행장애가 자주 관찰된다. 임상적으로 환자에서 지속적으로 심실정지가 일어날 경우, 운동불내성이나 실신이 유발될 수 있다. 또한 보상성 심실상성 이탈박동(escape beat)에 의해 빈맥이 발생하여 발작이나 실신이 일어날 수 있다. 실제 일반 심전도상에서는 가벼운 SA block 소견만 관찰되지만 환자가 실신하는 심각한 임상증상을 보일 수가 있기 때문에 홀터 검사나 event recorder 같은 특수 심전도 검사를 통한 정확한 검사가 필요하다. 부교감신경 차단제를 이용하여 급성의 서맥이나 동정지 소견을 개선시킬 수 있지만, 궁극적으로 치료하기 위해선 pacemaker 장착이 필요하다.\n방실차단(atrioventricular block) 정상 전도계에서 방실결절은 동박동이 좌심방 탈분극이 종료되기 전에 하부 전도계로 충동이 전달되지 못하게 하는 브레이크 역할을 한다. 만약 이러한 브레이크 역할이 너무 과도하게 일어나 방실결절의 충동이 심실로 전도되는 것이 너무 느려지거나 차단될 때를 방실차단(AV block)이라고 한다. 발병원인은 크게 미주신경성과 비미주신경성으로 분류할 수 있다. 일반적으로 호흡주기에 따른 생리적 반사에 의해 발생하는 미주신경성 방실차단은 무해하기 때문에 치료가 필요 없는 경우가 많지만, 심한 경우, 항콜린제제를 투약하여 증상을 조절할 수 있다(표 14-3). 비미주신경성은 교감신경 흥분제를 통한 대증요법으로 관리가 가능하지만(표 14-3) 장기 복용에 따른 돌연사의 위험성 때문에 궁극적으로 인공 페이스메이커 장착이 필요하다.\n1도 방실차단(1st degree AV block)은 방실결절의 박동이 심실 내로 전도 지연되는 부정맥으로 심전도상 소견은 PR 간격의 비정상적인 연장(개: 0.13초 이상; 고양이: 0.09초 이상)이다(그림 14-17B). 하지만 P-QRS는 association되어 있다. 주요 발생원인은 과도한 미주신경(부교감신경)톤의 활성이다. 이러한 부정맥은 정상적으로도 발생하기도 한다. 정상적으로 동물은 나이를 먹을수록 PR 간격이 증가하고, 반대로 심박수가 빠를수록 PR 간격이 짧아진다. 여러 가지 구조적 심장 질환에 의한 방실결절에 손상이 발생하거나 빈맥성 부정맥을 치료하는 약물들(예, Digitalis, b-blocker, calcium channel blocker, procainamide, quinidine)에 대한 부작용으로 발생할 수 있다. 또한 심한 고칼륨혈증에 의해서도 발생하기도 한다. 하지만 이러한 부정맥은 혈역학적 변화를 초래하지 않기 때문에, 임상적으로 환자는 치료가 필요하지 않다.\n2도 방실차단(2nd degree AV block)은 AV node의 충동이 심실로 전달이 완전 차단되지만, 이러한 차단이 지속되지 않고 간헐적으로 일어나는 경우를 말한다. 이러한 전도장애는 원인에 따라 크게 다음 두 가지 유형으로 나누어진다; Mobitz type 1 (Wenchebach; 미주신경성), Mobitz type 2(비 미주신경성).\nMobitz type 1-AV block은 주로 지나친 미주신경 활성을 유발하는 기저질환이나 생리적 상태에 의해 발생한다. 심전도상 특징(그림 14-17C)은 P파에 이어 QRS complex가 따라오지 않고, 이때 PR의 길이는 차단박동(blocked beat) 전후로 점점 연장되는 소견을 보인다(PR 간격은 차단박동 다음에 오는 동박동부터 점진적으로 길어진다). 또한 QRS 박동은 정상 동박동에서 유래하므로 형태학적으로 정상이다. 임상적으로 매우 드물게, 심박수 감소에 의해 심박출량 감소가 일어날 수 있다. 악성 방실차단인 Mobitz type II AV block과 감별이 필요하다. 가장 쉬운 감별법은 미주신경 차단제인 atropine을 투여해 보는 방법이다. Type I은 미주신경 활성이 원인이기 때문에 미주신경 차단제인 atropine을 투여하면 block이 없어진다. 대부분의 증례에서 치료는 필요하지 않다. 하지만 운동불내성이나 허약 같은 임상증상을 유발할 경우, atropine 같은 항 콜린성 약물을 투여하면 효과가 있다.\nMobitz type 2-AV block(그림 14-17D)은 type 1과 달리, 미주신경 활성과 무관하게 허혈성 손상이나 종양, 감염에 의한 반흔형성 같은 심실근 전도세포(His bundle이나 bundle branch)의 구조적인 결함에 의해 발생한다. 심전도상 특징은 type 1과 유사하게 P파에 이어 QRS complex가 따라오지 않는다. 하지만 type 1과 달리, 차단된 박동 바로 전의 PR 간격과 차단된 박동 바로 뒤에 오는 PR 간격을 비교해 보면, 앞에 오는 박동의 PR 간격이 뒤에 오는 박동의 PR 간격의 길이가 같다. QRS가 뒤따라오지 않는 P파의 수에 따라 2:1, 3:1, 4:1 block으로 표기한다(예, 2:1 block: P-P-QRS, 3:1 block: P-P-P QRS, 4:1 block: P-P-P-P-QRS). 임상적으로 경증은 무증상이지만 중증의 2도 방실차단의 경우, 운동불내성, 허약, 실신 및 Stokes-Adams seizures(서맥에 의해 뇌관류량 감소로 발생하는 발작) 같은 증상을 유발할 수 있고, 대개 atropine이나 glycopyrrolate 같은 미주신경 차단제에 반응하지 않는다. 차단이 심해서 심실 박동이 떨어지면 심박출량의 감소되고 이 때문에 실신이나 허약 증상을 보일 수 있다(개의 경우, 심박수가 40 이하, 고양이의 경우, 심박수가 60 이하). 치료는 심실 박동수를 높이기 위해, 응급상황에서 isoproterenol이나 epinephrine 같은 교감신경흥분제를 투여하거나, 만성적인 경우, 경구용 xantine derivates(예, 아미노필린, 테오필린)를 투여하면 심실 박동수를 증가시킬 수 있다. 만약 환자의 심실 박동수가 너무 낮지 않을 경우(분당 80회 이상), 치료는 필요하지 않다. 만성적이고 지속적인 방실 차단의 경우, 영구적인 치료를 위해 인공 pacemaker 장착이 필요하다. Type II block의 대부분은 3rd degree AV block으로 진행하기 때문에, 지속적이고 정기적인 ECG 검사가 필요하다.\n3rd degree AV block은 방실결절의 충동이 심실로 가는 전달이 완전 차단되고, 이러한 차단이 지속되어서 심방과 심실의 박동이 서로 다른 페이스메이커에 의해 박동하는(AV dissociation) 심각한 서맥성 부정맥이다. 발생원인은 2nd degree Mobitz Type 2 block과 같고, 심전도상 특징은 다음과 같다(그림 14-17E): (1) 상당히 느린 심실박동과는 독립적으로 심실박동을 수반하지 않는 심방박동(atrial rate)이 발생한다. (2) 심방박동은 규칙적이고 빠른 경향을 보인다. (3) 심실박동은 규칙적이나 심방 박동에 비해 적고 느리다(개: 심실 박동수는 대략 40~50 bpm; 고양이: 심실 박동수는 대략 90~110 bpm이다). (4) 느린 심실박동 때문에 latent pacemaker에 의한 escape beat(이탈박동)가 발생하게 되고, 이러한 이탈박동이 심실부위에서 발생하게 되면 QRS 형태가 비정상적이다(심실성 부정맥 박동). 임상적으로 3rd degree AV block은 실질적으로 동박동에 의한 심실 박동이 전혀 일어나지 않기 때문에 심각한 순환장애를 유발하고, 이러한 장애가 지속하면 실신을 유발할 수 있다. 치료는 Mobitz type 2-AV block과 동일하지만, 심각한 서맥을 유발하므로 궁극적으로 영구적인 인공 pacemaker 장착이 최선의 치료법이다. 만약 이 질환이 갑상선 기능항진증에 의해 유발될 경우, 갑상선 기능항진증에 대한 처치로 증상이 개선될 수도 있다.\n각차단(bundle branch blocks; BBBs)은 심실로 분포되는 His bundle의 하나 이상 가지에서 전도차단이나 전도지연이 일어나는 부정맥이다. 이러한 형태의 전도차단은 기능적으로 발생할 수 있고(불응기 동안에 발생하는 탈분극 때문에 일시적인 전도차단이 일어남) 또는 해부학적 결함에(예, 물리적 장애로 영구적 전도차단이 발생) 의해 발생할 수 있다. 특징적인 심전도 소견은 비정상적인 QRS 모양을 보고 판단한다(좌각과 우각이 시간차를 두고 탈분극되므로 QRS 모양이 쪼개지거나 넓어진다; 그림 14-18). BBBs 자체는 심장박동에 변화를 주지는 않기 때문에 어떤 의미로 부정맥이라고 볼 수 없다. 그러므로 심전도 소견을 기록할 때는 “정상 동박동과 좌각차단” 이런 식으로 기술하는 것이 올바르다. 각차단이 있을 경우, QRS의 길이가 개는 0.07초 이상, 고양이는 0.04초 이상이고, 좌각차단의 경우, lead II의 QRS는 positive deflection되고, 우각차단은 negative deflection된다. 각차단의 발병원인은 다양하지만, 심실의 비대, 확장, 염증 같은 병리적 변화에 의해서도 발생할 수 있다. 개에서 우각차단은 정상적으로 나타날 수도 있다. 각차단이 있다고 해서 이와 관련된 임상증상이 나타나지 않는다. 따라서 원발요인에 대한 처치 이외에 별다른 치료가 필요하지는 않다. 하지만 각차단이 나타날 경우, 기저 심장 질환의 존재를 암시하므로 세밀한 심장검사가 필요하다. 또한 각차단의 파형이 악성 심실성 부정맥과 유사하므로 이를 혼동하지 않도록 해야 한다.\n심방정지(atrial standstill; silent atrium)는 심방 탈분극(P-wave)이 완전히 형성되지 않는 경우를 말한다(그림 14-19). 이러한 심방정지를 유발하는 대표적인 3가지 질환에는 (1) 중등도 이상의 고칼륨혈증(K1 .7.5 mEq/L), (2) 지나친 심방확장을 유발하는 심장질환과 (3) ECG상 허상(P파가 너무 낮거나 isoelectric성인 경우) 등이 있다. 고칼륨혈증은 가장 대표적인 심방정지의 원인이고 적절하게 칼륨 수치를 떨어뜨리면 정상 동박동으로 회복이 가능하다. 반면 심근증에 의해 과도하게 심방이 확장된 경우(예, 고양이 심근증)나 Springer Spaniel에서 유전적으로 나타나는 atrial parenchymal hypoplasia에 의한 심방정지의 경우, 치료가 어렵다. 원발요인이 무엇이든지 간에, 심전도상 QRS 모양은 정상이고 다소 느리거나 정상 심박동속도를 보이지만 어떤 전극(lead)에서도 P-파가 관찰되지 않는다.\nElectromechanical dissociation (EMD)는 엄밀하게 말하면 비정상적인 심장리듬은 아니다. EMD는 전기적 심실 탈분극이 기계적인 심실 수축을 유도하지 못하는 경우를 말한다. 심전도상 환자는 다양한 심전도 파형을 보이지만, 실제 환자는 무수축기 상태를 보이고 혈역학적으로 붕괴된 상태를 보인다. 따라서 맥박이 감지되지 않고, 환자는 의식이 없다. EMD는 심장마비 직전이나 숨지기 직전에 잘 나타난다. 치료는 가능한 원발요인을 교정하고 심근내 관류를 개선하기 위한 순환개선에 초점을 맞춘다. EMD는 심각한 심근 저산소증을 유발하므로 예후는 적극적인 치료에도 불구하고 매우 불량하다.\n기타 부정맥\n심실조기흥분 증후군(preexcitation syndromes)이란 동결절에서 유래한 정상충동이 심방 탈분극 후 둘로 쪼개져서 하나는 방실결절(전도 속도를 느리게 하는 브레이크 역할)로 들어가고 다른 하나는 심방과 심실 사이에 놓여 있는 보조전도로(브레이크가 없이 빠르게 전달되는 우회경로) 동시에 전달이 되어 심실을 조기에 흥분시키고 뒤이어 방실결절을 경유하는 동박동이 전달되는 경우를 말한다. 그 결과 심실이 pause 없이 조기에 흥분한다고 해서 심실조기흥분 증후군이라고 한다. 심방수축에 의한 심실충만이 없어지기 때문에 다소 심실충만압이 떨어지지만 혈역학적으로 큰 영향은 없다. 심전도상 우회경로의 충동과 방실결절을 경유하는 충동에 의해 두 개의 QRS가 만나서 생성되는 특징적인 델타(D)파가 QRS complex에 형성된다(그림 14-6, 그림 14-20). 일반적으로 조기흥분(preexcitation)은 우발적 소견으로 임상적으로 무증상인 경우가 많지만, 어떤 경우, 조기 심방 탈분극이 회기성 빈맥을 유도하여 심각한 부정맥을 유발하기도 한다. 비록 우회경로를 통한 충동은 빠르게 전달되지만, 불응기가 방실결절보다 길기 때문에 조기흥분에 의한 심방 탈분극은 하부로 전달되지 못하고 방실결절을 통한 충동이 심실로 들어가 정상적으로 심실을 탈분극시킨다. 심실의 탈분극이 끝나고 나면 우회경로는 재분극되고 충동을 전달할 수 있게 된다. 우회경로는 충동을 역방향 전도(심방으로)와 정방향 전도 (심실로)시킬 수 있고, 이러한 경로는 회기하게 된다(우회경로 → 심방 → AV node → 심실 → 우회경로). 이렇게 정방향으로 심방과 심실 사이에 macroreentry circuit이 형성되어 매우 빠르고 임상증상 (예, 허약, 운동불내성, 실신)을 유발하는 빈맥성 부정맥을 orthodromic(방실결절을 통해 정상적인 하부 전도계로 충동이 전달된다는 의미를 담고 있음) AV reentrant tachycardia (OAVRT)라고 부르고 이는 일명, Wolff-Parkinson White syndrome이라고 불린다. 이러한 질환이 있는 개는 분당 300회 이상의 아주 빠른 심박동을 보인다. 초기 치료는 vagal maneuvers를 통해 AV 전도 속도를 떨어뜨려 보는 것이다. 이렇게 하여 회기되는 조기박동의 사이클을 깰 수가 있다.\nHyperkalemia(고칼륨혈증) 칼륨은 심장에 있어서 감기약 같은 존재이다. 적정농도에서 칼륨은 phase 3/4를 조절하여 심실 재분극기를 유도한다. 하지만 혈중 농도가 너무 높을 경우, AV 전도속도를 억압하고, SA node의 pacemaking 자체를 차단하여 atrial standstill이나 ventricular fibrillation을 유발한다. 만약 혈중의 칼륨 농도가 중등도로 상승할 경우, phase 3에 작용하는 IKr 채널(phase 3 구성에 대부분을 차지하고 IKs 채널은 극히 일부만 차지)의 action potential이 강하고 빠르게 일어나기 때문에 QT 간격이 짧아지고 T파의 전압이 갑자기 상승하는 tent T파가 관찰된다. 하지만 심실의 bundle branch를 통과하는 속도가 크게 감소하기 때문에 전체적으로 보면 QT 간격이 지연된다. 혈중 칼륨 상승이 아주 심할 경우, 동결절의 억압이 심해져서 atrial standstill 같은 SA node의 pacemaking의 완전 차단 같은 소견이 관찰된다. 심전도상 소견(그림 14-21)은 다음과 같다: (1) P파의 진폭 감소나 P파의 소멸 및 PR 간격의 연장, (2) QRS의 지속시간 연장, (3) QT 간격의 지연, (4) 심박수의 느려짐, (5) Tall & spike T파, (6) R파의 강도 감소, (7) P파의 소실이 가장 특징적인 진단의 포인트이다(Precordial lead를 이용하면 더 쉽게 관찰된다). 발병원인으로는 Addison’s disease, 폐쇄성 비뇨기 질환, 핍뇨성, 무뇨성 신장 질환, 산성증, 제어가 되지 않는 당뇨병성 케톤증 등이 있다. 치료는 부정맥에 대한 치료보다는 고칼륨혈증을 치료하는 데 중점을 두고 칼륨이 교정되면 부정 박동이 정상 동박동으로 회복될 수 있다. 따라서 치료는 원발요인을 제거하고 sodium bicarbonate(개, 고양이: 1~2 mEq/kg을 천천히 정맥 주사) 또는 insulin with 5% dextrose을 이용하여 혈중 칼륨치를 떨어뜨린다. Calcium gluconate는 혈중 칼륨 농도를 떨어뜨리는 데 관여하지 않지만, 고칼륨혈증에 의한 심장 손상을 방지하기 위해 사용된다(개, 고양이: 0.5 mg/kg을 천천히 정맥 주사). 생리식염수 수액 역시 혈중 칼륨 농도를 떨어뜨리는 데 도움이 된다. 고칼륨혈증에 의한 atrial standstill과 질병에 의한 silent atrium(예, Springer spaniel)을 감별해야 한다.\nHypokalemia(저칼륨혈증) 발생기전은 hyperkalemia의 정반대 현상 때문이고, 칼륨 채널의 action potential을 감소시키기 때문에 QT 간격이 지연되고 flattened T파가 관찰된다. 하지만 심실의 전도속도를 빠르게 하기 때문에, 전체적으로 보면 QT 간격의 연장 소견은 잘 나타나지 않는다. 때문에 진단에 가장 중요한 것은 QT 간격 지연보다는 ST segment의 depression이 오히려 중요하다. 심전도상 소견은 다음과 같다: (1) P파의 높이가 약간 상승하고(pseudo P pulmonale), (2) QRS 진폭감소가 3.0 mEq/L 이하이면 나타나기 시작하고, (3) QT 간격이 지연되며, (4) ST segment가 저하되며, (5) T파의 진폭이 감소한다(Flattened T).\nHypercalcemia/hypocalcemia(고/저칼슘혈증) 칼슘 채널은 심실 탈분극기의 Phase 2에 중요한 역할을 하는 전해질이다. 칼슘의 경우, 심근세포 내로 유입되면 심근 세포가 수축하는 심장에 있어서 로켓 건전지 같은 역할을 한다. 혈중 칼슘 농도 상승은 Q-T 간격을 단축시키는데, 이는 증가된 혈중 칼슘 농도 때문에 심장이 보다 정상보다 빠르게 흥분하기 때문이다. 만약 혈중 칼슘 농도가 낮을 경우, 이와 정반대의 현상이 일어난다. 하지만 quinidine 중독과 달리, 칼슘은 phase 2에 영향을 주므로 T파의 모양 자체에는 변화가 없고 단지, QT 간격에만 영향을 준다(그림 14-21).\nDigitalis 중독 Digitalis 중독에 의한 두 가지 주요 발생기전은 (1) digitalis가 미주신경을 자극하여 동결절에서 방실결절로 전도를 지연시키거나 차단하기 때문이고, (2) digitalis가 ectopic pacemaker를 과자극시켜서 조기수축성 이소박동에 의한 빈맥성 부정맥을 유발하기 때문이다. 때때로 이 두 기전이 복합 작용하여 빈맥성 부정맥과 AV block이 동시에 일어나기도 한다(그림 14-22). 심전도상 주요 소견은 다음과 같다.\n- Ventricular tachyarrhythmia(가장 대표적이고 치명적)\n- Paroxysmal atrial tachycardia with AV block(그림 14-22)\n- SA exit block이나 방실전도차단(AV block)\n심근 저산소증/허혈증 저산소증에 관련한 특이적인 심전도 소견은 없다. 하지만 ST segment의 변화를 통해 마취와 관련된 급성 허혈 상태를 예측하는 데 도움이 된다. 심근허혈과 관련하여 다음과 같은 심전도 소견이 나타날 수 있다: (1) Wide QRS, (2) ST segment의 하강 또는 상승(그림 14-23), (3) Tall T파(정상은 QRS의 1/4 이하이다), (4) Notched R파(MIMI), (5) Low QRS, (6) Bundle branch block이 있을 경우 QRS 모양의 이상소견.\n특발성 심장 전도장애 수의학에서 여러 가지 종류의 특발성 부정맥(대부분 유전성 원인으로 추정됨)이 발생하지만 현재까지 잘 알려진 특발성 부정맥으로는 (1) German shepherd의 급사 증후군, (2) Boxer의 급사 증후군, (3) Miniature Schnauzers의 sick sinus syndrome, 4) English Springer Spaniels의 atrial standstill 같은 질환이 잘 알려져 있다.\n"
}