{"title": "증례로 보는 소동물 심장학 2판", "author": "현창백 2e", "publisher": "(주)범문에듀케이션", "department": "내과", "disease": "28\n이첨판 폐쇄부전증\n(좌심방 감압술)\nMitral valvular insufficiency\n(Left atrial decompression)\n 환자정보\n환자는 12살의 중성화 암컷 비글 믹스로 지역병원에서 ACVIM C 단계의 심부전을 동반한 이첨판 폐쇄부전증으로 오랜 시간 관리를 받고 있었던 상태이다. 환자는 기침과 운동불내성 간헐적 빈호흡 증상을 보였다. 환자는 최근 들어 약물로 조절되지 않는 재발성 폐수종을 앓고 있는 상태였다. 환자는 하루 걸러 한 번씩 폐수종이 재발되어 입원 치료를 받았고, 입원 당시 furosemide와 dobutamine CRI 처치와 산소 치료를 받았다. 환자의 마지막 경구 투여 약물은 furosemide 3 mg/kg q12h, enalapril 0.5 mg/kg q12h, sildenafil 2 mg/kg q8h, pimobendan 0.5 mg/kg q12h, spironolactone 1 mg/kg q12h이었다.\n 신체 검사\n환자는 좌심첨부 수축기 역류성 심잡음(5/6)이 청진되고 수축기 혈압은 112 mmHg이었다. 그 밖에 신체 검사상 이상 소견은 관찰되지 않았다.\n 진단 검사\n 실험실 검사\n환자는 CBC상 이상 소견은 관찰되지 않았고 지속적인 panting에 의한 호흡성 알카리증을 암시하는 소견이 관찰되었다(혈액 가스 검사상 pH 7.54, pCO2 25.1 mmHg). 혈액 생화학 검사상 BUN (81 m g/dL)과 creatinine (2.3 mg/dL) 상승이 관찰되었지만 SDMA 수치는 정상이었다(12 mg). 그 밖의 이상 소견은 관찰되지 않았다. Biomarker 검사상, NT-proBNP 2308  (RR 0-900)로 심부전을 암시하는 소견을 보였다.\n 심전도 검사\n동성 리듬으로 좌심종대 패턴과 심근 허혈을 암시하는 ST segment slu rring 소견이 관찰되었지만 이상 박동은 관찰되지 않았다(HR 155 bpm).\n 흉부 방사선 검사\n흉부 방사선상, 심종대(VHS 12.5, VLAS 3.5, RLAS 3.0)과 심한 좌심방 확장이 관찰되었고 좌측 후폐엽에 뚜렷한 침윤이 관찰되었다. 폐정맥의 노장이 두드러졌으며, 폐문 주위에서 좌측 주기관지 압박이 뚜렷했고 기관 복측 거상이 뚜렷하게 관찰되었다.\n 심장초음파 검사\nLA/Ao SX는 2.74 (ISACHC III)로 측정되었고 LVIDdN은 2.99(정상 범위 1.6 이하), LVIDd/Ao 3.44 (ISACHC III)로 측정되었다. 이러한 소견은 말기 단계 심부전을 암시한다. 컬러 도플러 검사상 좌심방으로 역류되는 모자이크성 혈류가 관찰되었고, vena contracta (VC) 길이는 1.3 mm로 측정되었다. 환자의 VCL:Ao는 0.08로 기준치인 심한 MR을 암시하는 기준치인 0.24보다 작았다. PW 도플러 검사상 이첨판 혈류 E-peak 속도는 1.91 m/sec (ISACHC III)이었으며, CW 도플러 검사상 고속의 이첨판 역류 혈류를 확인할 수 있었다. TDI 도플러 검사를 통해 septal E/E’ 17.07과 평균 E/E’ 13.76으로 울혈성 심부전을 암시하는 소견을 확인할 수 있었다. 이첨판 혈류의 PW 도플러 검사상 IVRT는 36 msec로 크게 단축되어 있고(기준치 45 ms 이상), E/IVRT는 5.3(기준치 E/IVRT 2.5 이하)으로 울혈성 심부전을 나타내는 소견을 보이고 있다. CW 도플러 검사상 경미한 삼첨판의 역류(1.2 m/sec)가 관찰되었고 폐동맥 단축단면에서 MPA을(를) 실시한다Ao 직경비는 1.12이고 RPA:Ao 직경비는 0.69로 경미한 폐동맥 혈관계 확장소견이 보였다. 폐동맥 단축단면에서 CW 도플러 검사로 측정한 폐동맥 역류 속도는 1.6 m/s로 경미한 폐성 고혈압을 나타내고 있었다.\n 치료 및 환자 관찰\n상기 영상 판단 검사를 토대로 환자는 ACVIM D 단계의 심부전 증상을 보이는 CMVI로 판단되었고 경미한 폐성 고혈압을 동반한 상태로 판단하였다. 비록 혈액 검사에서 IRIS II단계의 질산혈증 소견이 관찰되었지만 SDMA 농도가 정상 수준이고 과량의 이뇨제 복용 병력을 고려하여 신전성 질산혈증으로 간주하고 신부전을 중심으로 한 처치는 고려하지 않았다. 환자의 흉부 방사선상 폐수종이 있고 팬팅을 하는 등 호흡 곤란 증상을 보여서 입원하여 다음과 같은 처치를 실시하였다. 환자의 수축기 혈압이 112 mmHg로 높지 않은 점을 고려하여 sodiu m nitroprusside 처치는 하지 않았고, butorphanol 0.2 mg/kg IV, dobutamine 5 mg/kg/min IV  CRI와 furosemide 2 mg/kg bolus IV 투여 후 0.66 mg/kg/hr IV CRI를 투여한 후 산소케이지에서 환자를 넣은 뒤 1시간 간격으로 체온, 호흡수, 심박수와 혈압을 모니터하였다. 환자는 응급 치료법 4시간 뒤에 호흡수가 40회 이하로 떨어졌고 이후 촬영한 흉부 방사선 사진에서 좌측 후엽에 경미한 침윤을 제외한 폐엽의 침윤 소견은 소실되어 있었다.\n환자는 계속 입원하여 다음과 같은 경구 처방으로 3일간 관리하였다. Pimobendan 0.5 mg/kg TID, torsemide 0.3 mg/kg BID, spironolactone 2 mg/kg BID, isosorbide dinitrate 0.5 mg/kg TID, enalapril 0.5 mg/kg BID, aminophylline 10 mg/kg BID, furosem ide 2 mg/kg, BID(하루 중 경구 약물 투여 중간에 각각 1회씩 SC 투여). 환자는 이후 더 이상 폐수종이 재발하지 않아서 상기 처방을 가지고 퇴원하였고 1주일간 집에서 조절한 후 좌심방 감암술을 위해 다시 내원하였다.\n재내원 당시 흉부 방사선상 심종대 소견은 개선은 관찰되지  않았지만 더 이상의 미만성 폐침윤 소견은 관찰되지 않았다. 하지만 좌측 후폐엽의 침윤 소견은 여전히 지속되고 있었다. 심장 초음파 검사상 LA/Ao Sx는 2.78로 측정되었고 M-mode상 LVI Dd는 44 mm이고, LVIDdN은 2.49, LVIDd/Ao 2.69였다. 이러한 소견은 초진 시 측정한 심초음파 영상 소견에 비해 좌심방 종대는 별다른 개선이 없지만 좌심실 이완말기 직경이 크게 감소했음을 보여주고 있었다. PW 도플러 검사상 이첨판 혈류 E-peak 속도는 1.21 m/sec이었고 TDI 도플러  검사상 lateral E/E’ 8.6으로 좌심방압이 20 mmHg 이하로 유지되고 있음을 보여주었다. 보호자 진술에 따르면 환자는 수면 시에도 호흡수가 30회 이하로 유지되고 일상 생활에 큰 어려움은 없었다고 했다.\n환자의 vital signs이 모두 정상 수준으로 유지되었고 재내원 당시 수축기 혈압이 130 mmHg 이상으로 유지되어 있어서 좌심방 감압을 위한 심방중격절개술(atrioseptotomy)을 실시하였다. 환자는 butorphanol (0.2 mg/kg, IV)과 midazolam (0.1 mg/kg, IV)으로 전신마취하고 alfaxalone (2 mg/kg, IV)으로 마취를 유도한 후 기관내 삽관을 실시하고 isoflurane 1~4%로 마취를 유지하였다. 8 Fr introducer를 경정맥에 장착 후 3.3 mm flexible endoscope를 이용하여 심방 중격을 확인하고 10 mm bal loon catheter를 이용하여 foramen ovale에서 인공적인 심방 결손을 만들었다. 환자는 시술 직후 바로 마취에서 회복하였고, 산소방에서 하루 입원 후 퇴원하였다. 이 기간 동안 경구 투여약물만 시간에 맞추어 투여하였다. 환자는 중간에 맞히던 furosemide 피하 주사 처치를 중단하고 pimobendan 0.5 mg/kg TID, torsemide 0.3 mg/kg BID, spironolactone 2 mg/kg BID, isosorbide dinitrate 0.5 mg/kg TID, enalapril 0.5 mg/kg BID, aminophylline 10 mg/kg BID만을 1주일간 처방한 후 퇴원시켰다.\n환자는 다시 1주 뒤에 종합적인 심장 재검사를 위해 내원하였다. 신체 검사상 별다른 차이가 없었지만 수축기 혈압이 120 mmHg으로 안정적이었다. 환자의 신장 수치는 BUN 54 mg/dl, creatinine 1.1 mg/dl로 감소하였고 SDMA는 10으로 정상 수준으로 감소하였다. 전해질 검사상 나트륨, 칼륨, 염소, 인, 칼슘 수치는 모두 정상이였고, 흉부 방사선상 , 심종대 소견도 개선되고 이전에 있었던 좌측 후엽의 침윤 소견이 완전히 소실되어 있었다. 또한 복배상에서 관찰되던 전폐엽 정맥의 확장 소견도 더 이상 관찰되지 않았다.\n심장 초음파 영상 검사에서 좌심방과 우심방 사이의 션트 혈류가 관찰되었고 션트의 방향은 좌심방에서 우심방으로 유입되는 혈류였으며 결손부위의 최대 직경은 8 mm로 측정되었다.\n시술 1주일 뒤 촬영한 심장 초음파 영상 컬러 도플러 검사상, 좌심방의 혈류가 우심방으로 유입되고 있고 션트의 직경은 8 mm로 측정되었다. 대동맥 단축단면에서 측정한 LA/Ao는 1.99로 측정되어서 시술 전 2.78에 비해 크게 감소된 상태였다. 하지만 좌심실 내강의 직경은 LVIDd 46.2 mm, LVIDdN 2.43과 LVIDd/Ao 3.14로 시술 직전 측정한 결과와는 큰 차이가 없었지만, 초진 내원 직후 측정한 직경에 비해 크게 감소된 상태였다. PW 도플러 검사상 이첨판 혈류 E-peak 속도는 1.25 m/sec로 내원 당시(1.91 m/s)보다 크게 감소되어 있었고, TDI 도플러 검사상 lateral E/E’ 6.6 및 평균 E/E’ 8.43으로 좌심방에 압력부하가 완전히 사라져 있었다(정상 E/E’ 9 이하). 이첨판 혈류의 PW 도플러 검사상 IVRT는 67 ms로 거의 정상 수준을 보였고, E/IVRT는 1.86으로 좌심방압의 상승을 암시 하는 소견이 모두 소실되어 있었다. PW 도플러 검사로 폐동맥 혈류를 측정한 결과 A T 50 ms, ET 117 ms, AT/ET 0.42로 폐성 고혈압을 암시하는 소견은 관찰되지 않고 있다.\n환자는 시술 이후 활동량이 크게 개선되어 산책도 가능한 상태가 되었으며 , 식욕이 크게 증가되어 시술 전보다 체중이 500 g 증가되어 있었다. 수면시 호흡수는 20회 이하로 꾸준히 유지되었고, 심장병 이전의 활발한 성격으로 회복한 상태라고 보호자는 진술하였다. 환자는 동일한 처방을 한 달간 실시한 후 점진적인 약물 감량 프로그램을 실시하기로 했다.\n 증례 고찰\n본 증례는 만성 이첨판 폐쇄부전증에 의한 재발성/난치성 폐수종 환자를 좌심방 감압술로 치료법한 증례이다. 환자는 내원 이전 병원에서 고농도의 이뇨제 처치와 강심제 처치에도 불구하고 폐수종이 하루 걸러 재발하는 상태였다. 내원 당시 흉부 방사선 검사 에서도 폐수종을 보이고 있었다. 내원 당시 심초음파 검사상, LA/AoSx는 2.74로 ISACHC III 단계의 심각한 좌심방 확장이 있었고, LVIDdN은 2.99(정상 범위 1.6 이하), LVIDd/Ao 3.44로 ISACHC III 단계의 좌심실 확장 소견을 동반한 상태였다. 도플러 검사상 이첨판 혈류 E-peak 속도는 1.91 m/sec, TDI 도플러 검사상 평균 E/E’ 13.76으로 심각한 좌심방압 상승을 암시하는 소견을 보이고 있었다. 또한 IVRT와 E/IVRT는 각각 36 msec와 5.3으로 폐수종이 있는 환자 수준의 좌심방압 상승이 있었다. 이러한 단계의 환자는 ACVIM 가이드라인 기준으로 stage D 단계로 입원 처치가 필요한 환자를 나타내고 있었다. 환자는 심각한 좌심방 확장에 따른 type II 폐성 고혈압 소견을 동반한 상태였다.\n이러한 환자는 좌심방 감압술이 증상 개선에 큰 도움이 되는 환자군에 속한다. 하지만 이러한 환자을 중심으로 한 마취는 table death의 위험이 높기 때문에 즉각적인 시술보다는 시술에 앞서 환자를 안정화시키는 것이 더 중요하다. 따라서 환자는 입원 후 공격적인 이뇨제 처치와 강심제 처치로 폐수종을 완화시키고 환자의 vital signs을 안정화시키는 것이 더 중요하다. 따라서 환자는 FOND (furosemide, oxygen, nitrate, dobutamine) 기법을 이용한 처치가 계획되었으나 수축기 혈압이  낮은 관계로 sodium nitroprusside 처치를 제외한 FOD (furosemide, oxygen, dobutamine) 처치를 실시하였다. 다행히 환자의 상태는 안정화되었고, isosorbide dinitrate(정맥성 혈관확장제)와 torsemide (loop성 이뇨제)를 포함한 경구용 약물로 조절가 가능한 상태가 되었다. 폐성 고혈압을 중심으로 한 2020년 ACVIM 가이드라인에 따르면 울혈성 심부전 환자에서 폐수종이 있을 경우, sildenafil 사용을 금지하고 있다. Sildenafil 투여로 폐동맥 혈관이 확장되면 폐정맥으로 유입되는 혈류를 증가시켜 폐수종을 악화시키기 때문이다. 따라서 비록 환자가 경미한 폐성 고혈압 소견이 있었지만, 우심방 확장이나 복수 같은  소견이 관찰되지 않았기 때문에 경구용 약물에서 sildenafil 처방을 제외시켰다. 대신 정맥성 혈관 확장제인 isorsob ide dinitrate를 대체 투여하였다. 환자는 처방 1주일 뒤 심초음파 영상 검사에서 심방 확장 소견은 개선이 없었지만 좌심방압을 나타내는 지표인 E/E’의 큰 폭의 감소가 있었고, 좌심실 내강의 직경이 크게 감소되었다. 이는 좌심실에 걸린 전부하의 감소를 의미했다.\n환자의 상태가 마취를 견딜 수 있는 수준으로 완화되어서 butorphanol, midaz olam, alfaxalone 및 isoflurane을 합제로 사용하는 마취를 실시하였다. 이러한 마취법은 이미 저자의 실험실에서 수의 마취학회지에 발표한 바 있는 심혈관계 감염 환자에게 가장 안정적인 효과를 보였던 마취법으로 빈맥이나 저혈압을 유발하지 않는 심혈관계 환자 전용 마취법이다. Alfaxalone은 propofol과 유사한 마취유도와 부드러운 마취회복을 유발하는 반면 propofol과 달리 저혈압을 유발하지 않는다. 또한 etomidate와 유사한 심혈관계 보존 효과가 있는 반면 etomidate처럼 각성 시 근강직 같은 부작용을 유발하지 않는다. 환자의 경우에도 마취 직후 바로 깨어나서 보호자 면회시 꼬리를 흔드는 등 부드럽고 빠른 각성을 보였다.\n좌심방 감압을 위한 심방중격절개술은 저자가 2015년부터 악성 폐수종이 있는 말기 CMVI 환자를 대상으로 실시하던 치료법이다. 최근 미국에서도 이와 유사한 시술법이 VCA동물병원의 Dr. Allen 등에 의해 시술되고 있고 2019년 ACVIM 정례 학회에서 발표되어 심장 전문의들 사이에서 큰 주목을 받았던 시술법이다. 이 시술의 배경은 지나치게 높아지는 좌심방압을 그대로 방치하면 지속적으로 폐정맥압을 높여 폐수종을 유발하기 때문에 심방중격에 인의적인 결손을 만들어 좌심방 내 압력을 우심방으로 우회시키는 원리를 가지고 있다. 우심방/우심실은 좌심방/좌심실과 달리 수동적 순환계로 신장력이 높고 low pressure chamber로 높은 compliance를 보이는 분방이다. 따라서 심장에 걸리는 용적 과부하에 저항하는 장기로 좌심계에 비해 울혈성 심부전이 되려면 많은 시간이 필요하다. 통상 우심계에 고압이 걸리면 폐성 고혈압이라는 합병증이 발생한다. 하지만 Dr. Allen에 따르면 3년 이상 시술한 뒤에도 심각한 폐성 고혈압이 합병증으로 발생하는 경우가 없었다고 한다. 본 증례에서도 시술 후에 우심계로 들어가는 인공적 션트가 만들어졌음에도 폐성 고혈압은 악화되지 않았다.\n시술 1주일 뒤 다시 내원했을 때 보호자는 높은 만족도를 보였다. 환자는 시술 이후 활동량이 크게 개선되어 산책도 가능한 상태가 되었으며, 식욕이 크게 증가되어 시술 전보다 체중이 500 g 증가되어 있었다. 수면 시 호흡수는 20회 이하로 꾸준히 유지되었고, 심장병 이전의 활발한 성격으로 회복하여 보호자가 크게 만족하는 상태였다. 혈액 검사상 신장 수치도 정상 수준을 유지했고, torsemide 처방 후 우려되었던 나트륨이나 칼륨수치 저하도 관찰되지 않았다. 초음파 영상 검사에서 좌심방과 우심방 사이의 션트 혈류가 지속적으로 관찰되었고 션트의 최대 직경은 8 mm로 밸룬 직경 10 mm보다 약간 작은 상태였다. 대동맥 단축단면에서 측정한 LA/Ao는 1.99로 측정되어서 시술 전 2.78에 비해 크게 감소된 상태였고, 좌심방압을 나타내는 모든 지표들은 크게 개선되어 있었다[E-peak 1.25 m/sec(내원 당시 1.91 m/s), E/E’ 8.43(내원 당시 13.76), IVRT 67 ms(내원 당시 36 ms), E/IVRT 1.86(내원 당시 5.3)]. 폐동맥 혈류를 이용한 폐성 고혈압 유무를  파악하기 위한 검사에서도 AT/ET 0.42로 폐성 고혈압을 암시하는 소견은 관찰되지 않았다. 특히, 좌측 후폐엽에 항상 남아있던 폐엽의 침윤소견도 완전히 소실된 상태였다.\n본 증례에서 볼 수 있듯이 중재적 시술을 통한 좌심방 감압술은 말기 이첨판 폐쇄부전증 환자의 치료법에 새로운 대안적 치료법이다. 비록 개심을 통한 이첨판 폐쇄부전증의 치료법이 개발되어 있지만, 비용과 수술 중 사망률을 고려하면 이 시술은 비용적 측면과 수술 위험성에서 큰 이점이 있는 치료법이다. 개심수술과 달리 장기간 입원치료법이 필요하지도 않고 많은 인원과 장비가 필요하지 않다. 환자의 수술 후 경과는 매우 양호하고 폐수종은 장기간 재발되지 않고 이뇨제를 포함한 심장 약물 투여량을 줄일 수 있어서 심부전에 따른 합병증 조절에도 큰 도움이 된다. 다만 심방중격에 인의적 천공을 만들기 위해서는 고도로 숙련된 전문의에 의해 환자 상태를 잘 모니터하면서 시술해야 한다는 단점이 있다. 심방중격을 천공하는 과정에 심방세동이라든지 심실성 빈맥이 발생할 수 있고, 정확하게 formamen ovale가  아닌 부위에서 천공을 시도하다가 우심방 파열을 유발하면 환자가 table death될 수 있다는 점을 명심해야 한다.\n\n"}