{
    "title": "증례로 보는 소동물 심장학 2판",
    "author": "현창백 2e",
    "publisher": "(주)범문에듀케이션",
    "department": "내과",
    "disease": "35\n이첨판 폐쇄부전증\nTranscatheter Edge To Edge Mitral\nValve Repair (TEER) V-clamp\n 서론\n이첨판 폐쇄부전증의 치료는 주로 내과적인 심부전 관리에 중점을 두지만 최근 이첨판 성형수술을 통한 치료가 일본을 비롯한 우리나라에서도 이루어지고 있다. 다만 개심수술(open heart surgery)이 숙련된 의료팀과 심장우회(by-pass) 장비가 필요하고 고가의 의료비용과 입원기간이 필요하기 때문에 널리 이루어지고 있지는 않다. 사람의 경우, 이미 비외과적인 판막 복원술(transcatheter edge to edge mitral valve repair; TEER)이 개발되어 임상에 적용되고 있고 우리나라에서도 서울 아산병원에서 mitral clip을 이용한 TEER 시술이 성공적으로 이루어지고 있다. 2020년 중국의 Hongyu Medical에서는 V-Clamp를 이용한 TEER 시술법을 개에서 처음으로 적용한 사례를 발표했고, 2022년 그리고 2023년 미국 콜로라도 대학의 Orton 교수팀은 ACVIM 포럼에서 V-Clamp를 이용한 이첨판 폐쇄부전증의 치료 증례들을 발표하고 소개했다. 이 시술방법은 최소 침습적인 방법으로 심장내 이첨판에 접근하여 V-Clamp라는 device를 이용하여 이첨판 판막을 스태플로 고정하여 이첨판의 역류양을 현격하게 줄이는 시술법이다. 개심수술에 비해 TEER 시술은 table death의 위험성이 낮고 수술 시간이 짧으며, 화복속도가 빠른 장점이 있다. 하지만 이러한 시술법은 소형 견종(5 kg 이하)이나 판막이 심하게 손상되었거나 건삭파열이 심한 환자에서 적용하기 힘든 단점이 있어서 5 kg 이하의 소형 견종이 주요 환자로 내원하는 우리나라 실정에는 맞지 않는 시술법으로 간주되었다. 하지만 본 증레에서는 갑작스런 건삭파열로 심부전이 악화된 5 kg 이하의 소형 견종에서 성공적으로 V-Clamp를 이용하여 치료한 증례를 다루고 있다.\n 환자정보\n 환자정보\n10세령 암컷 말티즈(체중 3.5 kg)\n 병력 및 신체검사\n환자는 지역병원에서 ACVIM B2 단계의 이첨판폐쇄부전증과 폐고혈압으로 진단되어 내원한 환자로 pimobebdan과 enalapril로 7개월간 관리를 받고 있었는데 심부전이 악화되고 torsemide 0.1 mg/kg, q24h를 추가하여 관리하던 중 갑자기 심부전이 악화되어 내원한 상태로 진료를 보았다. 신체 검사 상, 좌심첨부에서 범수축기성 역류성 심잡음(grade IV/V)이 청진되었고, 수축기 혈압은 150 mmHg, 심박수 ~200 bpm, 호흡수 27회이고 대동맥 박동이 pulsus alternans 형태를 보였다.\n 실험실 평가\n실험실 검사상 특이 소견은 없었다.\n ECG검사\n심전도상 리듬은 동성리듬이었고 심박수가 175~205 beats per min으로 동성 빈맥 상태였다.\n 방사선 검사\n흉부 방사선상 심종대(VHS 12.2)와 뚜렷한 좌심방 확장(VLAS 3.1)과 좌심실 확장 소견을 보였다. 폐에 침윤은 없었지만 기관용골 부위의 기관지 압박과 ventral bend의 소실 및 거상 소견이 뚜렷하게 관찰되었다.\n 심초음파 검사\nLA/Ao SX는 1.99 (ISACHC II)로 측정되었고 LVIDd은 30.8 mm, LVIDd/Ao 2.61 (ISACHC III)로 측정되었다. PW 도플러 검사상 이첨판 혈류 E-peak 속도는 1.11 m/sec (ISACHC II)이었으며, CW 도플러 검사상 고속의 이첨판 역류 혈류를 확인할 수 있었다. TDI 도플러 검사를 통해 septal E/E’ 8.54과 lateral E/E’ 10.09로 평균 E/E’ 9이상으로 좌심방압 상승을 암시하는 소견이 관찰되었다. 컬러 도플러 검사상 좌심방으로 역류되는 모자이크성 혈류가 관찰되었고, 2D 심초음파 검사상 이첨판의 A1 판막 소편을 지지하는 인대의 파열이 확인되었다. 이첨판륜의 직경은 11.6~14 mm까지 빔 각도에 따라 다양하게 측정되었지만 판막 소편의 길이는 모두 6 mm 이상이었다. 이러한 소견을 토대로 환자의 상태가 건삭 파열에 의한 갑작스런 심부전 악화 상태로 판단하였고 그로 인하여 경미한 심낭수가 발생한 것으로 판단 하였다. 지역병원의 진단과 달리 환자는 우려할 정도의 폐고혈압 상태는 아니였고 다만 경미한 삼첨판 판막변성만 있는 상태였다.\n 치료 및 환자 관찰\n환자는 흉부 방사선상 심종대 및 좌심방 종대, 심초음파상 심방과 심실 확장, 좌심방압의 압력증가를 암시하는 소견 및 이첨판 역류 소견 등을 토대로 ACVIM C (ISACHC IIIa) 단계의 울혈성 심부전과 경도의 심낭수를 동반한 이첨판 판막 폐쇄부전증으로 진단되었다. 심낭수 양이 많지 않아서 심낭수 제거는 시도되지 않았고, 이뇨제를 증량하여(torsemide 0.1 mg/kg q24h에서 0.1 mg/kg q12h) 환자 상태를 안정화시켰다. 이첨판 건삭의 부분 파열로 심부전이 갑작스럽게 악화되었기 때문에 보호자에게 TEER 시술을 권했고, 환자는 상태가 안정화된 1주일 뒤에 V-clamp를 이용한 TEER 시술을 실시하였다. TEER 수술에 앞서, 이첨판 소편의 길이와 이첨판륜의 길이를 심초음파로 측정하여 14 mm (No. 2 V-clamp)를 선정하였다. 또한 수술 관련 부작용을 최소화하기 위해 시술 하루 전부터 dalteparin 전처치를 실시하였고 시술 당일에도 동일한 예방처치를 하였고 위험한 심실성 부정맥 발생을 막기 위해 lidocaine을 CRI로 처치하였다. 좌측 심첨을 노출하기 위해 좌심벽을 8 cm 정도 절개하였고, 2-0 polypropylene monofilament로 심첨부를 purse-string suture한 후 그 자리에 14F sheath (APT Medical Tech, Hunan, China)를 좌심첨으로 삽입하였다. ValveClamp mitral valve repair system을 미리 장착한 sheath를 통해 좌심방으로 삽입한 후 clamp를 이첨판륜에 위치하여 판막 소편을 스테이플로 집듯이 포획하였다. 경식도 심초음파를 통해 역류량이 줄어든 것을 확인하고 clamp를 delivery system에서 분리하였고, 이후 sheath 부위를 결찰하고 흉벽을 봉합하여 수술을 마무리하였다. 환자는 시술 직후, fentanyl을 이용하여 진통처치를 하고 cefotaxime과 marbofloxacin을 이용하여 이차 감염을 예방하였다. 기존에 먹던 심장약물은 상태가 회복될 때까지 유지하였다.\n시술 다음 날 환자는 혼자 움직일 수 있을 정도로 안정화된 상태였지만 간헐적으로 idioventricular rhythm같은 부정맥이 관찰되었다. 하지만 흉부 방사선상 폐야에 침윤 소견은 관찰되지 않았고 심장의 크기도 수술전에 비해 감소된 상태였으면 시술에 사용된 V-Clamp의 음영이 시술직후와 차이 없이 동일한 위치에서 확인되었다. 심장초음파 검사에서도 LA/Ao SX는 1.54로 측정되었고 LVIDd은 26.7 mm, LVIDd/Ao 2.3으로 좌심방과 좌심실 트기가 모두 뚜렷하게 감소된 상태였다. PW 도플러 검사상 이첨판 혈류 E-peak 속도는 0.63 m/sec (ISACHC II)이었지만 이첨판협착증에서 볼 수 있는 pressure half time (PHT) 의 연장과 transmitral gradient를 확인할 수 있었다\n 컬러 도플러 검사상 좌심방으로 역류되는 모자이크성 혈류 역시 현격하게 감소되었다. 환자는 이뇨제 없이 pimobebdan과 enalapril만 처방하고 혈전 예방약인 clopidogrel를 하루 1회 처방한 후 퇴원시켰다. 환자는 시술 3개월뒤 재내원하였고 특별한 임상증상 없이 잘 지냈다고 한다. 흉부 방사선상 심장크기는 이전보다 더 작아져 있었고 기관의 ventral bend가 다시 관찰되었으며 clamp 역시 시술직후에 큰 변화를 보이지 않았다.\n 증례고찰\n이 증례는 V-Clamp를 이용한 TEER 시술이 개에서도 성공적으로 사용될 수 있으며 이첨판 질환으로 고통받는 개에서 효과적인 임상 치료일 수 있음을 보여고 있다. Orton 교수팀이 주장하는 것과 달리 5 kg 이하의 개에서도 적용이 가능했고, 경도의 건삭파열이 있는 증례에서도 적용이 가능했다. 시술 후 환자에서 LA/AO와 LVIDd/AO를 측정하여 관찰된 크게 감소한 좌심방과 좌심실의 크기 변화를 확인할 수 있었으며, transvalvular diastolic pressure gradients의 경미한 증가가 관찰되었지만, 이첨판 협착을 의심할 수준은 아니였다. 이 시술법은 사람의 mitral clip이나 expanded polytetrafluoroethylene (ePTFE) chordal implantation와 기능적으로 유사하며 이첨판 성형술 같은 개심술에 필요한 cardiopulmonary bypass가 필요하지 않다. ePTFE chordal implantation는 ePTFE 인공건삭을 손상된 판막에 고정하여 epicardium에 ePTFE 플리젯을 이용하여 고정하는 방법으로 개를 대상으로 한 소규모 연구에서 높은 수술 중 사망 및 수술 후 합병증이 기록되었다. 이와 달리, V-Clamp 장치를 이용한 TEER시술법은 기술적으로 더 간단하며 수술 중 합병증이 더 적게 발생한다고 알려져 있다. 한 연구에서도 실험적으로 실시하였을 때, 100% 생존율과 신속한 회복을 보였다고 하고, 콜로라도 대학팀에서도 높은 수술 성공율(26/28)을 보인 것으로 알려져 있다. 시술 실패는 1/28이였고, 시술 후 폐사는 2/28마리로 한 마리는 시술 4시간만에 폐사하였고 다른 한 마리는 72시간 뒤에 폐사하였다고 한다. 콜로라도 대학팀의 환자선택 기준은 심한 MR 환자로 MR fraction 50% 이상이며 중등도 이상의 좌심방(LA/Ao 2.1 이상)과 좌심실 확장(LVIDdN 1.9이상)이며 이첨판 혈류 속도 1.0 m/s 이상인 환자였다.\n이 시술의 성공률을 결정하는 주요 요소로는 환자의 심부전 상태와 판막 변성 정도인 것 같다. 현재까지 ACVIM D(ISACHC IIIB)에서 성공한 사례는 없어보이고 주로 ACVIM B2나 C 단계 환자에서 수술 성공률이 높은 것 같다. 현재 제조사에서 제시하는 시술에 적합한 환자의 기준은 1) 판막 두께 3 mm 이하, 2) 이첨판륜의 직경 13 mm 이상, 3) 양쪽 판막소편의 길이 6 mm 이상, 4) la/Ao 1.6 이상, 5) 두 판막이 닫혔을 때 갭이 2 mm 이하, 6) mitral stenosis가 없음(PG 2 mmHg 이하, MVA 2 cm2 이상), 7) 판막에 천공이나 석회화 같은 다른 병변이 없을 것, 8) 병적인 수준의 대동맥 역류나 삼첨판 역류가 없을 것, 9) 12세 미만, 10) 심전도나 심장 초음파상 다른 심각한 심장질환이 동반되지 않을 것 등이다.\n이 시술을 성공적으로 수행하기 위해서는 3차원 경식도 초음파와 C-arm이 필요하다. 이 시술의 핵심은 clamp를 이첨판륜 중앙에 수직으로 위치하여 두 판막소편을 스테이플로 찍듯이 포회하는 과정이다. 2차원 심초음파 이미징으로 clamp를 정확하게 센터에 위치하는 것은 어렵기 때문에 3차원 경식도 초음파검사가 반드시 필요하다. 또한 여러 번 반복해서 스테이플링을 시도할 경우, 판막에 손상을 가할 수 있다. 따라서 여러 번 반복하지 않고 1-2회 시도만으로 이첨판 소편을 제대로 포획하는 것이 중요하다.\n이 증례 이후 여러 마리의 환자에서 이 시술이 시도되었다. 시술의 성공은 시술 자체도 중요하지만 시술 후 한 달 정도 안정이 될 때까지 부정맥이나 혈전 같은 합병증이 생기지 않게 하고 심장 크기 감소에 따른 심장약물의 점진적인 감량 계획도 아주 중요한 요소이다. 시술 전후 헤파린(50 U/kg) 처치와 함께 clopidogrel을 3개월간 먹이는 것이 좋다. 다른 증례이지만 시술 1주일 만에 갑작스럽게 뇌경색 증상을 보인 환자가 있었고 이 환자는 dalteparin 처치와 pentoxiphylline같은 뇌혈류 개선제를 추가 처방하여 회복시켰고 이후 rivaroxaban을 병행투여 하고 있는 경우도 있었다. 흉관 튜브는 실헐이 관찰되지 않으면 시술 4시간 이후부터 제거가 가능하나 대다수 환자는 경도의 출혈성 삼출이 지속되어서 시술 1~2일 후 제거되었다. 다만 이 증례는 다음 날 흉관튜브가 제거되었다. 앞에서 언급한 idioventricular rhythm 같은 부정맥은 시술 직후에도 지속하였고 보통 1-2일간 lidocaine CRI를 하여 조절이 가능했다. 다른 증례에서는 시술후 미주신경성 서맥이 갑작스럽게 발생하여 야간에 실신을 하는 경우가 있었고, 이런 환자는 glycopyrrolate를 야간시간에 투약하여 조절할 수 있었다. 이 환자에서는 이런 소견이 관찰되지 않았다. 콜로라도 대학팀의 발표자료에서 보면 심각한 심방세동이 시술후에 발생한 적이 있고, 이런 환자는 sotalol 처치를 통해 안정화가 가능했다고 한다. 이 환자의 경우, 시술후 2주, 4주, 8주, 그리고 12주 모니터링을 통해 심장크기를 보면서 이뇨제를 단약하고 심장약물의 투약도 중단하였다. 이 환자의 경우, 시술 이후부터 좌심방의 크기가 줄어서 심부전관리에 이뇨제 처치가 필요 없어 단약을 하였고, 12주 이후에는 모든 심장약물의 투약을 중단하였다. 다른 환자의 경우, 심장의 크기가 충분하게 줄어들지 않아서 2~4주 간격으로 이뇨제 양을 줄여가면서 이뇨제를 완전히 단약한 경우도 있고, 아직까지도 저용량의 이뇨제를 처방받고 있는 환자도 있다. 다만 모든 환자에서 시술 후 처음 두 달간은 피모벤단 단독 또는 피모벤단 그리고 에날라프릴 합제를 투약했다.\n요약하면, V-Clamp를 이용한 TEER 시술은 개의 이첨판 폐쇄부전증에서 심방내 역류를 줄일 수 있는 획기적인 치료법이고, 이러한 환자들에게 개심술을 대체할 수 있는 새로운 치료법으로 사용될 잠재력이 크다. 하지만 아직 장기적인 안전성과 효과를 입증하기 위해 더 많은 데이터가 수집되어야 한다. 또한 시술의 성공을 위해 올바른 환자 선택과 시술후 환자 모니터링과 관리가 매우 중요하다.\n"
}