{"title": "44. 개 췌장염의 병인, 위험 요인 및 발병기전에 대한 새로운 통찰력", "author": "이임수", "publisher": "Wiley Periodicals LLC", "department": "내과", "disease": "44. 개 췌장염의 병인, 위험 요인 및 발병기전에 대한 새로운 통찰력: 임상 실습에 대한 잠재적 영향\n\n\n1. 소개\n자연발성 췌장염의 병인과 발병기전은 인간과 개 모두에서 잘 알려져 있지 않으며, 데이터는 주로 임상 질병을 중심으로 한 실험 모델 및 관찰에서 외삽됩니다. 실험 모델은 기계론적 통찰력을 제공합니다. 그러나 자연 발병은 훨씬 더 복잡하고 여러 유전적 및 환경적 요인에 의존할 수 있으며, 그 중 일부는 알려지지 않았을 수 있하였다.. 또한 동물 모델은 자연 감염과 직접적인 관련이 없을 수 있는 종 특이적 또는 병인별 데이터를 제공합니다. 의료적 관찰에도 한계가 없는 것은 아니며, 자연성 질병의 복잡성으로 인해 인과 관계 판단이 제한되는 경우가 많습니다. 더욱이, 판단 기준의 불일치와 시간이 지남에 따라 이러한 기준의 진화는 반려동물 종의 관찰 데이터 해석을 더욱 복잡하게 만들 수 있습니다. 본 연구에서는 데이터 유형의 조합을 활용하여 개 췌장염의 병인, 위험 요인 및 발병 기전을 중심으로 한 최신 이해와 임상 질병과의 관계를 검토할 것입니다.\n2. 췌장염의 병인과 잠재적 위험 요인\n췌장에 염증이 생긴 상태. 체계적인 문헌고찰과 메타 평가을 통해 담석이 인간에서 급성 췌장염의 가장 흔한 원인이며, 알코올성 췌장염(지리적 차이)이 그 뒤를 잇는 것으로 밝혀졌습니다. 1 세 번째로 흔한 원인은 특발성 급성 췌장염( AP)으로, 개에게 가장 흔한 원인으로 의심됩니다. 1 개의 췌장염 병인을 중심으로 한 연구는 제한적이라는 점에 유의하는 것이 중요합니다. cryptogenic AP라는 용어는 또한 개의 특정 병인에 대해 일반적으로 진행되는 판단 조사의 수준을 더 정확하게 반영 할 수 있습니다. 즉, 개의 췌장염은 기저 원인이 없기 때문이 아니라 잠재적인 기저 원인이 충분히 연구되지 않았기 때문에 특발성으로 분류될 수 있하였다..\n개의 AP을 중심으로 한 잠재적 위험으로 많은 요인이 확인되었습니다. 이러한 요인은 종종 임상 징후의 시작과의 시간적 연관성을 기반으로 설정되며, 이러한  위험 요인이 원인 관계를 나타내지 않을 수도 있다는 점을 고려하는 것이 중요합니다. 이러한 위험 요인은 식이 요인, 지질 장애, 약물 및 독소, 내분비병증 , 유전/품종 소인 및 기타 원인으로 분류할 수 있습니다(표 1 참조).\n표 1.\n개의 췌장염에 대한 제안된 위험 요인\n범주\t잠재적 위험 요인\n식이 요인\t고지방 다이어트 2 , 3 , 4\n\t특이한 음식 섭취 5 , 6\n\t테이블 찌꺼기 섭취 5\n\t쓰레기의 섭취 5\n약물/독소\tL-아스파라기나아제 7 , 8\n\t페노바르비탈과 브롬화칼륨 9 , 10 , 11 , a\n\t아자티오프린 12, 13, 14\n\t강화 설폰아미드 15\n\t유기인산염 12 , 16\n\t코르티코스테로이드, 12 , 17 , b\n\t후로세미드 12\n\t아토바쿠온/프로구아닐(말라론) 18\n\tN-메틸-글루카민(Meglumine), 19, b\n\t클로미프라민 20\n\t아연 21\n내분비병증\t부신피질기능항진증 12 , 22 , 23 , a\n\t갑상선 기능 저하증 12 , a\n\t진성 당뇨병, 12 , 24 , 25 , a , c\n유전/품종 소인\tSPINK 1 돌연변이, 26 , 27 , b\n\t급성: 테리어 품종, 미니어처 푸들, 닥스훈트, 코커 스패니얼, 알래스칸 말라뮤트, 라이카, 미니어처 슈나우저 12 , 28 , 29 , 30 , 31\n\t만성 : 무심한 킹 찰스 발바리, 콜리, 복서 32\n지질 질환\t고중성지방혈증 28 , 29 , 33\n잡다한\t바베시아증 34 , 35 , 36\n\t개 단핵구 에를리히증 37\n\t주혈흡충증 (Heterobilharzia americana) 38 , 39 , 40\n\t꿀벌 독 41\n\t유기산혈증 42\n\t면역글로불린 G4 관련 질환 43 , 44\n\t증가하는 연령 12\n\t비만/과체중 상태 5 , 12\n\t중성 상태 5 , 12\n\t이전 수술 5\n\t45형 간염/담관염\n\n참고: 개의 AP에 대한 잠재적 위험 요인. 이러한 요인들 중 많은 것들은 시간적 연관성에만 함축되어 있으며, 이러한 요인들 중 많은 부분을 중심으로 한 인과 관계는 확립되지 않았습니다. 또한, 참조된 연구에서는 AP을 중심으로 한 다양한 정의와 지표가 활용되었으며 AP의 임상 징후가 항상 주목되는 것은 아니었으므로 이러한 위험 요인 중 일부는 1차 임상 AP가 아닌 무증상 췌장 손상의 위험 요인을 나타낼 수 있습니다. 제안된 위험 인자와 췌장염 사이의 관계는 종종 의료적으로 결정하기 어렵고 일부 위험 요인의 경우 인과 관계의 방향을 결정할 수 없습니다.\na\n a2차 지질 이상이 원인일 수 있습니다.\nb\n모순되는 증거가 존재한다.\nc\n인과 관계의 반대 방향이 제안되었습니다.\n2.1. 식이 요인\n췌장에 염증이 생긴 상태.2 , 46 불행히도 고지방 다이어트를 구성하는 것을 중심으로 한 합의된 기준은 부족하다. 그러나 저지방 식단은 신진대사 가능한 에너지 기준으 로 지방을 20% 미만으로 함유하는 것으로 간주됩니다. 47 동물 모델은 AP의 발달에 있어 고단 백 및 지방 식단과의 연관성을 문서화합니다. 48 , 49 , 50 , 51 AP 발병에 대한 고지방 식단의 역할에 대한 추가 잠재적 증거는 특발성 간질 조절에 있어 케톤 생성 식단을 평가한 연구의 결과에서 비롯됩니다. 3 이 연구에서 케토제닉 식 단(지방 57%, NFE 5.8%, 조단백질 25%)을 섭취한 개 3/9명만이 췌장염에 걸렸고, 대조군(조지방 16%, NFE 54%, 조단백질 25%, 건조 물질)을 섭취한 개 31마리만이 췌장염에 걸렸하였다.. 3 이 연구는 초록 형태로 발표되었으며 에너지 기준으로 지방 함량을 계산하는 데 필요한 자료는 사용할 수 없습니다. 또한 췌장염 진단 방법은 보고되지 않았습니다. 보다 최근의 연구에서는 개의 췌장 리파제 면역 반응성(cPLI)의 혈청 농도을 중심으로 한 식이 성분의 효과를 전향적으로 진단했습니다. 52 이 연구에서는 유지 반려견 사료(지방 4.01g/100kcal, 조지방 16 %)와 저지방 반려견 사료(지방 1.55g/100kcal, 조지방 5%) 간에 혈청 cPLI 농도에 차이가 없었지만, 개들은 모두 건 강한 개였으며 어떤 식단도 지방 함량이 높은 것으로 간주되지 않는다는 점에 유의하는 것이 중요합니다. 52 본 연구는 식이 지방 함량이 혈청 cPLI 농도에 미치는 영향을 조사했지만,  이 연구는 고지방 식단이 췌장염 발병에 미치는 영향을 추론하는 데까지 확장될 수 없다. 또 다른 연구에서는 스트루바이트 용해 식단(5.7g/100kcal, 조지방 26.췌장에 염증이 생긴 상태. 4 대조군은 연구 설계의 일부로 사용되지 않았으며 췌장염 판단의 근거는 보고되지 않았습니다. 현재의 문헌을 감안할 때, 높은 수준의 식이 지방이 췌장염 발병에 미치는 영향을 중심으로 한 명확한 결론을 내릴 수는 없습니다. 이러한 잠재적 관계를 진단하기 위해서는 통제된 임상시험이 필요합니다. 체외 연구에서 나타난 소포체 스트레스의 차이를 감안할 때, 개의 AP을 중심으로 한 지방 유형의 영향을 결정하기 위해서는 추가 연구도 필요하다. 53 AP의 발병을 중심으로 한 식단의 역할은 비만 및 고중성지방혈증을 포함한 다른 소인 요인과의 연관성으로 인해 복잡합니다. 2건의 후향적 연구에서 과체중과 AP질병 발병 사이의 잠재적인 관계가 확인되었다.5 , 12 후향적 연구에서 AP로 판단된 개 101명 중 39명이 과체중이었으며 과체중은 AP의 위험이 1.3× 증가 했다. 5 , 12 특이한 식품(오즈비[OR]: 4.3), 식탁 찌꺼기(OR: 2.2) 및 쓰레기 수거(OR: 13.2)는 반려견의 췌장염 위험을 증가시킵니다. 5 , 6 이 연구는 연관성 연구이므로 인과 관계을 중심으로 한 증거 수준은 약한 것으로 간주되어야 합니다. 식이 지방뿐만 아니라 다른 요인도 특정 반려견의 췌장염 및 심각한 질병을 중심으로 한 질병 위험을 조절할 수 있습니다. 잠재적인 요인에는 존재하는 췌장 내 및 내장  지방의 수준과 그 구성이 포함될 수 있습니다. 54 , 55 이 현상은 알코올성 췌장염 환자에게서 관찰된 바 있다에 대한 주요 항목이 논의된다. 56 매일 일정한 알코올 섭취가 급성 췌장염 발병의 중요한 위험 요소이기는  하지만, 그러한 알코올 섭취를 하는 인간 환자 중 소수만이 췌장염에 걸린다. 56 인산염 상태(예을(를) 실시한다 저인산혈증)는 사람의 알코올 유발 췌장염의 위험 조절 인자입니다. 57 불행히도, 이러한 위험 조절 요인은 고지방 식단을 먹인 개에서 잘 이해되지 않하였다..\n2.2. 지질 장애\n고중성지방혈증은 체외(ex vivo)와 생체 조건(in vivo ) 연구의 결과를 감안할 때 AP의 원인으로 일반적으로 조사됩니다. 트리글리세리드는 췌장 리파아제에 의해 가수분해됩니다, 따라서 트리글리세라이드의 높은 수준은 췌장 리파아제에 독성이 있는 유리 지방산의 과도한 생산의 결과일 수 있하였다.. 58 관류된 송곳니 췌장에 트리글리세리드를 첨가하면 부종, 출혈 및  체중 증가를 포함한 구조적 변화가 발생하여 췌장 손상을 암시합니다. 59 고중성지방혈증과 AP 사이의 상관관계를 진단하는 임상 연구는 미니어처 슈나우저에 초점을 맞추고 있습니다. 췌장염 병력이 있는 미니추어 슈나우저(schnauzer)는 췌장염 병력이 없는 사람보다 고중성지방혈증(hypertriglyceridemia)에 걸릴 가능성이 더 높으며(77% 대 33%), 고중성지방혈증과 혈청 cPLI 농도 상승 사이에는 연관성이 있하였다.. 28 , 29 또한, 중증 고중성지방혈증(≥86 2 mg/dL)은 cPLI 농도 상승 위험이 4.5× 증가하는 것과 관련이 있습니다. 29 고중성지방혈증과 AP 사이의 관계는 양방향성으로 설명되었지만, AP를 가진 개에서 고중성지방혈증의 유병률(18%)은 낮하였다..33 이 유병률은 이전 연구보다 낮으며, 혈청 트리글리세리드 농도에 영향을 줄 수 있는 약 물 및 식이 요인 외에도 2차 췌장염의 원인을 통제한 연구 설계를 반영하는 것으로 보입니다. 그 연구에서 고중성지방혈증의 유병 률은 AP (18%)와 대조군(7.5%) 그룹 간에 현저하게 달랐지만, 고중성지방혈증의 크 기는 낮았다(중앙값 67 mg/dL vs 54 mg/dL). 33 이러한 연구의 결과는 중증 고중성지방혈증이 AP 단독으로 이차적으로 발생할 가능성은 낮으며, 개에서 중증 고중성지방혈증이 기록되면 AP을 중심으로 한 소인 요인을 반영할 가능성이 높으며 치료 대상으로 간주될 수 있음을 시사합니다. 참고로, 고중성지방혈증을 앓고 있는 많은 개들은 췌장염에 걸리지 않으며, 불행히도 위험 조절 요인을 중심으로 한 이해가 부족합니다.\n2.3. 약물/독소\n여러 약물과 독소가 AP의 발병과 관련이 있습니다. 인간 환자의 경우 약물 관련 췌장염을 중심으로 한 여러 가지 분류 체계가 개발되었습니다. 초기 시스템은 3단계를 기반으로 했으며, 상대적 가중치는 사례 수와 약물 재노출(진행된 경우)의 데이터에 따라 결정되었습니다. 60 , 61 보다 최근에는 4등급 시스템을 활용하는 바들로프 분류 체계가 도입되었다.. 62 개의 Class I 약물은 약물을 중심으로 한 재노출로 인한 AP 재발을 문서화한 최소 1건의 사례 보고서가 있는 약물로 분류됩니다. 62 개의 2급 약물은 보고된 사례의 75% 이상에서 일관된 잠복기(즉, 치료법 시작부터 질병 발병까지의 시간)를 가진 약물로 분류됩니다에 대한 주요 항목이 논의된다. 62 개의 3급 약물은 2개 이상의 사례 보고가 있는 약물로  분류되지만 일관된 잠복 기간 또는 재이의 제기 보고는 없습니다. 62 Class IV 약물은 C lass III 약물과 유사합니다. 문서화된 사례 보고서가 1개뿐이라는 점을 제외하고는. 62 수의학 분류 체계가 개발되기 전에 잠재적인 약물 관련 췌장염 사례을 중심으로 한 더 자세한 보고가 필요하다는 것이 저자의 의견입니다.\nL-아스파라기나제는 급성 림프구성 백혈병 또는 미분화 백혈병으로 치료법를 받는 어린이의 최대 16.2%에서 췌장염과 관련이 있습니다. 63 L-아스파라기나제는 체내에서 L-아스파라긴을 고갈시켜 단백질  합성을 감소시키며, 이는 췌장에도 영향을 미치고 AP에 걸리기 쉽다.64 개 대세포 림프종을 중심으로 한 CHOP 프로토콜의 다양한 단계에서 진단된 52마리의 개 중 11마리는 췌장염과 양립할 수 있는 임상 징후를 보였다. 그러나 혈청 cPLI 농도는 일관되게 증가하지 않았는데, 이는 발생한 위장관 징후가 약 물 유발 AP가 아닌 화학요법에 의한 위장관 독성에 의한 것일 가능성이 있음을 시사한다.7 같은 연구에서 L-아스파라기나제와 빈크리스틴을 동시에 투여 받은 개의 14%는 혈청 cPLI 농도가 ≥400mg/dL이었다. 그러나 췌장염의 임상적 징후는 관찰되지 않았다. 7 빈크리스틴 요법 전과 후 혈청 cPLI 농도에는 통계적으로 유의한 차이가  없었으며, 이는 L-아스파라기나제가 cPLI의 무증상 증가의 원인임을 시사합니다. 7 추가 사례 연구에서는 치료법 2일 후 L-아스파라기나아제 유발 췌장염이 의심된다고 보고했다. 이 사례에서 AP의 판단은 복부 초음파 영상검사는 정상이었지만 혈청 cPLI 농도 증가와 함께 일관된 임상 징후의 존재를 기반으로 판단이 이루어졌습니다. 8 L-아스파라기나제를 투여받은 개에서 AP의 발병률과 의료적 유의성을 결정하기 위해서는 추가 연구가 필요하다.\n여러 연구에서 항경련제 요법과  AP 사이의 관계를 시사합니다. 브롬화칼륨(KBr)으로 치료법를 받는 특발성 간질을 앓고 있는 개의 10.3%에서 37.췌장에 염증이 생긴 상태. 9 이 연구는 cPLI 평가법의 상업적 개발 전에 진행되었습니다. 연구자 그룹은 개의 혈청 페노바르비탈(PB) 수치, KBr 수치 또는 이 둘의 조합을 측정하기 위해 제출된 337개의 혈청 샘플에서 cPLI 농도를 측정했하였다.. 10 해당 연구에서는 KBr, PB 또는 PB와 KBr의 조합으로 치료법를 받는 개에서 cPLI 농도가 증가할 위험이 증가했다에 대한 주요 항목이 논의된다.10 연구 설계를 감안할 때 임상 징후 또는 진단 영상 소견에 대한 자료를 사용할 수 없었기 때문에 적용이 제한될 수 있었다. 추가 연구에서는 PB 또는 KBr을 투여받은 개의 6.8%가 cPLI 농도가 높다고 보고했습니다. 11 한 가지 잠재적인 교란 요인은 KBr이 있거나 없는 PB를 가진 개를 장기간 치료법하면 33%의 개에서 고중성지방혈증이 발병하는 것과 관련이 있으며, 이는 췌장염의 독립적인 위험 요인일 수 있다는 것입니다에 대한 주요 항목이 논의된다. 65 이러한 연구의 종합 결과는 PB, KBr 또는 이 둘의 조합을 투여받은 개 중 의료적으로 유의미한 비율이 혈청 cPLI 농도를 증가시킬 수 있음을 시사합니다.\nAzathioprine은 개의 생체 외 모델 및 분리 보고서  외에도 인간의 데이터를 기반으로 한 AP 개발에 관여합니다. 생체 외 관류된 송곳니 췌장을 아자티오프린에 노출시키면 분비 부피, 중탄 산염 및 트립신 출력에 의해 결정되는 췌장 기능에 현저한 효과가 나타납니다. 66 급성 췌장염은 다양한 면역 매개 감염에 대해 프레드니손과 함께 아자티오프린을 투여받은 개에 대한 2건의 사례 보고에 기록되어 있습니다. 13 , 14 급성 췌장염은 약물 중단 후 임상 징후의 개선으로 인해 두  보고서에서 프레드니손이 아닌 아자티오프린과 관련이 있는 것으로 의심되었다. 그러나 반복 노출은 진행되지 않았으므로 인과 관계를 증명하기 어렵습니다. 이 보고서는 상용 cPLI 평가법이 개발되기 전에 발표되었습니다. 아자티오프린은 2마리의 개 병력에서도 언급되었지만, 코르티코스테로이드와 병행하여 개의 AP을 중심으로 한 위험 요인을 진단한 후향적 연구에서도 언급되었습니다. 12 AP와 관련하여 아자티오프린의 위험 프로파일을 완전히 결정하기 위해서는 추가 연구가 필요하지만, 저자는 아자티오프린을 투여받는 동안 위장 장애나 복부 불편감이 발생하는 개는 췌장염을 중심으로 한 진단를 받아야 한다고 제안합니다.\nAP의 병인에서 외인성 스테로이드의 역할 에 관한 지식은 끊임없이 발전하고 있습니다. 초기 연구에서는 스테로이드 투여 후 혈청  리파아제 활성이 증가했다고 기록했습니다. 그러나 사후 검사에서 췌장염의 증거는 거의 발견되지 않았으며, 이는 혈청 리파아제 활성이 코르티코스테로이드를 투여받은 개에서 AP의 신뢰할 수 없는 지표라는 제안으로 이어졌하였다.. 67 , 68 그러나 조직병리학은 염증의 초점 영역 을 놓칠 수 있으므로 이러한 제한을 고려해야 합니다. 또 다른 연구에서는 18/101명의 개가 AP 판단 후 7일 이내에 코르티코스테로이드를 투여받았고, \"췌장 농양\"(췌장 주위액 축적)이 있는 개를 대상으로 한 연구에서는 9/36명이 입원 전에 코르티코스테로이드를 투여받았다. 12 , 69 이러한 겉보기에 모순되는 결과를 감안할 때 cPLI 평가을 사용하여 몇 가지 추가 연구가 진행되었습니다. X-염색체 연관 유전성 신장염을 앓고 있 는 6마리의 어린 암컷 개는 4주 동안 2.2mg/kg/d 프레드니손 PO를 투여받았을  때 혈청 cPLI 농도에 유의한 변화가 없었다. 70 또 다른 연구에서는 건강한 비글견 6마리를 대상으로 2-3주 동안 매일 프레드니솔론 4mg/kg을 투여한 효과를 진단했다. 이 연구는 프레드니솔론 요법 후 cPLI 농도의 증가를 밝혔하였다.. 그러나 췌장염의 초음파 영상 검사 징후는 한 마리의 개가 저반향성 췌장을 가지고 있는 것으로 평가된 1일을 제외하고는 관찰되지 않았습니다. 71 또한, 복강경 췌장 생검에서는 췌 장염의 조직학적 증거가 발견되지 않았다. 71 AP 판단에서 조직병리학의 민감성과 관련하여 위와 동일한 경고가 존재합니다. 같은 연구팀은 다양한 면역 매개 감염을 앓고 있는 개에게 매일 2.2mg/kg 프레드니솔론을 투여하는 효과를 평가했다. 이 연구에서 개 10명 중 5명은 혈청 cPLI  농도가 ≥400mg/dL인 것으로 나타났습니다. 그러나 췌장염의 임상적 징후는 관찰되지 않았다. 17 cPLI 농도에 대한 원발성 감염 과정의 잠재적 기여도는 불분명합니다. 최근 초록에서는 또한 15마리의 개에서 코르티코스테로이드의 초생리학적  용량의 만성 투여가 cPLI 농도에 미치는 영향을 문서화하지 않았습니다. 72 의뢰 전 코르티코스테로이드 투여는 추간판 감염이 있는 개를 대상으로 한 최근 연구에서 혈청 cPLI 활동에 영향을 미치지 않았다. 73 1,2‐O‐Dilauryl‐rac‐glycero glutaric acid‐(6′‐methylresorudin) 에스테르(DGGR) 리파아제 평가에 대한 외인성 코르티코스테로이드의 효과도 평가되었습니다. 74 여러 가지 이유로 코르티코스테로이드 치료법를 받은 개 17마리에서 DGGR 리파제 활성은 치료법 시작 후 증가했고 약물 테이퍼링 중에는 감소했다. 74 그러나 DGGR 리파아제 활성의 증가 정도는 낮았으며, 이는 잠재적으로 이 발견의 의료적 중요성을 감소시켰을 수 있다. 74 위 연구들의 종합 결과는 외인성 코르티코스테로이드가 개에서 임상적으로 중요한 AP를 유발할 가능성은 낮다는 것을 시사하지만, 일부 사례에서는 무증상 췌장 손상/염증의 지표가 관찰될 수 있으며, 더 중요하게는 동시 감염에 의해 영향을 받을 수 있다. 또한, 코르티코스테로이드는 개의 AP 조절에 항염증제로 점점 더 많이 활용되고 있습니다. 1건의 연구에서 프레드니솔론 1mg/kg을 투여하면 C-반응성 단백질 농도가 감소하고, 임상 개선에 이르는 시간이 단축되며, 개의 자발적 AP에서 사망률이 감소하는 것으로 나타났하였다.. 75 여러 종의 데이터를 진단한 최근의 한 연구에서는 코르티코스테로이드가 개의 만성 췌장염을 중심으로 한 급성 또는 급성 치료의 결과에 긍정적인 영향을 미칠 수 있다고 제안했다. 76 의\n여러 초기 연구에서는 유기인산염과 AP의  발병 사이의 잠재적인 관계를 문서화했습니다. 유기인산염 항콜린에스테라제의 치사량 이하의 체외는  조직병리학에 의해 결정된 개에서 AP를 초래합니다. 16 또한, 시험관 내 아세틸콜린에스테라제 억제 제는 췌장 아밀라아제 생산량을 현저히 증가시킵니다. 77 또한 5마리의 개는 대규모 후향적 연구에서 AP가 개발되 기 전에 유기인산염 살충제에 최근에 노출된 것으로 나타났습니다. 12 따라서 유기인산염은 개의 췌장염 발병의 위험 요인이 될 수  있지만, 이러한 의심을 확인하기 위해서는 더 많은 연구가 필요하다.\n강화된 설폰아미드, 푸로세미드, 클로미프라민, 아토바쿠온/프로구아닐(Malarone) 및 n-메틸-글루카민(Meglumine)은 고립된 개에서 AP 발병과 관련이 있하였다.. 12 , 15 , 18 , 19 , 20 또 다른 전향적 연구에서는 메글루민과 알로푸리놀을 투여받은 20 마리의 개 중 누구도 cPLI 농도가 증가하거나 췌장염과 일치하는 임상 징후가 나타나지 않았다고 보고했다. AP를 유발하는 아연과 같은 독소을 중심으로 한 78 건의 고립된 보고가 보고되었습니다. 21 다양한 항생제, 화학요법 및 내분비 요법도 AP을 중심으로 한 대규모 후향적 연구에서 발표 후 7일 이내에 언급되었습니다. 그러나 증례 세부 자료가 부족하여 이러한 데이터의 임상적 유용성이 제한적이었습니다. 12 이러한 보고가 드물다는 점을 감안할 때, 많은 약물 반응이 특이한 것으로 의심되고 있하였다.. 그럼에도 불구하고, AP가 의심되는 경우  철저한 약물 및 독소 병력을 조사해야 합니다.\n2.4. 내분비병증\nAP의 위험 인자로 수많은 내분비병증이 보고되었는데, 여기에는 부신피 질기능항진증(HAC), 갑상선 기능 저하증, 당뇨병(DM)이 포함됩니다. 12 , 22 , 23 , 24 , 25 , 79 , 80 후향적 연구에서는 12/101명의 개에서 AP를 가진 개에서 HAC의 기존 또는 사후 판단을 문서화했습니다.12 이 연구에는 대조군이 포함되지  않았다는 점에 유의하는 것이 중요합니다. 이 관계를 평가하기 위한 대규모 전향적 연구는 진행되지 않았지만, 최근 연구에서는 임상적 췌장염이 없는 경우 HAC와 더 높은 cPLI 농도 및 DGGR 리파아제 활성 사이에 잠재적인 관계가 있음을 시사합니다. 22 , 23 외인성 스테로이드를 진단하는 대부분의 연구에서 췌장 리파아제의 경미한 수치만 보고된 점을 감안할 때, HAC가 있는 개의 췌장 리파아제 농도 증가는 의료적 췌장염을 유발하는 데 필요한 아직 임계치에 도달하지 않은 무증상 췌장 손상/염증을 반영하는 것으로 의심됩니다(그림 1A 참조).). 개의 AP와 HAC 사이에 관계가 있는지 여부와 관계의 방향을 진단하기 위해 추가 연구가 필요합니다. 후향적 연구에서 AP 판단을 받은 개 4명 중 101명에서 갑상선 기능 저하증이 보고되었으며, 이차성 고지혈증이 이러한 관계의 원인일 수 있다는 가설이 세워졌습니다. 12 갑상선 기능 저하증에 대한 이전 판단은 AP에 이차적으로 이차적으로 간외 담관 폐색이 있는 개에 대한 후향적 연구에서도 기록 되었다.\n\n\n\n(A) 췌장염 발병의 역치. 스트레스 요인과 보호 메커니즘 사이의 균형에 따라 임상 감염이 존재하는지(임계값 1) 그리고 존재한다면 그 심각성(임계값 2)이 결정되는 임계 임계값 이론의 그래픽 표현입니다. 개 1과 개 2는 동일한 스트레스 요인에 노출되었다.. 그러나 개 1은 더 큰 보호 메커니즘을 가지고 있으므로 질병 부담 이 임계값 1 아래로 떨어지고 개는 무증상 췌장 손상이 발생합니다. 대조적으로, 개 2의 질병 부담은 역치 1 이상이며 개는 의료적으로 명백한 AP를 발병합니다. 마찬가지로, 개 2와 3은 같은 수준의 보호 기제를  가지고 있지만, 스트레스 요인은 개 3에서 더 크다. 따라서 개 3의 질병 부담은 역치 2 이상이며 개는 의료적으로 심각한 AP로 발전합니다. (B)에서 볼 수 있듯이 이 균형은 지지 치료법, 유전적 및 환경적 요인, 증폭 시스템과 같은 요인의 영향을 받을 수도 있습니다에 대한 주요 항목이 논의된다. 임계값 1과 2는 그림에서 점선으로 표시되지만 임계 값은 더 유동적이며 개인마다 다를 것으로 예상됩니다. 이 그림은 Barreto et al. Gut의 허가를 받아 조정되었습니다. 2021; 70:194‐203. (B) 보호 메커니즘, 스트레스 요인 및 조절 요 인 간의 균형이 각 개의 췌장염 위험을 결정합니다. 스트레스 요인과 보호 메커니즘 사이의 미세한 균형을 개략적으로 표현한  것으로, 췌장 손상과 염증이 개별 개에서 발생하는지 여부를 결정합니다. 한 쪽의 유전적 요인 및/또는 환경적 요인과 다른 쪽의 지지 치료법는 각각 췌장 손상으로 향하거나 췌장 손상으로부터 멀어지는 위험을 조절할 수 있습니다\n많은 연구에서 개의 췌장염과 DM이 동시에 확인되었으며, 이는 질병의 공유 위험 요인 또는 두 가지 질병 간의 인과 관계를 나타낼 수 있하였다.. 12 , 25 , 30 , 81 췌장염은 또한 당뇨병을 앓고 있는 개의 사망 위험을 증가시키는 것으로 나타났하였다.. 81 췌장염이 이론적으로 당뇨병을 유발할 수 있는 제안된 기전은 섬세포 손상, 포도당 독성,  자가면역 손상의 시작, 염증으로 인한 인슐린 저항성, 사이토카인과 아디포카인의 작용 등입니다. 24 한 연구에 따르면 당뇨병을 앓고 있는 개 18명 중 5명은 진행성 만성 췌장염과  일치하는 조직병리학적 특징을 가지고 있으며, 이는 해당 개에서 DM의 원인으로 추정됩니다. 82 또한, 만성 췌장염으로 추정되는 개 6마리를 대상으로 글루카곤 자극  검사를 실시한 연구에서 5/6은 ß 세포 반응과 포도당 불내성이 감소했다. 췌장에 염증이 생긴 상태. 24 관계가 양방향일 수 있지만, 많은 임상의들은 관계의  주된 방향이 췌장염으로 이어지는 당뇨병이라고 의심합니다.24 췌장염과 당뇨병의 관계을 중심으로 한 추가 논의가 가능합니다. 24 분\n2.5. 품종 관련 위험 및 잠재적 유전성 췌장염\n특정 품종은 AP 발병 위험이 더 큰 것으로 보고되었다.. 이러한 소인은 직접적인 유전적 소인, 고중성지방혈증과 같은 2차 요인을 중심으로 한 소인 또는 기타 질병 조절 요인의 조합을 반영하는 것으로 보입니다. 급성 췌장염에 대해 가장 일관되게 보고된 위험 품종은 미니어처 슈 나우저, 미니어처 푸들, 요크셔 테리어 및 기타 테리어 품종입니다. 5 , 12 , 84 다른 소인 품종으로는 닥스훈트, 푸들, 코커 스패니얼, 알래스칸 말라뮤트, 라이카 등이 있하였다.. 30 미니어처 슈나추어에서 AP의 높은 발생 률에 대해 두 가지 잠재적인 설명이 제안됩니다. 한 가지 잠재적인 설명은 AP가 이 품종에서 흔히 발 생하는 고중성지방혈증에 이차적으로 발생한다는 것입니다. 28 , 29 두 번째 잠재적 설명은 AP가 세린 프로테아제 억제제 Kazal ty pe 1 유전자(SPINK1)의 돌연변이로 인해 품종에서 유전될 수 있다는 것입니다. SPINK1 유전자의 산물인 췌장 분비 트립신 억제제(PSTI)는 조기 자이모겐 활성화를 방지하는 데 보호 역할을 하는 것으로 의심됩니다. 85 전향적 연구에서는 췌장염을 앓고 있는 미니추어 슈나추어 39마리, 건강한 미니추어 슈나우저 25마리, 다른 품종의 건강한 개 23마리에서 SPINK1 유전자 변이의 존재를 진단했다. 26 이 연구에서 3번째 인트론(IVS3 + 26‐27ins[T]33‐39,15–61dup11)의 폴리 T 삽입과 두 번째 엑손(N20K 및 N25T)에서 2개의 미스센스 돌연변이를 포함하여 3개의 변이가 확인되었으며, 이러한 변이체는 이 품종의 췌장염 발병과 상관관계가 있는 것으로 나타났습니다. 26 그러나 후속 연구에서는 췌장염이 있거나 없는 미니어처 슈나우저에서 SPINK1 변이의 유병률이 높다는 것을 발견했으며 SPINK1 변이와 의료적 췌장염 사이의 관계는 규명할 수 없었습니다. 27 그러나 이 연구에서 췌장염의 판단은 약 30%의 개에 대한 반정량적 진료 시점 평가에만 근거했으며, 이는 연구 결과에 영향을 미쳤을 수 있습니다. 86 SPINK1 변이와 의료적 질병 사이의 연관성이 없는 것을 중심으로 한 추가적인 잠재적 설명은 돌연변이가 단독으로 췌장염을 유발하기에 충분하지 않을 수 있으며 동시에 환경적 요인 또는 기타 유전적 요인을 필요로 할 수 있다는 것입니다. 따라서 개의 AP에서 SPINK1 변이체 및 기타 유전자 돌연 변이의 잠재적 역할을 결정하기 위해서는 추가 연구가 필요합니다. 87 카발리에 킹 찰스 스패니얼, 콜리, 복서는 만성 췌장염(CP)에 걸리기 쉽하였다.. 32 분\n2.6. 자가면역 췌장염 IgG4 관련 질환\n잉글리시 코커 스패니얼은 관 파괴, 엽내 섬유증, T 림프구 침윤이 조 직 병리학에 미치는 독특한 형태의 CP를 가지고 있는 것으로 제안됩니다. 88 면역조직화학은 또한 췌장을 포함한 여러 조직에서 IgG4 양성 형질 세포가 우세한 것으로 나타났으며, 이는 인간 환자에서 IgG4 관련 감염과 유사한 다기관 면역 매개 감염의 존재를 시사합니다. 89 이 개들 중 다수는 각결막염, 구강건조증, 단백뇨 및 기타 면역 매개 감염을 동시에 앓고 있습니다. 90 개의 IgG4 관련 질병에 대한 판단 기준은 확실한 판단을 확정하기 전에 추가적인 설명과 합의가 필요하다. 43 , 91 또한 혈청 IgG4 농도는 췌장염이 있는 다른 개에서 높은 것으로 나타났하였다.. 44 그러나 다른 염증성 감염 또는 종양성 감염을 IgG4 관련 감염으로 오분류하는 것을 방지하기 위해서는 엄격한 판단 기준이 필요하다. 43 현재 진행 중인 연구가 개에서 이러한 형태의  CP를 특성화하는 데 더 도움이 되기를 바랍니다.\n2.7. 기타 위험 요인\n개의 AP에 대한 많은 기타 위험 요인이 제안되었는데, 여기에는 체중/중성화 상태, 전염병(예을(를) 실시한다 Babesia spp., Heterobilharzia americana, Leishmania inf antum), 간염, 꿀벌 독, 뱀 독, 고칼슘혈증 및 유기산혈증이 포함됩니다. 5 , 12 , 41 , 42 , 45 모든 연령의 개가 AP의 영 향을 받을 수 있지만 대부분의 개는 중년에서 그 이상의 연령대입니다. 12 , 30 , 31 , 92 과체중 동물과 중성화 수술을 받은 동물도 AP에 걸리기 쉬운 것으로 보고되었다.. 5 , 12 , 84 , 93 그러나 이러한 요인 중 많은 부분이 식단, 생활 방 식 및 운동 수준과 같은 추가 요인의 영향을 받는다는 점에 유의하는 것이 중요합니다. 94 후향적 연구에서 16마리의 개에서 AP의 임상병리학적 증거가 밝혀졌고, 바베시아 로시 질병으로 진단된 4마리의 개에서 AP의 조직학적 증거가 밝혀졌다. 34 추가 연구에서는 B. rossi에 질병된 개의 28%가 혈청 cPLI 농도가 증가했다고 보고했습니다. 36 다른 babesia 종(예: B. gibsoni)은 비록 유병률이 낮지만 AP의 발달과 관련이 있하였다.. 35 잠재적인 기전으로는 저혈압, 2차 면역 매개 용혈성 빈혈, 혈액 농축 및 지질 대사의 변화가 있하였다.. 34 개 단핵구 에를리히증(Canine monocytic ehrlichiosis)은 또한 개에서 AP를 유발하는 요인으로 보고되었으며, 최근 연구에서 사례의 20%가 cPLI에서 무증상 상승을 보였다.. 37 개 주혈흡충증(즉, Heterobilharzia americana 질병)에 대한 괴사 연구도 췌장의 기생충 침투가 높게 발생한다는 것을 문서화하고 있습니다. 38 췌장염과 일치하는 총체적 병변은 나중에 주혈흡충증으로 판단된 개에서 탐색적 개복술을 하는 동안에도 관찰되었다. 39 여러 연구에서는 또한 심장 감염, 위 확장 및 볼불루스, 추간판 감염, 파보바이러스 및 이물질이 있는 개와 같은 전신 감염을 앓고 있는 개에서 췌장 리파아제 농도가 증가했다고 보고했다. 73 , 95 , 96 , 97 , 98 , 99 저자의 의견에 따르면, 이러한 개에서 췌장 리파아제 농도의 상승은 의료적으로 관련이 없을 수 있는 2차 췌장 손상을 반영하는 것일 수 있지만, 단정적으로 결정하기 어려울 수 있습니다. 그러나 일부 질병(예을(를) 실시한다 만성 장병증)에서는 혈청 cPLI 농도 증가가 더 나쁜 결과와 관련이 있습니다. 100 개\n중성화 수술을 제외한 이전 수술은 저혈압, 조직 조작 또는 이 둘의 조합으로 인한 AP(OR을(를) 실시한다 21.1)의 위험 증가와 관련이 있습니다. 5 담낭염을 앓고 있는 개와 고양이을 중심으로 한 최근의 후향적 연구에서도 AP의 높은 유병률이 언급되었지만, 그 관계의 방향은 알려져 있지 않습니다. 45 그러므로, AP가 의심되는 개를 진단할 때 개의 병력에 있는 많은 요소들을 고려해야 한다.\n3. 급성 췌장염의 발병 기전\n100여 년 전, 췌장염은 소화 효소 유발물질의 조기 활성화로 인한 췌장의 자가소화에 의해 발생한다고 주장했하였다.. 101 그 이후로 여러 실험 및 임상 연구에서 시신  내 트립시노겐 활성화의 중요한 역할을 문서화했습니다. 102 , 103 , 104 , 105 , 106 , 107 , 108 조기 트립시노겐 활성화라는 오랜 개념에도 불구하고, 시작 세포 메커니즘과 대체 또는 보완 경로의 잠재적 역할은 오랫동안 지속적인 연구의 원천이었하였다.. 이러한 개념에 대해 논의하는 동안 우리는 잠재적인 치료 대상을 강조함으로써 실험 데이터의 결과를 임상 실습을 중심으로 한 시사점과 연관시킬 것입니다. 이러한 치료법법의 개발은 전통적으로 임상의가 지지적이고 증상이 있는 치료법만 제공하는 것으로 제한되어 온 이 질병의 결과를 개선하는 데 매우 중요할 것입니다.\n이 섹션에서는 아시나르 세포 손상과 췌장 및 전신 염증의 트 립시노겐 독립적 경로의 존재를 시사하는 연구도 검토할 것입니다. 그런 다음 트립신 의존성 및 독립 세포 손상을 모두 유발할  수 있는 몇 가지 제안된 메커니즘에 대해 논의할 것입니다. 설명된 병원성 메커니즘이 항상 임상 감염을 유발하는 것은 아니며 임계 임계값 이론(그림 1A)이 병리학적 스트레스 요인과 임상 질병 발현 및 중증도 간의 관계를 설명하는 데 유용하다는 점을 고려하는 것이 중요합니다(그림 1B).\n2011년, 트립시노겐 동형-7 유전자 녹아웃 마우스와 야생형 마우스를 활용하여 실험적으로 유발된 췌장염에서 트립시노겐의 역할을 확인하는 연구(세룰린 모델)가 발표되었다.. 109 트립시노겐 활성화는 초기 췌장염 동안 체외 acinar 세포 사멸로 이어졌으며, 이는 췌장 손상의 ~50%를 차지했하였다.. 109 그러나 흥미롭게도, 녹아웃 마우스는 야생형 코호트 와 비교할 때 비슷한 수준의 국소 및 전신 염증을 보였다. 췌장에 염증이 생긴 상태. 109 이것은 전통적인 트립신 중심의 발병기전을 중심으로 한 재고를 촉발시켰고, 잠재적인 대체 또는 보완 경로를 고려할 수 있게 해주었다. 이을 중심으로 한 한 가지 잠재적인 주의 사항은 마우스가 다양한 트립시노겐 동형을 가지고 있으며 각 동형의 의료적 중요성이 다를 수 있다는 것입니다. 추가 연구에서는 트립시노겐의 아시나르 내 활성화가 AP를 유도할 수 있지만 CP는 유도할 수 없다고 기록했으며, 이는 급성 감염과 만성 감염 사이에 다른 병원성 메커니즘이 존재할 수 있음을 시사합니다. 108 췌장염을 중심으로 한 트립신과 무관한 기전이 제안되었지만, 그것들은 트립신에 의존하는 기전과 병행하여 작용할 가능성이 높으므로, 트립신과 다른 프로테아제의 치료적 조작은 여전히 유익할 수 있다. 트립시노겐 활성화 펩타이드 농도 감소, 췌장 괴사 감소 및 폐사율 감소는 프 로테아제 억제제인 나파모스타트(nafamostat)로 처리된 쥐에서 관찰됩니다. 110 여러 연구에서 인간을 대상으로 프로테아제 억제 제를 조사했는데, 결과는 다양했지만 대부분 실망스러웠다. 111 , 112 , 113 이러한 약물의 혈관 수축 특성과 췌장 괴사의 영속 가능성을 중심으로 한 우려도 존재합니다. 114 또한, 트립신 이외의 프로테아제는 췌장 염의 병태생리학에서 보호적인 역할을 할 수 있다. 키모트립신(Chymotrypsin)은 트립신 활동을 조절하는  프로테아제(protease)로, 초기 췌장 손상에서 발견됩니다. 췌장에 염증이 생긴 상태. 115 소마토스타틴 유사체는 트립시노겐을 포함한 췌장의 외분비 분비를 억제할 수 있는 잠재력을 가지고 있으므로 이러한 약물은 질병 조절에도 고려되고 있습니다. 불행히도, 소마토스타틴 유사체인 옥트레오타이드(octreotide)는 개의 실험적으로 유도된(담즙 주사 모델) 췌장염에 이점이 없는 것으로 나타났하였다.. 116 실제로, 췌장염의 발병 기전 동안에는 자이모겐 과립 방출이 조기에 억제되는 것으로 의심되며, 이 과정은 소마토스타틴이나 그 치료법적 유사체에 의해 더욱 전파될 것으로 예상된다에 대한 주요 항목이 논의된다. 117 위의 연구 결과와 췌장 손상 및 염증을 중심으로 한 트립신 독립적 기전의 존재를 감안할 때, 프로테아제 억제제 또는 소마토스타틴 유사체를 개을 중심으로 한 의료적 사용을 고려하기 전에 상세한 전임상 연구가 필요할 것으로 보인다.\nAP의 트립시노겐 활성화 경로을 중심으로 한 주요 대안 또는 보완 경로에는 20년 이상 췌장염에서 문서화된 핵 인자 카파 베타(NF-κB)의 활성화가 포함됩니다. 118 아시나르 내 NF-κB 활성화는 트립시노겐  활성화와 함께 그리고 이와 독립적으로 발생합니다. 109 , 119 , 120 염증 반응에서 NF‐κB의 결정적인 역할은 녹아웃 마우스을 중심으로 한 실험적 연구에 의해 입증되었는데, NF‐κB 활성화가 없으면 야생형 마우스에 비해 췌장 염증이 감소합니다. 121 , 122 , 123 NF‐κB 활성화  수준은 생쥐의 췌장염 중증도와 상관관계가 있다. 124 핵인자-κB는 췌장염을 중심으로 한 전신 염증 반응에도 관여한다. 125 , 126 이러한 연구는 췌장염에서 NF-κB의 전염증 작용을 중심으로 한 강력한 증거를 제시하고 있지만, 일부 데이터는 NF-κB가 AP에서 다면적인 역할을 할 수 있으며 일부 상황에서는 보호적일 수 있음을 시사합니다. 127 , 128 , 129 이러한 불일치는 전임상 모델(과잉 활성화 대 유전자 결실)의 다양한 접근 방식으로도 설명할 수 있하였다.. 또한, 현재 사용되는 억제제는 NF‐κB 경로에 특이적이지 않하였다.. 또한, 경로의 단일 소단위체의 억제는 RelB 또는 c-Rel과 같은 NF-κB 계열의 다른 구성 요소에 의해 보상될 수 있하였다.. 이러한 연구 결과를 감안할 때, NF-κB의 전염증 특성을 표적 억제하는 것은 치료법에 도움이 될 수 있지만 추가 연구가 필요하다에 대한 주요 항목이 논의된다. 염증 반응의 다른 주요 구성 요소로는 종양 괴사 인자 알파(TNF‐α), 인터류킨(IL)‐1, IL‐1ß, IL‐2, IL‐6, IL‐8 및 IL‐18이 있하였다.. 93 , 130 , 131 , 132 , 133 , 134 사이토카인 및 케모카인과 AP 중증도를 연관시키는 연관 연구가 진행되어 중증 AP의 예측 인자로서 대리 바이오마커를 식별했습니다. 인간의 경우 IL-6의 혈청 수치와 IL-6 의존성 급성기 단백질인  C-반응성 단백질이 중증 AP의 가장 신뢰할 수 있는 예측 변수이다.135 , 136\n인터루킨 6은 신호 유형에 따라 항염증  및 전염증 특성을 모두 가지고 있습니다. 고전적인 신호전달은 제한된 수의 표적 세포에 IL- 6 수용체가 존재해야 하며 항염증 특성을 매개합니다. 137 그러나 트랜스시그널링은 IL-6와 용해성 IL-6 수용체(sIL-6R)의 상 호작용을 포함하며, 이 수용체는 gp130 활성화와 IL-6의 전염증 작용을 매개한다. 137 IL-6 전달신호전달은 많은 세포 유형에 영향을 미치며 췌장 acinar 세포 에서 신호 변환기 및 전사 3 활성화제(STAT3)의 발현을 더욱 증가시킬 수 있습니다. 138 STAT3 발현 증가는 사이토카인과 케모카 인의 방출을 통해 염증성 연쇄반응을 더욱 촉진합니다. 138 대식세포의 사이토카인 분비 는 RelA의 핵 전좌에 의존합니다. 138 따라서 IL-6는 질병의 진행에도 직접적 인 영향을 미치는 것으로 나타났습니다(그림 2). 순환 중의 사이토카인과 케모카인은 간에서 급성기 단백질의 추가 분비를 유도하고, 보체 인자를 활성화하 고, 브래디키닌-키닌 시스템을 활성화하여 모세혈관 투과성을 증가시키고 다시 저혈량증과 부종을 유발합니다.\n\n\n\nAP의 전신 염증 반응 증후군. IL-6 전달신호는 IL-6와 gp130 의존성 STAT3 활성화 를 증가시키는 용해성 IL-6 수용체 사이의 상호 작용을 포함합니다. STAT3의 핵 전좌는 CXCL1과 같은 사이토 카인의 방출을 초래하여 급성 폐 손상을 유발합니다. 대식세포의 사이토카인 분비는  RelA의 핵 전좌에 의존합니다.\n췌장에 염증이 생긴 상태. 139 , 140 췌장으로의 호중구 침입은 AP 초기에 CXC 리간드 2  (CXCL2) 및 기타 화학유인물질의 방출로 인해 발생하는 것으로 의심된다.141 , 142 호중구의 실험적 고갈은 췌장 손상을 감소시키고  생존율을 증가시켜 질병 발병에서 호중구의 중요한 특성을 강조한다. 143 , 144 호중구는 또한 급성 폐 손상을 포 함한 AP의 전신 합병증 발병에 중요한 역할을 합니다. 145 , 146 조직으로의 호중구 유출은 모세혈관에서 호중구의 롤링(rolling), 활성화(acti vation), 접착(adhesion) 및 이동(movement of calinesaries)에 의존한다. 혈관 유착 시 면역글로불린 유사 세포 접착 분자 1(ICAM-1)에 결합하는 백혈구 기능 항원 1(LFA-1) 은 췌장 및 기타 조직에 호중구를 동원하고 CXCL2 형성 및 후속 조직 손상에 중요한 역할을 합니다(그림 3). 147 이 경로는 치료법적 개입이 가능하며, 푸자플라딕 나트륨 수화물(fuzapladib sodium hydrate)과 같은 LFA-1 억제제는 호중구가 조직으로 유출되는 것을 방지하며, 일본에서 개의 췌장염 치료법제로 승인되었다에 대한 주요 항목이 논의된다. 개의 췌장염을 중심으로 한 실험적 모델을 활용한 개념 증명 연구의 데이터가 최근 ACVIM 포럼에서 발표되었습니다. 148 이 데이터는 푸자플라딕이 이 실험 모델에서 용 량 의존적 방식으로 생존율을 향상시켰다는 것을 시사한다. 이후 일본에서 실시한 임상시험에서는 푸자플라딥을 투여받은 개에서 임상 점수가  개선되고 혈청 C 반응성 단백질 증가가 더 빨리 해결되는 것으로 밝혀졌습니다. 148 개의 자발적 췌장염을 중심으로 한 다기관 임상시험이 미국에서 진행 중이다.\n\n\n\n췌장으로의 호중구 유출 및 fuzapladib sodium hydrate를 사용한 치료법 조작. 푸자딕 나트륨 수화물은 백혈구 기능 항원-1을 억제하여 호중구가 모세혈관에서 주변  조직으로 외부로 나가는 것을 방지하여 전신 염증 반응 증후군(SIRS)을 억제합니다. ICAM-1, 면역글로불린 유사 세포 접착  분자 1; LFA-1, 백혈구 기능 항원-1\n췌장에 염증이 생긴 상태. 이러한 메커니즘에는 정신 나간 칼슘 신호전달, zymogens와 lysosome의 공동 국소화, 손상된 자 가포식, 소포체 스트레스 및 부적응 풀림 단백질 반응, 미토콘드리아 기능 장애 및 산화 스트레스가 포함됩니다. 단순화를 위해 이 검토의 초점을 고려하여 이러한  각 메커니즘에 대해 순차적으로 논의할 것입니다. 그러나 자연발성 감염에서 이러한 메커니즘 사이에는 복잡한 상호 작용이 있을 수 있습니다.\n정신 나간 칼슘 신호전달은 AP의 발병기 전에 중요한 역할을 하는 것으로 의심됩니다. 생리학적 조건하에서, 자극은 acinar cell 의 정점 영역에서 칼슘의 일시적인 급증을 초래합니다. 췌장에 염증이 생긴 상태. 150 , 151 칼슘 과부하는 액포의 발생 외에도 트립시노 겐의 조기 활성화와 아시나르 세포 손상을 유발합니다(그림 4). 152 , 153 병리학적 칼슘 과부하는 소포체(ER) 및 산성 칼슘 저장소에서  칼슘이 방출되는 것과 관련이 있으며, 이는 긍정적 피드백 메커니즘으로 작용합니다. 154 , 155 다양한 수용체가  병리학적 칼슘 신호전달에 관여한다. 155 , 156 , 157 칼슘 과부하는 미토콘드리아 투과성 전이 공극(MP TP)을 열어 미토콘드리아 막 전위의 손실과 미토콘드리아 기능 장애를 초래합니다. 158 , 159 미토콘드리아 기능  장애는 초기 췌장염의 주요 징후입니다. 160 , 161 미토콘드리아 기 능의 상실은 ATP 고갈로 이어진다. 사이토졸 칼슘의 제거는 ATP에 의존적이기 때문에 미토콘드리아 기능 장애는 세포질 칼슘의 전반적이고 지속적인 증가를 촉진할 수 있으며, 따라서 췌장염 중 병리학적 칼슘 신호의 특징인 세포질 칼슘의 자체 영구적인 증가를 형성할 수 있하였다.. 151 , 160 , 161 , 162 병리학적 칼슘 신호전달은 궁극적으로 칼시뉴린(calci neurin), 트립시노겐(trypsinogen) 및 NF-κB의 다운스트림 활성화를 초래한다. 163, 164 Calcineurin 녹아웃 마우스는 췌장염의 실험적 모델을 중심으로 한 반응으로 zymogen 활성화 및 acinar 세포 손상을 감소시키는 것으로 나타났습니다. 165 또한, TRPV6(transient receptor potential vanilloid subfamily member 6)과 같은 칼슘 채널의 유전적 돌연변이는 인간 환자의 비알코올성 만성 췌장염(CP)과 관련이 있는 것으로 나타났하였다.. 166 이러한 연구 결과를 감안할 때, 칼시뉴린의 조작은 인간의 췌장염 치료법를 위한 잠재적인 치료법 표적으로 상당한 주목을 받고 있다에 대한 주요 항목이 논의된다. 췌장에 염증이 생긴 상태. 163 , 165 칼시뉴린 억제의 보호 효과 는 그 발현의 근원에 의존하는 것으로 보인다. 167 개와 고양이 CP(Personal Communication  JMS)에서 사이클로스포린 요법을 조사하기 위한 연구가 진행 중이다. 사이클로스포린의 면역억제 특성을 감안할 때, 특히 면역 매개 병인이 의심되는 환자에서 췌장염에 여러 가지 유익한 효과를 가질 수 있하였다.. 168 칼슘 신호전달과 미토콘드리아 기능 장애를 조작하는 약물에 대한 연구가 실험 모델에서 진행 중이며, 췌장염 조절에 있어 미래의 가능성을 제공할 수 있을 것이다. 재질 보기 169 , 170 , 171\n\n\n\nAP에 지속적인 세포질 칼슘 축적. 생리학적 조건에서는 정점 칼슘 농도가 일시적으로 급증하며, 이로 인 해 췌장 칼슘 세포의 정점 경계에서 소화 효소 유발 물질이 방출됩니다. AP 동안에는 세포질 칼슘 농도가 전반적으로 지속적으로 증가하며, 이는 칼슘  과부하, 조기 트립시노겐 활성화 및 그에 따른 아시나르 세포 손상을 유발합니다. 정신 나간 칼슘 신호는 미토콘드리아 기능 장애와 관련이 있하였다..\n생리학적 조건에서 소화 효소는 자이모겐(zymogen )이라고 하는 비활성 효소로 포장되어 과립에 저장됩니다. 리소좀 효소는 리소좀으로 포장되어 효소 형성체가 십이지장으로  들어갈 때까지 효소 모겐과 리소좀 효소의 상호 작용을 방지합니다. 췌장에 염증이 생긴 상태. 172 , 173 이 공동 국소화는 리소좀 효소 카텝신 B 가 트립시노겐을 조기에 활성화할 수 있도록 합니다(그림 5). 174 카텝신 B에 의한 트립시노겐의 최대 활성화는 산성 pH에서  발생하는 것으로 보고되었지만, 더 높은 pH에서도 발생할 수 있다. 174 , 175 이 가설은 cathepsin B 유전자 녹아웃 마우스 코호트에서 추가로 진단되었습니다. 176 이 마우스에서 세룰린 자극을 중심으로 한 트립신 활성과 췌장 괴사는 야생형 코호트에 비해 현저히 감소했는데, 이는 카텝신 B가 췌장염 유도에 중요한 역할을 한다는 것을 시사한다. 췌장에 염증이 생긴 상태. 176 카텝신 B 억제제를 사용한  여러 연구에서도 유사한 결과가 나왔다. 177 , 178 공동국소화(colocalization)는 널리 알려진 이론이고 문헌에 의해 잘  뒷받침되고 있지만, 우리가 이 과정을 완전히 이해하지 못한다는 것을 시사하는 일부 연구가 있다. 예를 들어, 분비 소포와 카텝신 B의 공동 국소화는 외분비 췌장에서 분비가 조절되는 것으로 나타나며, 일부 연구에서는 라이소좀 효소가 zymogen이 풍부한 세포 내 구획으로의 재분배가 췌장염을 유발하지 않하였다.. 175 , 179 따라서, 카텝신 B 재분포가 췌장염에 관여하는 것으로 의심되지만, 그것만으로는 질 병을 유발하기에 충분하지 않을 수 있으며, 카텝신 D와 같은 다른 요인에 의해 영향을 받을 수 있다. 180 카텝신 B 유전자 돌연변이는 인간의 일부 췌장염과 관 련이 있지만, 개에서 카텝신 B의 역할은 아직 연구되지 않았다. 181 , 182 선행 연구 결과의 명백한 불일치를 이해하고, 이러한 경로가 치료법 목표로 작용할 수 있는지 여부를 결정하기 위해서는 추가 연구가 필요하다에 대한 주요 항목이 논의된다.\n\n\n\n공동 국소화 이론. 생리학적 조건에서 소화 효소 모원과 리소좀은 췌장  acinar 세포 내에서 서로 상호 작용하지 않습니다. AP 동안 정점 블록은 리소좀의 재분포를 초래 하고, 이는 소화 효소 모겐과 공동 국소화됩니다. 공동 국소화는 리소좀 효소 cathepsin-B가 췌장 acinar  세포 내의 소화 효소를 활성화하여 세포 손상을 초래할 수 있도록 합니다. 과립의 기저측 방출이 발생하여 간질 공간이 손상될 수 있하였다..\n자가포식은 세포를 보호하며, 다양한 쓸모없는 세포 성분을 이화작용으로 제거 하여 세포 손상을 방지하고 모욕에 대응하여 생존을 촉진하는 것을 포함합니다. 183 기저 자가포식은 췌장 아시나르 세포의  항상성에 중요한 역할을 하는 것으로 나타났습니다. 184 Atg5 유도 췌장 분해의 유전적 파괴는 또한  외분비 췌장 항상성에서 자가포식의 역할을 뒷받침합니다. 췌장에 염증이 생긴 상태. 162 소기관의 공동 국소화(Colocal ization)는 본질적으로 자가포식적이다. 186 리소좀 기능 장애는 리소좀 막 단백질 1(L AMP-1) 및 2(LAMP-2)의 분해를 초래합니다. 리소좀 막 단백질은 리소좀  안정성에 중요한 역할을 합니다. 췌장에 염증이 생긴 상태. 187 궁극적으로 이러한 과정은 아시나르 세포 진 공, 트립시노겐 활성화, 염증 및 괴사를 초래한다. 162 손상된 자가포식의 약리학 적 조작은 마우스에서 연구되었다. 췌장에 염증이 생긴 상태. 188 , 189 자가포식의 약리학적 조작이 AP 조절에 유망한지 여부를 결정하기 위해서는 추가 연구가 필요하다. 손상된 자가포식은 미토콘드리아 기능 장애 및 소포체(ER) 스 트레스를 포함한 AP의 다른 병리기전과도 상호 관련될 수 있다. 190 명\n외분비 췌장에는 단백질 합성에 중 요한 역할을 하는 ER이 풍부합니다. 췌장에 염증이 생긴 상태.191 , 192 , 193 생리학적 조건에서 응급실 스트레스는  풀린 단백질 반응(UPR)으로 상쇄되어 세포 손상을 방지합니다. 194 이 생리학적 반응은 자가포식 과정을 포함한다. 194 과도하고 장기간의 응급실 스트레스 동안에는 UPR이 부적응 상태 가 되고 NF-κB가 상향 조절되어 전염증성 유전자를 유발한다(그림 6). 122 , 124 , 194 따라서 조절되지 않는 UPR은  acinar 세포 손상 및 세포 사멸의 시작을 초래합니다. 194 흥미롭게도, HMG-coA 환원효소 억제제와 같은 약물이 UPR에 작용하여 응급실 스트레스를 감소시키는 것으로 나타났하였다.. 195 관찰 연구는 또한 HMG-coA 환원효소 억제제(OR을(를) 실시한다 0.29)로 치료법받은 사람의 췌장염 발병률이 더 낮다는 것을 문서화합니다. 196 더욱이, 기존의 스타틴 요법은  인간의 췌장염 중증도 감소와 관련이 있다. 197 저자가 아는 한, 췌장염이 있는 개에 대한 HMG-coA 환원효소 억제제의 사용을 조사한 연구는 진행되지 않았다.\n\n\n\n소포체 스트레스와 풀린 단백질 반응. 생리학적 조건에서 소포체 스트레스는 풀린 단백 질 반응에 의해 상쇄되어 세포 손상을 방지합니다. 그러나 AP에서 과도하고 장기간의 응급실 스트레스는 부적응 UPR을 초래하고  그에 따른 NF-κB의 상향 조절을 초래하여 acinar 세포 손상을 초래합니다\n췌장에 염증이 생긴 상태. 198, 199, 200, 201 산화 방지제는 실험 모델에서 췌장 손상을 줄이는 것으로 나타났하였다.. 그러나 이것은 자연발성 질병을 중심으로 한 임상시험의 결과와 대조를 이룬다. 202 , 203 , 204 결정적인 연구는 일부 임상시험에서 항산화제의 효능 부족을 설명하는 데 도움이 될 수 있하였다.. 205 Booth 등은 활성산소종(ROS)이 췌장 아시나르 세포의 세포사멸을 촉진하고 ROS의 억제가 병리학적 괴사를  초래한다는 것을 보여주었으며, 이는 췌장염 동안 췌장 아시나르 세포 내에서 ROS의 예상치 못한 보호 역할을 시사합니다. 205 호중구의 산화 스트레스에 관한 대조적인 연구 결과가 주 목되었는데, 이는 췌장 손상에서 ROS의 이중 역할을 시사한다. 205 , 206 이 이중 역할은 산화 스 트레스 경로의 조작을 복잡하게 만들 수 있다. 이러한 결과를 감안할 때, 치료법적 조작을 고려하기 전에 췌장염이 있는 개에서 산화 스트레스의 역할을 조사하기 위한 추가 연구가 필요하다에 대한 주요 항목이 논의된다. 연구는 주요 저자의 기관에서 자발적인 AP를 가진 개에서 반응성 대사 산물 농도, 혈장 항산화 잠재력 및 소변 F2-이소프로스탄 농도를 평가하기 위해 진행되고 있습니다.\nAP의 임상 경과를 결정하는 데 관련된 또 다른  요인은 비에스테르화 지방산(NEFA)의 역할입니다. 54 , 55 췌장 리파아제에 의한 내장 지방의 지방 분해는 전신  염증과 장기 부전을 초래하는 NEFA의 형성을 초래합니다(그림 7). 54 비에스테르화 지방산은 괴사 염증 반응과 무관 하게 AP의 중증도를 변화시키는 것으로 나타났습니다. 207 유리 지방산도 저칼슘혈증을 유발하는 것으로 나타났하였다.. 208 NEFA에 의한 장기 부전의 기전은 미토콘드리아 복합체 I  및 V의 억제와 세포 내 칼슘의 방출과 관련이 있는 것으로 의심된다. 209 NEFA의 전신 효과는 신장에서 미 토콘드리아 손상의 유도에 의해 입증되었습니다. 209 , 210 이러한 경로의 치료적 조작은 AP의 조절에서 고려되어 왔다. 췌장에 염증이 생긴 상태. 211 또한, 리파아제의 억제는 NEFA의 생성을 감소시키는 것을 목표로 하는 치료법 표적으로 간주된다에 대한 주요 항목이 논의된다. 리파제 억제제인 올리스타트는 실험적 A P에서 장기 부전과 사망률을 감소시킨다.207 다른 사례 보고에서는 오르리스타트가 일부 사람들에게 췌장염을 유발할 수 있다고 제안했으며, 따라서 리파제 억제제가 의료적 사용을 고려하기 전에 질병 결과에 미치는 영향을 조사하기 위해 더 많은 연구가 필요하다고 제안했다. 212 의\n\n\n\n췌장 효소 누출 및 AP의 발병기전에서 지방산의 역할. 췌장 효소, 특히 고전적인 췌장 리파아제가 췌장 내 및 췌 장 주위 지방으로 누출되면 비에스테르화 지방산이 생성됩니다. 이러한 비에스테르화 지방산은 전 신 염증과 장기 부전을 유발합니다. 따라서, 내장 지방 조직의 수준은 AP Source을(를) 실시한다 이 수치는 de Oliveira et al. J Clin Invest. 2020의 허가를 받아 조정되었습니다. 130(4):1931-1947년\n췌장염의 잠재적인 초기 기전에 대해 논의한 후, 췌장염의 발병과 질병의 중증도는 스트레스 요인과 보호 기전 사이의 균형에  달려 있으며, 여러 유전적 및 환경적 요인이 개인의 위험 프로필을 수정한다는 점에 유의하는 것이 중요합니다(그림 1B). 139 췌장의 보호 기전은 다음과 같다을(를) 실시한다 비활성 효소 발생원으로서의 소화 효소의 합성 및 저장, 효소 발생으로부터 리소좀 효소의 물리적 분리, 췌장 분비 트립신 억제제, 접합 과립의 자가활성화를 위한 최적이 아닌 pH, 췌관의 단방향 흐름, 혈관 내 순환 항단백질 분해효소 등. 93 Acinar 세포 손상은 염증 매개체의 방출을 초래하고, 이 매개체는 췌장 성상 세포에 의해 증 폭되어 전신 염증 반응뿐만 아니라 acinar 세포 손상을 촉진하는 괴사 염증 증폭 루프를 초래합니다. 139 아시나르 세포 손상의 임계 임계값은 임상 감염이 발생하기 전에 필요한 것으로 보입니다(그림 1A, B 및 8). 139 이 임계 역치 이론은 췌장 리파아제의 이상을 해석하거나 의료적 질병이 없는 상태에서 췌장염을 암시하는 소견을 영상화할 때 중요하다. 이 이론은 다양한 병태생리학적 메커니즘이 각 개에게 작용할 수 있지만 임상 감염은 특정 임상적 임계값에 도달한 경우에만 발생하고 심각한 췌장염은 다른 임계값에 도달했을 때만 발생한다고 제안합니다. 이 이론은 개의 췌장염을 중심으로 한 유용한 모델을 제공할 수 있습니다. 이러한 임계값은 실제 임계값이 아니라 이론적인 임계값일 가능성이 높으며  실제 임계값은 개마다 크게 다를 수 있다는 점에 유의하는 것이 중요합니다.\n\n\n\n췌장염의 제안된 발병 기전. 이 그림은 의료적으로 명백한 급성 췌장염의 발병에서 제안된 주요 병태생리학적 기전을 간략하게 설명합니다. UPR, 풀린 단백질 반응; *, 문맥별 전염증 역할 출처을(를) 실시한다 이 그림은 Barreto et al. Gut. 2021의 허가를 받아 조정되었습니다. 70:194‐203\n4. 결론\n대부분의 췌장염 사례는 특발성으로 생각되지만, 개의 췌장염 병인에 대한 지식은 사람보다 제한적이며 잠재적 위험 요인을 평가하는 철저한 판단 작업이 항상 진행되는 것은 아닙니다. 따라서, 대부분의 경우 cryptogenic AP라는 용어가 더 적절할 수 있하였다.. 췌장염이 의심되는 모든 개에 대해 철저한 의학적, 수술적, 약물적, 식이 요법 병력이 나타나며, 그 결과는 췌장염이 재발하는 개에게 특히 중요할 수 있하였다.. 약물과 췌장염 사이에 시간적 연관성이 있는 경우, 그 관계는 인과적 또는 연관성일 수 있하였다.. 약물 또는 기타 위험 요인이 췌장염과 관련이 있을 가능성이 있다고 판단되는 경우, cPLI와 같은 객관적 지표는 위험 요인 제거를 통한 췌장 염증 감소를 확인하는 데 유용할 수 있하였다.. 그러나 인과 관계를 증명하기  위해 반복 노출이 필요합니다. 많은 전신 감염이 반려견의 췌장염에 대한 잠재적 위험 요인으로 확인되었으며, 임상 징후가 없는 상태에서 생화학적 마커 또는 영상이 췌장 염증을 암시하는 경우, 이는 임상 감염에 필요한 임계 임계값 미만의 2차 아시나르 세포 손상을 반영할 수 있습니다.\n최근 몇 년 동안 췌장염의 병태생리학적 메커니즘을 중심으로 한 중요한 통찰력을 얻었으며, 그 중 많은 부분이 복잡한 상호 작용과 상황에 따라 표현되는 것으로 보입니다. 동물 모델, 더 구체적으로 말하자면 녹아웃 마우스의 사용은 이러한 상호 작용을 결정하고 명백히 모순되는 연구을 중심으로 한 잠재적인 설명을 설명하는 데 매우 중요했습니다. 이러한 연구에서 얻은 기계론적 통찰력은 치료법 표적을 식별하는 데 가능성을 제공하지만, 종 특이적 또는 병인학적 기전으로 인해 실험 연구의 결과가 자발적 질병을 가진 개와 직접적인 관련이 없을 수 있음을 의미할 수 있습니다에 대한 주요 항목이 논의된다.\n\n\n\n"}