{
  "title": "50. 건강한 개 및 울혈성 심부전이 있는 개에게 푸로세미드를 경구 투여한 후 이뇨제 반응의 예측 및 측정",
  "author": "케리 A 러프란",
  "publisher": "Wiley Periodicals LLC",
  "department": "내과",
  "disease": "50. 건강한 개 및 울혈성 심부전이 있는 개에게 푸로세미드를 경구 투여한 후 이뇨제 반응의 예측 및 측정\n1. 소개\n울혈성 심부전(CHF)은 개와 인간의 수분과 나트륨(Na) 저류를 촉진하는 일련의 혈역학적, 신경호르몬 및 심신적 반응에서 비롯됩니다. 증가된 총 체수분은 주로 세포 외 공간에 축적되며, 그 대부분은 혈장 부피와 같은 양이 적은 간질입니다. 전신 Na 함량은 레닌 안지오텐신 알도스테론 시스템(RAAS)의 활성화와 신장의 Na 농도 증가에 이차적으로 증가합니다. 나트륨은 세포 외의 수분 균형을 조절하는 1차 용질을 나타내기 때문에 울혈 발달에 특히 중요합니다.\n만성심부전증이 있는 개와 사람 모두에게는, 코막힘을 완화하고 임상 징후를 완화하기 위해 푸로세마이드(furosemide)와 같은 이뇨제가 처방됩니다. 두 종 모두에서 투여는 \"환자의 편안함 유지 및 증상 완화 및 과도한 부피 감소\"라는 임상 신조에 따라 유도되지만, 이러한 주관적 접근에는 상당한 한계가 있으며, 이뇨제 반응성 또는 효율성이라고 하는 이뇨 효과의 정량화는 인간을 대상으로 한 상당한 최근 연구의 주제입니다. 이뇨제 반응성의 측정에는 소변량(uVol), 순 체액 손실, 체중 감소, Na의 분획 배설 및 소변 나트륨(uNa) 배설이 포함됩니다. 특수 사육된 개에서 uVol per mg furosemide 형태의 이뇨제 반응성을 조사했으나, 푸로세미드 경구 투여 후 자발적 심장 질환이 있는 개에 대한 데이터는 부족하다.\n이뇨제 반응성(LDR)이 낮은 개를 식별하는 능력이 도움이 될 것입니다. 임상의들은 만성심부전이 진행됨에 따라 \"적절한 충혈 완화 치료에도 불구하고 지속적인 울혈\"이 유지되는 경우가 많으며, 이러한 이뇨제 내성이 사망률 및 입원 증가와 관련이 있다는 것을 오랫동안 인식해 왔습니다. 중증 만성 만성 만성 심부전을 앓고 있는 개의 6-25%가 인간 의학에서 채택한 다양한 기준에 따라 LDR을 가지고 있었다.\n이뇨제 반응성을 측정하는 것은 어려운 일입니다. 이뇨제 투여 후 여러 시간에 걸친 누적 uVol 및 uNa 배출량은 인간 및 실험견에서 성실하게 수집 및 측정되었지만 대부분의 임상 환경에서는 실행 가능하지 않습니다. 대신, 규정된 시점에서 채취한 샘플을 사용하여 총 uNa 출력과 uVol을 예측하는 것이 매력적인 대안입니다. 푸로세미드를 일정한 비율로 주입하는 건강한 개에서 소변 Na 농도([uNa]) 대 소변 칼륨 농도([uK]) 비율([uNa]:[uK])은 5시간 누적 소변량과 강한 상관관계가 있습니다. 인간의 경우, 경구용 부메타늄화물 투여 후 1-2시간 후에 실시한 스폿[uNa], 소변 크레아티닌 농도([uCr]), 혈청 크레아티닌 농도([sCr])를 이용한 신장 생리학적 원리에 기초한 예측 방정식은 6시간 uNa 배출량(r=0.91, P < .0001)과 밀접한 상관관계를 보였으며 나쁜 나트륨 이뇨 반응을 정확하게 예측했다. 본 연구에서는 유사한 접근법이 개의 경구용 푸로세미드 투여 후 7시간 동안 누적 uNa 배출량과 uVol을 예측할 수 있으며, 이러한 지표가 LDR을 가진 개를 식별할 수 있다는 가설을 세웠다. 우리가 uNa 배설을 특히 강조하는 이유는 Na가 세포 외 수분 균형에서 우월하기 때문입니다. 본 연구는 푸로세미드 경구 투여 후 건강한 개와 만성심부전증 개에서 이전에 개발된 예측 방정식의 수정을 사용하여 관찰 및 예측된 7시간 uNa 배출량과 uVol의 상관관계를 파악하고, 예측된 값을 사용하여 LDR의 검출을 탐색하는 것을 목표로 했습니다.\n2. 재료 및 방법\n전향적 임상시험이 설계되었다. 연구 프로토콜은 University of Pennsylvania 기관 동물 관리 및 사용 검토 위원회의 승인을 받았으며 정보에 입각한 소유자의 동의를 얻었습니다. 펜실베니아 대학의 동물병원의 고객과 직원으로부터 두 개의 개 코호트를 모집했는데, 여기에는 심장 질환 또는 전신 질환, 잡음 또는 심장 약물 투여의 이전 또는 현재 병력이 없는 건강한 개와 만성 만성 만성 질환의 ≥3mg/kg/d 푸로세미드 경구 투여를 받은 심장 질환이 있는 개 코호트가 포함되었습니다. 이 연구는 병원 입원 및 푸로세마이드(3mg/kg PO) 투여 후 180, 270, 420분에 uVol을 측정하고 이뇨제 투여 전 30분 이내, 투여 후 180분 및 270분 후에 기준선에서 혈청 및 소변의 스팟 샘플링을 포함했습니다. 180분과 270분의 시점은 4마리의 개를 대상으로 한 파일럿 연구에서 최대 소변 생성 속도를 예측하기에 가장 좋은 시간대로 설정되었습니다(데이터는 표시되지 않음). 현재 연구에서는 각 시점에 개를 밖으로 데리고 나갔고 모든 배뇨된 소변은 유출 또는 누락된 소변을 제거하거나 줄이기 위해 다양한 용기, 컵 및 용기를 사용하여 수집했습니다. 개가 자발적으로 배뇨를 하지 않았거나 그 시점 이전에 소변을 본 경우, 방광천자를 시행하고 5-10mL의 소변을 채취하여 시점별 소변 전해질을 측정했습니다. 각 시점에서, 측면 누운 개를 대상으로 방광 초음파를 실시하고 자발적 배뇨 전후의 방광 부피를 소변 mL = 0.2 × π× L × W × (H 1 + H 2)/2 (H 1 + H 2)/2 여기서 L = 시상 길이, W = 가로 너비, H 1 = 시상 높이, H 2 = 가로 높이. 22 , 23 각 시점에서의 uVol은 자유 포획 및 방광천자에 의해 얻어진 소변의 총량으로 계산되었다. 개가 특정 시점 이전에 케이지에서 소변을 본 경우, 케이지 침구의 무게를 측정하고, 침구의 건조 중량보다 큰 각 그램에 대해 1mL의 소변을 시점의 총계에 추가했습니다. 연구 기간 동안 물이 임시로 제공되었으며 물 소비량이 기록되었습니다. 7시간 연구 기간(mL/kg/7시간)의 총 uVol은 180분, 270분, 420분에서의 uVol에서 기준선에서 초음파에 의한 방광 용적을 뺀 값, 420분에 남아 있는 초음파에 의한 방광 용적에 더한 값을 체중으로 나눈 값으로 계산되었습니다. 총 uNa 출력(mEq/kg/7h)은 각 시점에서 uVol ×[uNa]의 합으로 계산하고 체중으로 나눈 값입니다. 신장의 자유로운 수분 배설을 나타내는 단위 없는 값인 전해질 없는 수분 제거율(EFWC)은 uVol ×(1 − [[uNa] + [uK]/[sNa]])로 계산되었습니다. 24 EFWC 값 0은 혈장에 대한 등장성 소변 생성을 나타내고, EFWC 값 >0은 용질이 증가하는 소변 부족을 나타내며, EFWC 값 <0은 용질이 풍부한 소변이 점점 더 많이 생성됨을 나타냅니다. 7시간의 연구 기간이 끝난 후, 개들은 퇴원하였고, 만성심부전으로 푸로세미드를 투여받은 경우, 저녁 복용량을 조절하여 매일 정기적으로 투여되는 푸로세미드 복용량을 달성하였다. 연구 기간 동안 각 개가 소비한 물의 총량을 측정했습니다. 순 수분 및 순 Na 균형은 각각 물 섭취량에서 누적 uVol을 뺀 값과 식이 Na 섭취량에서 누적 uNa 산출량을 뺀 값으로 계산되었으며, 여기서 값 <0은 순 수분 또는 Na 손실을 나타내고 값 >0은 순 수분 또는 Na 이득을 나타냅니다.\n기준선인 180분 및 270분 시점에서 정맥 천자를 통해 최대 4mL의 혈액을 채취하고 [sCr] 및 혈중 요소 질소(BUN), Na([sNa]), 염화물([sCl]) 및 칼륨([sK])의 혈청 농도를 병원 내 임상 실험실에서 측정했습니다. 소변 크레아티닌 농도와 [uNa] 및 [uK]를 각 시점에서 측정했습니다. 푸로세미드의 존재 하에서 미네랄로코르티코이드 유도 원위 세뇨관 Na 유지에 대한 대용물인 [uNa]:[uK]의 비율을 13 으로 계산하였다. 연구 당일 아침에 도플러 혈압(모델 811-B, Parks Medical, Aloha, Oregon), PCV, 기준선 소변 및 혈청 변수, 방광 부피를 푸로세미드 투여 전 30분 이내에 측정했습니다. 추정 사구체 여과율(eGFR)(mL/min/kg)은 2.6 × 1/[sCr]로 계산되었습니다. 아침에 푸로세미드 이외의 심장약을 투여하고 투여한 시간을 기록하고, 아침 식이 Na 섭취량을 계산하기 위해 식단의 종류와 양을 사용하였다.\n2.1. 7시간 누적 uNa 출력량 및 uVol 예측\n7시간 uNa 산출량 및 uVol은 IV 루프 이뇨제 투여 후 CHF가 있는 사람에서 6시간 uVol 및 uNa 산출량을 정량화하기 위해 개발된 방정식을 수정하여 예측되었습니다. 이 방정식은 잘 정립된 기본 신장 생리학적 원리, 즉 uVol이 소변 농도 또는 세뇨관 내 희석 정도에 따라 조정된 GFR과 동일하다는 원칙에 기초했습니다. 크레아티닌은 건강과 만성세뇨관 모두에서 세뇨관에서 재흡수나 분비가 거의 일어나지 않으며, sCr 대 uCr의 비율은 세뇨관 농도 또는 희석 정도를 반영합니다. 따라서, uVol 형성의 순간 속도는 GFR과 [sCr]:[uCr] 비율의 곱으로 도출될 수 있습니다. uVol 형성 속도에 [uNa]를 더 곱하여 uNa 배설 속도를 계산할 수 있습니다. 누적 uNa 출력은 이 비율에 시간 상수를 곱하여 계산됩니다. 인간의 경우, 3.25시간의 시간 상수와 이뇨제 투여 후 1-2시간 후에 채취한 스팟 소변은 6시간의 채취 기간 동안 uNa 배출량을 정확하게 예측했습니다. 인간의 추정 GFR은 [sCr], 성별, 연령 및 인종을 기준으로 계산되었으며, 체표면적(BSA) 및 스팟 소변 샘플과 함께 총 6시간 uNa 출력(mEq/피험자)은 방정식 (1)을 사용하여 예측되었습니다. 방정식을 도출하는 동안 존재하는 특정 단위에 대한 추가 정보는 추가 정보로 제공됩니다.\nPred나는cteduNa⁢output⁡(mEq)=eGFR×(BSA1.73)×([sCr][uCr])×60⁢m나는nh×3.25h×([uNa]1000mL/L)\t(1)\n개의 경우 [sCr]를 사용하여 25 GFR을 추정할 수 있습니다(즉, eGFR⁡(mLm나는nkg) =1[sCr] ×2.6)는 예측된 uNa output 방정식을 다음 중 하나로 줄이며, 유일한 차이점은 상수가 가장 간단한 형태로 감소하는지 여부입니다.\nPred나는cteduNa⁢output⁡(mEq/kg)=1[uCr]×2.6×60×3.25×([uNa]1000)\t(2)\n\nPred나는cteduNa⁢output⁡(mEq/kg)=[uNa][uCr]×0.507\t(3)\n유사하게, 개의 예측된 uVol은 아래에 나열된 2개의 단순화된 방정식 중 하나로 계산할 수 있으며, 다시 말하지만 유일한 차이점은 상수가 가장 간단한 형태로 감소되는지 여부입니다.\nPred나는cteduVol(mL/kg)=1[uCr]×2.6×60×3.25\t(4)\n\nPred나는cteduVol(mL/kg)=1[uCr]×507\t(5)\n이러한 선험적 계산을 사용하여 개에서 관찰된 uNa와 uVol 사이에 상당한 상관관계가 존재할 것이라는 가설을 세웠습니다. 소변 형성의 생리학적 원리는 질병의 유무에 따라 동일하며, 광범위한 uNa 및 uVol 값에 대한 방정식을 검증하기 위해 건강한 개와 만성심부전성 반려견을 모두 연구에 포함시켰습니다. 또한 LDR에 대한 잠재적 지표를 탐색하고자 했습니다. 이에 따라, 인간  및 실험견에 대한 연구에서 채택된 LDR에 대한 5가지 다른 정의가 구성되었다(표 1). 각 개가 충족하는 기준의 수를 표로 작성하고, LDR을 ≥3 기준을 충족하는 개로 임의로 정의했습니다. 이 정의에 기초하여, 우리는 예측된 uNa와 uVol이 LDR이 의심되는 개와 없는 개를 높은 민감도와 특이도로 구별할 것이라는 가설을 세웠다. 연구자들이 건강한 개를 대상으로 실시한 파일럿 연구에서 일부 개에서 푸로세미드 투여 후 uVol이 예기치 않게 낮게 나타났으며(미발표 데이터), 병원 내 스트레스, 물 마시는 거부감, 교감신경계 및 RAAS 활성화가 일시적으로 LDR 31 을 유발할 수 있으며, 연구 프로토콜을 받는 건강한 개와 만성심부전성 반려견 모두에서 광범위한 uNa 출력과 uVol이 존재할 수 있다는 가설을 세웠다.\n표 1.\n인간과 목적 사육 개에서 기준 또는 데이터의 수정을 기반으로 경구용 푸로세미드를 투여한 연구견의 낮은 이뇨제 반응에 대한 5가지 선험적 기준\n인간 또는 실험 기준\t수정된 연구 기준\n1. 이뇨제 투여 후 첫 2시간 이내에 스팟 [uNa] <50-70 mEq/L 10\t1. 이뇨제 투여 후 첫 3시간 이내에 [uNa] <60 mEq/L 스팟\n2. 스팟 [uNa] : 이뇨제 투여 후 첫 6 시간 동안 [uK] 비율 <1 29\t2. 스팟 [uNa] : 이뇨제 투여 후 첫 7 시간 동안 [uK] 비율 <1\n3. 이뇨제 투여 후 처음 6시간 동안 모든 시간 동안 uVol <100-150mL/인/시간(~1.5mLs/kg/h) 10\t3. uVol 투여 후 처음 7시간 동안 모든 시간에 <1.5mL/kg/h\n4. 특수 사육 개는 푸로세미드 2mg/kg PO qd 16 에 따라 2-3.6mEq/kg/24h의 uNa 출력을 보였습니다.\t4. 이뇨제 투여 후 첫 7시간 동안 총 uNa 출력/kg <1.0mEq/kg\n5. 성공적인 혼잡 완화에는 순 유체 손실 7 , 30 , 31 이 포함됩니다.\t5. 이뇨제 투여 후 처음 7시간 동안 순 양성 수분 획득\n\n약어: uNa, 소변 나트륨; [uNa], 소변 나트륨 농도; [uNa] : [uK], 소변 나트륨 대 소변 칼륨 농도 비율; uVol, 소변량.\n2.2. 통계적 방법\n기술 데이터는 Kologorov-Smirnov 검정을 사용하여 정규성을 평가했으며 모수 데이터의 경우 평균(SD) 또는 비모수 데이터의 경우 중앙값(범위)으로 보고되었습니다. 건강한 개와 만성심부전증 반려견 간의 기준선 차이를 표로 만들고 t 검정, Mann-Whitney U 및 Fisher의 정확 검정을 사용하여 비교했습니다. 연구 시점에 따른 종단 데이터의 차이는 1방향 분산 분석 또는 Friedman의 검정을 사용하여 평가한 후 각각 Holm-Sidak 또는 Dunn의 다중 비교 검정을 사용하여 평가했습니다. 식 (2) 및 (3)을 사용하여 관찰된 uNa와 예측된 uNa 및 식 (4) 및 (5)를 사용하여 관찰 및 예측된 uVol 간의 상관관계는 Pearson의 r 또는 Spearman의 r의 계산에 의해 수행되었습니다. 상관관계의 강도는 r 또는 r s 값이 각각 0.9‐1.0, 0.7‐0.89, 0.5‐0.69, 0.3‐0.49 및 0‐0.29일 때 매우 높음, 높음, 보통, 낮음 및 무시할 수 있는 것으로 설명되었습니다. 방정식 상수의 선험적 선택의 적합성은 관측된 uNa와 uCr 사이의 제곱합을 최소화하는 상수의 사후 계산에 의해 테스트되었습니다. ROC(Receiver Operating Characteristic) 곡선 및 AUC(Area Under the Curve)를 사용하여 의심되는 DR 개를 식별하기 위해 예측 방정식의 민감도와 특이성을 결정했습니다. 식이 Na, 심장 질환의 유무, 연령, 체중, 혈압, PCV 및 기준선 [sCr], BUN, [sNa], [sCl] 및 [sK]가 총 uNa 출력에 미치는 영향을 조사하기 위해 일변수 선형 또는 로지스틱 회귀를 수행했습니다. 개 수가 적기 때문에 다변수 회귀분석은 수행되지 않았습니다. 상자 및 수염 그림은 중앙값(선), IQR(상자) 및 각각 75번째 및 25번째 백분위수 값(수염)의 위와 아래의 IQR의 1.5배를 표시합니다. 통계 계산은 소프트웨어(Excel for Mac v16.28, Microsoft Corp., Redmond, Washington; Prism 8.3.0, GraphPad Software, La Jolla, California)를 참조하십시오. 통계적 유의성은 P < .05였다.\n3. 결과\n3.1. 연구 코호트\n8마리의 건강한 개와 6마리의 CHF 개를 포함하여 14마리의 개가 모집되었습니다. 건강한 개와 만성심부전견의 비교를 포함한 기준 데이터가 표 2에 나와 있습니다. 개 품종에는 6 개의 혼합 품종, 2 개의 래브라도 리트리버, 2 명의 카발리에 킹 찰스 스패니얼, 1 명의 골든 리트리버, 아메리칸 핏불 테리어, 시바 이누 및 복서가 포함되었습니다. 4마리의 개는 퇴행성 승모판 질환을 앓고 있었고 2마리는 확장성 심근병증을 앓고 있었습니다.\n표 2.\n연구 모집단의 특성\n\t정상(n = 8)\t심장 질환 (n = 6)\tP\n나이 (년)\t6.3 (2.5)\t9.5 (1.7)\t.02\n성별 (남/여)\t4/4\t6/0\t.08\n체중 (kg)\t17.3 (6.0)\t22.9 (15.7)\t.41\n품종\t혼합, n = 4\t혼합, n = 2\t\n\t핏불 테리어\tCKCS, n = 2\t\n\t시바 이누\t복서\t\n\t래브라도 리트리버\t래브라도 리트리버\t\n\t골든 리트리버\t\t\nBCS는\t5 (5‐5)\t5.5 (5‐6.25)\t.06\n혈압 (mm Hg)\t136 (16)\t121 (16)\t.12\n아침 식사의 식이 Na (mg/kg)\t15.3 (12.8‐21.8)\t10.0 (0‐57.2)\t.14\n식사부터 푸로세미드 투여까지의 시간(분)\t130 (56)\t105 (53)\t.45\n기준 실험실 값\t\t\t\nPCV(%)\t49 (4)\t45 (5)\t.16\n롤빵 (mg/dL)\t16 (3)\t23 (8)\t.04\n크레아티닌 (mg/dL)\t1.0 (0.2)\t1.2 (0.4)\t.22\neGFR (mLs/분/kg)\t2.64 (0.59)\t2.32 (0.83)\t.41\n혈청 Na (mEq/L)\t145 (2)\t143 (2)\t.20\n혈청 Cl (mEq/L)\t115 (2)\t108 (2)\t<.0001\n세럼 K (mEq/L)\t4.3 (0.3)\t4.6 (0.4)\t.10\n미국\tN = 6, 1.037 (1.016‐1.040)\t1.013 (1.006‐1.025)\t.009\n소변 Na (mEq/L)\t엔 = 6, 75 (79)\t30 (25)\t.22\n소변 K (mEq/L)\t엔 = 6, 117 (69‐261)\t37 (20‐117)\t.02\n소변 크레아티닌 (mg/dL)\t엔 = 6, 248 (104‐343)\t47 (43‐174)\t.004\n심장 약물\t\t\t\n푸로세미드 (mg/kg/d)\t해당 없음\t엔 = 6, 3.7 (1.0)\t\n아세이 (mg/kg/d)\t\t\t\n에날라프릴\t해당 없음\t엔 = 5, 0.79 (0.21)\t\n베나제프릴\t해당 없음\t엔 = 1, 0.38\t\n스피로놀락톤(mg/kg/d)\t해당 없음\t엔 = 6, 2.1 (0.8)\t\n피모벤단(mg/kg/d)\t해당 없음\t엔 = 6, 0.60 (0.09)\t\n\n약어: ACEI, 안지오텐신 전환 효소 억제제; BCS, 신체 상태 점수; BUN, 혈액 요소 질소; Cl, 염화물; eGFR, 추정 사구체 여과율; F, 여성; K, 칼륨; M, 남성; Na, 나트륨; NA, 해당 없음; USG, 소변 비중.\n3.2. 후로세미드 나트륨 이뇨증과 이뇨\n푸로세미드는 연구 코호트에서 시간 의존적 방식으로 나트륨 이뇨와 이뇨를 유도했다. uNa 배설의 시간당 속도는 180-270분 및 270-420분에 비해 0-180분에서 가장 컸습니다. 시간별 uVol은 0분에서 180분 및 270분에서 420분에 비해 180분에서 270분에서 가장 컸습니다. 7시간의 연구 기간 동안 평균 총 uNa 출력은 2.63mEq/kg(SD, 1.44mEq/kg)이었고 평균 총 uVol은 23.5mL/kg(SD, 9.68mL/kg)이었습니다. 관측된 uNa 출력과 관측된 uVol 사이에는 유의하고 중간 정도의 선형 상관관계가 있었습니다(r = 0.643, [95% 신뢰 구간[CI], 0.170-0.875], P = .01). 3마리의 CHF 개는 관계에서 눈에 띄게 벗어났으며 낮은 uNa 출력으로 상대적으로 큰 누적 uVol을 분비하는 것이 특징이었습니다. 건강한 반려견과 만성심부전을 가진 개 간에 7시간 uNa 산출량 또는 uVol에는 유의한 차이가 없었다. eGFR은 시점 간에 유의한 차이가 없었다(기준선: 2.51mL/min/kg[SD, 0.69mL/min/kg]; 180분: 2.40mL/min/kg[SD, 0.62mL/min/kg]; 270분: 2.43mL/min/kg[SD, 0.65mL/min/kg], P = .07). 기준선[sCr](r = -0.59, P = .02)은 누적 uNa 출력과 적당히 상관관계가 있었습니다. BUN (r = 0.52, P = .06), CHF 유무 (r = 0.30, P = .29), 연령 (r = 0.37, P = .19), 체중 (r = 0.17, P = .54), 혈압 (r = 0.14, P = .60), [sNa] (r = 0.17, P = .57), [sCl] (r = 0.15, P = .63), [sK](r = 0.04, P = .87) 및 PCV(r = 0.24, P = .38)입니다.\n푸로세미드(3mg/kg)의 경구 투여 후 14마리의 개에서 A, 소변 Na 배설(uNa) 및 B, 소변량(uVol)의 시간당 비율\n건강한 개 8마리(파란색 원)와 울혈성 심부전이 있는 개 6마리(주황색 사각형)를 포함한 개 14마리에서 푸로세미드(3mg/kg)의 경구 투여 후 7시간 동안 관찰된 누적 소변량(uVol) 대 관찰된 누적 소변량(uNa) 배설. 각 개가 충족하는 낮은 이뇨제 반응성에 대한 기준(5점 만점)의 수가 괄호 안에 표시되어 있습니다\n건강한 개 및 울혈성 심부전(CHF)이 있는 개에서 푸로세미드(3mg/kg) 경구 투여 후 7시간 이상 소변 Na(uNa) 배설 및 소변량(uVol)\n3.3. 현물 소변 검체를 이용한 누적 uNa output 및 uVol 예측\n180분(r s = 0.763, [95% CI, 0.375-0.923], P = .002) 및 270분(r = 0.816, [95% CI, 0.503-0.940], P < .001)의 현물 샘플을 사용하여 예측된 7시간 uNa 출력은 관찰된 uNa 출력과 유의하면서도 높은 상관관계가 있었습니다. 180분(r = 0.598, [95% CI, 0.098-0.857], P = .02) 및 270분(r = 0.791, [95% CI, 0.450-0.931], P < .001)에서 현물 표본을 사용하여 예측한 uVol은 관측된 총 uVol과 유의하고 중간 정도의 상관관계를 보였습니다.\n투여 후 180분(T180) 또는 270분(T270)에 얻은 스팟 소변 샘플을 활용한 예측 방정식을 사용하여 건강한 개 8마리(파란색 원)와 울혈성 심부전이 있는 개 6마리(주황색 사각형)를 포함하여 푸로세미드(3mg/kg)의 경구 투여 후 개 14마리에서 7시간 소변 Na 배설(uNa)을 예측과 관찰 비교 관찰\n투여 후 180분(T180) 또는 270분(T270)에 얻은 현물 소변 샘플을 활용한 예측 방정식을 사용하여 건강한 개 8마리(파란색 원)와 울혈성 심부전이 있는 개 6마리(주황색 사각형)를 포함하여 푸로세미드(3mg/kg)의 경구 투여 후 개 14마리에서 7시간 소변량(uVol)을 예측과 관찰 비교했습니다\n3.4. 이뇨제 반응성 예측\n14마리 중 5마리(36%)의 개가 LDR에 대한 ≥3 기준을 충족했으며, 건강한 개 2마리와 CHF 개 3마리가 포함되었습니다. 5가지 LDR 기준을 각각 충족하는 개의 수는 표 3에 나와 있습니다.\n표 3.\n낮은 이뇨제 반응성에 대한 5가지 선험적 기준을 각각 충족하는 개의 수. 전체 연구 코호트의 중심 경향은 평균(SD) 또는 중앙값(범위)으로 나열됩니다.\n표준\t시간(분)\t# 기준을 충족하는 개\t전체 코호트의 중심 경향\n1\t180\t3/14 (21%)\t120 (56) mEq/L\n2\t180\t3/14 (21%)\t2.83 (1.84)\n\t270\t3/14 (21%)\t3.28 (1.96)\n\t420\t1/14 (7%)\t1.98 (1.11)\n3\t0‐180\t4/21 (29%)\t3.1 (2.2) mL / 킬로그램 / h\n\t180‐270\t3/14 (21%)\t5.4 (3.3) mL / kg / h\n\t270‐420\t3/14 (21%)\t2.8 (1.5) mL / 킬로그램 / h\n4\t0‐420\t3/14 (21%)\t2.63 (1.44) mEq/kg\n5\t0‐420\t4/21 (29%)\t−7.7 (−27.3 - 53.7) mL/kg\n≥3 기준 충족\t5/14 (36%)\t\t\n\nDR로 의심되는 개 5마리의 180분 시점에 반점[uNa]은 61mEq/L(SD, 38mEq/L)로 나머지 9마리의 개(153mEq/L[SD, 32mEq/L], P < .001)에 비해 현저히 낮았다. 7시간의 연구 기간 동안 [uNa]:[uK] 비율은 uVol(180분: r = 0.731, P = .003; 270분: r = 0.747, P = .002)과 높고 유의한 상관관계가 있었으며, [uNa]:[uK]는 LDR(1.49 [SD, 0.70])이 비LDR인 개(3.36 [SD, 0.80], P < .001)보다 낮았다. LDR 개의 uNa 출력(0.99 mEq/kg[SD, 0.62 mEq/kg])은 LDR이 없는 개(3.54 mEq/kg[SD, 0.74 mEq/kg], P < .001)보다 현저히 낮았다. LDR 개(17.5 mL/kg, [SD, 11.1 mL/kg])의 uVol은 LDR이 아닌 개(26.8 mL/kg[SD, 7.4 mL/kg])보다 낮았지만, 이 차이는 유의하지 않았다(P = .08). LDR을 가진 개는 180분(LDR 개, 103.2 [SD, 174.3] 대 비 LDR 개, -58.0 [SD, 42.9], P = .02) 및 270분(LDR 개, 70.3 [SD, 108.6] 대 비 LDR 개, -33.8 [SD, 28.5], P = .02)에서 유의하게 더 많은 자유수를 배설했습니다. 순 유체 균형은 순 유체 이득을 가진 개가 더 적은 uNa를 배설하도록 uNa와 유의하고 음의 상관관계를 보였습니다(r s = -0.710, P = .006). 개는 연구 기간 동안 평균 21mL/kg(범위, 1.8-66mL/kg)의 물을 마셨습니다. LDR이 있는 개는 나머지 개(-11 mL/kg[범위, -27.3 - 20.5 mL/kg], P = .001)에 비해 순 양성 중앙값 수분 섭취량(9.0 mL/kg [범위, -2.5 - 53.7 mL/kg])을 경험했습니다. 연구 당일 아침 식이 Na 섭취량의 중앙값은 0.59 mEq/kg(범위, 0-2.49 mEq/kg)이었으며, 식이 Na 섭취량과 누적 uNa 산출량 사이에는 중간 정도의 유의한 상관관계가 있었다(r = 0.68, P = .01). 중앙값 순 Na 균형은 -2.02 mEq/kg(범위, -3.56 - 0.31 mEq/kg)이었으며 1마리의 개가 순 이득을 경험했습니다. LDR이 의심되는 개는 다른 개보다 순 Na 손실이 유의하게 적었다(LDR: -0.63 mEq/kg[SD, 0.68 mEq/kg] 대 LDR이 없는 개: -2.66 mEq/kg[SD, 0.78 mEq/kg], P < .001). LDR이 있는 개와 없는 개 간의 기준선 sNa, sCl 및 sK는 유의하게 다르지 않았습니다(데이터는 표시되지 않음).\n이뇨제 반응(LDR)이 낮은 개 5마리와 LDR이 없는 개 9마리에서 푸로세미드 경구 투여 후 7시간 경과에 걸친 A, 소변량(uNa) 출력 및 B, 소변량(uVol)\n경구용 푸로세미드 투여 후 7시간 동안 8마리의 건강한 개(파란색 원)와 울혈성 심부전이 있는 6마리의 개(주황색 사각형)를 포함한 14마리의 개에서 소변 나트륨(uNa) 배출량 대 순 H2O 손실 또는 증가. 각 개가 충족하는 낮은 이뇨제 반응성에 대한 기준(5점 만점)의 수가 괄호 안에 표시되어 있습니다\n3.5. LDR이 있거나 없는 개의 식별\n수신기 작동 특성 곡선을 사용하여 예측된 uNa 및 uVol이 5개의 LDR 개를 구별하는 능력을 평가했습니다. 180분과 270분에 예측된 uNa는 각각 0.933(95% CI, 0.804‐1.000, P=.01)과 0.911(95% CI, 0.756‐1.000, P=.01)의 AUC를 가졌다. 180분과 270분에 예측된 uVol은 각각 0.644(95% CI, 0.315-0.975, P=.39)와 0.744(95% CI, 0.466-1.000, P=.14)의 AUC를 가졌다. uNa output 및 uVol 방정식에 대한 사후 상수는 각각 0.55 및 599로 계산되었으며, 선험 값에 비해 유리하게 계산되었으며 ROC 분석의 AUC를 크게 변경하지 않았습니다(데이터는 표시되지 않음).\n경구용 푸로세미드 투여 후 180분(T180) 및 270분(T270)에 스팟 소변 샘플을 사용하여 방정식에서 예측된 소변 Na(uNa) 출력 및 소변량(uVol)을 기반으로 낮은 이뇨 반응성(LDR)을 가진 5마리의 개를 감지하기 위한 수신기 작동 특성 곡선. AUC, 곡선 아래 면적\n4. 논의\n본 연구의 주요 결과는 180분 및 270분의 스팟 소변 샘플링을 기반으로 한 방정식을 검증하여 경구용 푸로세미드 투여에 대한 반응으로 7시간 누적 uNa 배출량 및 uVol을 예측하는 것이었습니다. 이 연구의 방법론과 결과는 CHF 18 을 가진 인간에 대한 결과를 밀접하게 반영했으며 방정식의 기반이 된 기본 생리학적 원리의 타당성을 뒷받침합니다. 두 연구 모두에서 관찰된 uNa와 예측된 uNa 사이의 상관관계는 이뇨 반응이 좋지 않은 피험자와 더 강력한 반응을 보이는 피험자를 식별할 수 있을 만큼 높고 강했습니다. 본 연구의 결과는 중요한 임상적 함의를 가지고 있습니다. 만성심부전증을 앓고 있는 개는 전신 Na와 세포외 수분 함량이 크게 증가한다는 것은 오래 전부터 알려져 왔습니다. 따라서, 이뇨제 반응성, 특히 uNa 배출량에 대한 임상적 평가는 현재 수행되는 것 이상으로 만성심부전 요법을 개별화하는 데 도움이 될 수 있다.\n본 연구의 중요한 특징은 uNa 배출량에 초점을 맞춘 것인데, 이는 uVol 또는 수분 또는 체중 감소와 대조적으로 이뇨제 반응성의 가장 좋은 지표 및 중요한 임상 결과의 예측 변수로 점점 더 인식되고 있습니다. 나트륨 이뇨와 이뇨는 밀접하게 얽혀 있지만 이뇨제 반응성의 뚜렷한 측면이며, 효능의 임상 평가에서 관련이 있지만 다른 역할을 합니다. 그림 2에서 볼 수 있듯이 누적 uNa와 uVol 간의 다양한 관계는 이러한 측정값이 상호 교환할 수 없다는 사실을 강조합니다. 높은 uVol을 분비하는 개도 높은 uNa를 배설하는 것은 아닙니다. 인간의 경우, 이뇨제 투여 후 임상적 평가는 전통적으로 호흡곤란, 순수분 또는 체중 감소와 같은 증상의 완화와 혈농도와 같은 체적 고갈의 증거를 포함하지만, 이러한 기준을 충족함에도 불구하고 상당한 울혈이 지속될 수 있다. 개의 경우, 이뇨제 충혈 역시 주로 체액 손실과 증상 완화에 의해 유도되지만 두 종 모두 uVol 또는 순 수분 손실만을 근거로 반응을 나타낼 때 충혈 완화(즉, 세포 외 공간에서 수분 및 Na 제거)와 탈수(즉, 혈관 내 또는 세포 내 공간에서 수분 제거)를 분리하는 것은 매우 어렵습니다. 앞서 언급했듯이 폐 간질과 같은 세포 외 공간의 수분 균형은 주로 세포 외 용질의 90% 이상을 구성하는 세포 외 NaCl에 의해 제어됩니다. 물은 삼투압 구배에 따라 세포 외 공간과 세포 내 공간 사이를 자유롭게 확산합니다. 가장 효율적인 충혈 완화는 이상적으로 등장성(즉, ~140mEq/mL) 또는 혈장에 대한 고긴장성 소변을 사용하여 세포 내 액체를 고갈시키지 않고 세포 외액을 제거하는 것입니다. Na의 순 손실 없이 낮은 용질로 인한 과도한 수분 손실(즉, 과도한 자유수 배설)은 궁극적으로 불완전한 충혈, 재발성 부종 및 사망률 증가를 초래할 수 있습니다. 장기간의 저용질 이뇨의 무익함은 자유 수분 배설을 촉진하는 바소프레신 길항제가 사망률을 감소시킬 수 없다는 사실에 의해 입증된다. 따라서, uVol 및 순액 손실이 이뇨 반응의 중요한 구성 요소이기는 하지만, 이뇨제 반응의 궁극적인 척도는 세포 외 공간에서 Na 균형을 유지하고 신장 Na 열망이 증가한 상태에서 강제 나트륨 이뇨입니다. 세포 외 Na에서 세포 외 수분으로의 직통 선은 uNa 출력이 체액 손실보다 이뇨제 반응성의 척도로 더 많은 \"생물학적 타당성\"을 제공합니다.\n이뇨제에 의한 RAAS의 활성화, uNa 배설 및 uVol의 예측이라는 관점에서 이뇨제 반응성이 연구되었다. 푸로세미드를 일정한 비율로 주입받은 건강한 개에서 시간당 uNa 출력과 [uNa]:[uK]는 시간별 uVol(uNa 대 uVol: r = 0.996, P < .0001; [uNa]:[uK] versus uVol: r = 0.976, P < .001)는 최적 조건으로 간주될 수 있는 조건에서 Na와 uVol 사이의 밀접한 관계를 강조합니다. 본 연구에서 누적 uNa 배출량과 uVol 사이의 상관관계는 상대적으로 적었으며(r = 0.643) 특히 만성심부전증이 있는 개에서 uNa와 uVol이 어떻게 분리될 수 있는지를 강조했다. 구체적으로 말하자면, 3마리의 개가 주요 uNa와 uVol 관계에서 눈에 띄게 벗어났으며, 모두 상대적으로 많은 양의 Na-poor 소변을 배설했습니다. 임상의와 보호자에게는 투여 후 큰 uVol이 이뇨 반응이 양호하다는 신호로 해석될 수 있지만, 주로 낮은 uNa와 낮은 순 수분 손실(일부 경우에는 순 수분 증가량)의 조합으로 인해 이 3마리 모두 LDR 기준을 충족했습니다. 낮은 uNa:uVol 비율은 수질 세척 또는 강박적인 물 섭취와 같은 신장 현상에 의해 유발될 수 있으며, 연구 기간 동안 3마리의 개 중 1마리가 보인 것으로 나타났습니다. 따라서 본 연구의 결과는 uNa 배출량과 uVol을 함께 고려하는 것이 LDR을 가진 개인을 더 잘 식별하는 데 어떻게 도움이 될 수 있는지 보여줌으로써 기존 지식을 확장합니다.\n이뇨제 반응은 복잡하며 경구 생체 이용률, 세뇨관 분비, 신장 기능, 신경 호르몬 활성화 및 식이 Na 섭취를 포함한 많은 약동학, 약력학적, 생리학적 및 식이 변수의 결과입니다. 이러한 이유 중 일부 또는 전부로 인한 낮은 반응은 LDR의 형태로 간주될 수 있습니다. 개의 경우 LDR에 대한 구체적인 기준이 부족하여 추가 연구가 필요합니다. 인간의 경우 기준이 다양하며 표준 정의가 없습니다. 가장 흥미로운 기준은 사망률 증가나 입원 증가와 같은 중요한 임상 결과와 관련이 있습니다. 예를 들어, 급성 만성심부전증이 있는 사람에서 uNa <60 mEq/L은 [uNa]가 큰 사람에 비해 사망, 재입원, 기계적 순환 보조 장치 또는 가정 기반 IV 근친화성 요법의 위험이 유의하게 증가하는 것과 관련이 있습니다. 본 연구에서는 인간과 유사하게 단일 기준이 아닌 uNa 산출량, uVol 및 순 물 균형의 조합을 포함하는 여러 기준의 충족을 기반으로 LDR을 가정했습니다. 이 연구에서 우리의 주요 목표는 스폿 샘플을 사용하여 응답성을 정량화하는 방법을 검증하는 것이었습니다. 본 연구는 LDR의 정의를 검증하거나 특정 원인을 구별하기 위해 고안된 것이 아니었지만, LDR과 관련된 몇 가지 연구 결과는 언급할 가치가 있습니다. 첫째, LDR에 수반되는 uVol 및 uNa의 변화는 GFR과 세뇨관 농도 또는 희석을 통해 매개됩니다. GFR과 sCr:uCR은 정량적으로 변할 수 있지만, 예측 방법에서 표현되는 소변 형성의 지배 원리는 변하지 않기 때문에 기저 원인과 무관하게 그리고 건강과 질병 모두에서 당사의 방법으로 낮은 반응성을 감지할 수 있습니다. 둘째, 이와 관련하여, 2마리의 건강한 개가 LDR 기준을 충족했는데, 이는 건강한 개를 대상으로 한 우리의 파일럿 경험과 일치했습니다. 낮은 이뇨제 반응은 또한 저염 식단을 섭취하는 건강한 사람에게서 설명됩니다. 본 연구에서 우리는 스트레스와 입원 및 연구 절차와 관련된 교감신경 및 RAAS 활동 증가가 이뇨 반응을 둔화시킨다는 가설을 세웠다. 본 연구에서는 2마리의 건강한 개가 LDR을 앓고 있는 것으로 의심되었으며, 전체 코호트에서 여러 시점에 걸쳐 [uNa]:[uK] <1을 보인 유일한 개였으며, 이는 높은 RAAS 활성을 시사합니다. 13 셋째, LDR이 낮은 피험자에서 uNa와 uVol 사이의 구체적인 관계는 추가 연구가 가능한 기저 병인에 대한 단서를 제공할 수 있습니다. 예를 들어, 낮은 uVol과 낮은 uNa는 낮은 생체 이용률, 낮은 Na 섭취량 및 높은 RAAS 활성을 암시하는 반면, 높은 uVol과 결합된 낮은 uNa는 수질 세척, 원위 세뇨관 비대, 과도한 바소프레신 방출 또는 많은 양의 자유 수분 섭취를 암시합니다. 네 번째 중요한 고려 사항은 LDR을 정의하기 위한 특정 기준의 선택이 관련 메트릭의 예측 능력에 영향을 미친다는 것입니다. 본 연구에서는 ROC 분석이 두 지표 중 하나로 편향되는 것을 피하기 위해 uNa와 uVol을 모두 포함하는 LDR 기준을 혼합하여 사용했지만, uNa의 예측 능력이 uVol보다 훨씬 더 커서 이뇨제 반응에서 Na의 중요한 역할을 뒷받침했습니다. LDR과 관련된 다섯 번째 중요한 고려 사항은 잠재력이 있는 식이 Na입니다 AL은 이뇨제에 대한 나트륨 이뇨 반응에 깊은 영향을 미칩니다. 본 연구에서 식이 Na 섭취량은 7시간 uNa 배출량과 중간 정도의 상관관계가 있었으며, 개는 연구 당일 아침에 다양한 식이 Na를 섭취했다. 인간의 경우, 식이 Na는 표준화될 수 있으며, 이는 uNa 출력만을 기반으로 LDR을 더 잘 정의하고 검출할 수 있습니다. 식이 Na가 표준화되지 않은 상황에서는 순 Na 균형(즉, uNa 출력에서 식이 Na 섭취량을 뺀 값)에 기반한 LDR이 반응성을 나타내는 더 나은 지표가 될 수 있습니다.\n본 연구에는 중요한 잠재적 한계가 있으며, 그 중 일부는 이전에 언급되었다. 피험자 수는 적었고 추정치에 대한 신뢰 구간은 넓었는데, 이는 수의학 임상시험, 특히 본 연구와 같이 힘든 방법론을 수반하는 임상시험에서 코호트 규모에 대한 편재적인 문제를 반영합니다. 우리는 집단 간의 중요한 차이를 감지할 수 있는 충분한 능력을 갖지 못했을 수도 있습니다. 우리는 요오헥솔을 사용하여 GFR을 측정하는 대신 eGFR을 사용했습니다. 우리의 개인 소유 개는 특수 사육 개에서 수행된 것처럼 방광 카테터 삽입을 받지 않았으며 uNa 출력의 시간당 추정치 및 uVol은 각 특정 샘플링 기간으로 표시되는 기간 내의 평균값을 나타냅니다. 방광 카테터 삽입이 없는 것도 uVol이 유출되거나 누락될 위험을 증가시켰지만, 가능한 한 이를 최소화하려고 노력했다. 본 연구는 180분에 채취한 현물 소변 샘플이 0분에서 180분 사이에 생성된 소변을 나타내며, 투여 전에 개의 방광을 가능한 한 비워 두었다는 점에서 중요한 실질적 함의를 가지고 있습니다. 마찬가지로, 270분을 나타내는 스팟 소변 샘플을 채취할 때 180분에 개의 방광은 가능한 한 비어 있어야 합니다. 0 및 180 이외의 시간에 배뇨를 하는 개의 소변 및 Na 손실은 소변 구성이 축적 창의 시작부터 창의 끝까지 실질적으로 변하는 경우 스팟 결과에 영향을 미칠 수 있습니다. 이러한 한계에도 불구하고 스팟 샘플을 사용하는 제안된 방법론은 7시간 이상 생성된 소변 채취를 시도하는 것보다 임상 환경에서 수행하는 것이 훨씬 쉽고 실용적입니다. 본 연구에서 사용된 LDR의 기준은 추가 연구 및 검증을 위한 출발점으로 보는 것이 가장 좋습니다. 예를 들어, 누적 uNa <2 mEq/kg이 LDR 개에게 민감하고 특이적이라는 사실은 향후 테스트를 위한 LDR 가설을 공식화하는 데 도움이 될 수 있습니다. 본 연구에서는 LDR을 가진 개를 확인했지만 LDR의 잠재적인 약리학적, 약력학적, 신장 또는 신경호르몬 원인을 구별하지 못했습니다. 현재 인간에서 간주되는 바와 같이, LDR의 병태생리학과 기준은 uVol에 대한 강조가 적고 uNa 출력이 가장 중요한 지표로 선호됩니다. 본 연구에서는 예측된 uVol과 관측된 uVol에 비해 예측된 uNa와 관찰된 uNa 간의 상관 관계가 더 강하기 때문에 uNa 출력에 대한 고려를 용이하게 합니다. 이뇨제 반응에 대한 식이 Na의 잠재적 효과는 이미 언급되었습니다. 식이 Na와 관련된 또 다른 제한 사항은 수유와 이뇨제 투여 사이의 시간이 개들 사이에서 일정하지 않다는 사실이었습니다. 개의 물 섭취량은 상당히 다양했으며 uNa 배설에 비해 최대 uVol 형성의 지연에 기여했을 수 있으며, 이뇨제를 투여받는 개의 물 섭취 습관에 대한 구체적인 연구가 흥미롭습니다. 본 연구는 급성 만성 만성 만성 질환이 있는 개를 조사한 결과, 만성 만성 만성 심부질환을 앓고 있는 사람의 이뇨제 반응성은 급성 만성 만성 심부질환보다 이해가 잘 되지 않았다. 그러나, 앞서 언급한 바와 같이, 예측 방정식에 사용된 소변 형성 및 uNa 배출을 지배하는 기본 신장 원리는 만성 만성 만성 심부 추가 조사가 필요한 만성 만성심부전(CHF)에 특이적인 uNa 측정 방법 중 하나는 임박한 보상부전을 예측하기 위해 현물[uNa]을 사용하는 것입니다. 만성 만성심부전증을 앓고 있는 사람 37 명을 대상으로 한 연구에서, 향후 보상부전을 경험한 환자 코호트에서 첫날 아침부터 [uNa]가 지속적으로 낮았으며, 현물[uNa]은 보상부전 주에 35% 더 떨어졌다. 마지막으로, 본 연구에서 검증된 예측 방정식은 규정된 시점에서의 3mg/kg PO 푸로세미드 및 소변 샘플링에 특이적입니다. 비경구 푸로세미드 투여 또는 다른 이뇨제 치료에 대한 이뇨제 반응은 추가 연구가 필요합니다.\n결론적으로, 우리는 건강한 개와 만성심부전성 조산염 개에서 3mg/kg PO 푸로세미드 투여 후 7시간 동안 누적 uNa 출력(uNa [mEq/kg] = [uNa/uCr] × 0.507) 및 uVol(uVol [mL/kg] = 1/[uCr] × 507)을 예측하기 위해 선험적 생리학적 방정식을 검증했습니다. 소변 Na 배설과 uVol은 상호 보완적이지만, 이뇨제 반응성과 예측된 uNa 배출량의 뚜렷한 측면은 관찰된 uNa와 더 나은 상관관계를 보였을 뿐만 아니라 예측된 uVol보다 LDR을 가진 개를 식별하는 능력이 더 우수함을 보여주었습니다. 이뇨제 반응성을 정량화할 수 있는 능력은 DR의 병태생리학에 대한 이해, LDR에 대한 개 특이적 기준의 검증, 식이 Na 및 순 Na 균형에 기반한 이뇨제 투여의 개별화, 겉보기에 안정적인 개에서 임박한 보상 부실 감지, 다양한 루프 이뇨제 및 투여 요법의 비교 효과, LDR이 있는 개의 효과를 개선하거나 회복하기 위한 전략도 있습니다."
}