{
  "title": "55. 개 심장 질환의 병기에서 전해질 농도와 레닌-안지오텐신-알도스테론 활성화의 역할",
  "author": "다시 아딘",
  "publisher": "Wiley Periodicals",
  "department": "내과",
  "disease": "55 개 심장 질환의 병기에서 전해질 농도와 레닌-안지오텐신-알도스테론 활성화의 역할\n\n배경\n난치성 울혈성 심부전(CHF) 및 관련 이뇨 저항성은 잘 정의되어 있지 않습니다.\n목표\n미국 수의내과학회(American College of Veterinary Internal Medicine)의 B1, B2, C, D 단계에서 자연적으로 발생하는 심장 질환(HD)을 앓고 있는 개의 신장 기능, 전해질 농도, 이뇨제 효능 지표 및 레닌-안지오텐신-알도스테론 시스템(RAAS) 활성화를 특성화하고 HD 단계를 정의하는 데 유용성을 측정합니다.\n마리\n그룹 1:149명의 HD 단계 B1, B2, C, D. 그룹 2:22명의 HD 단계 C와 D.\n방법\n그룹 1: 신장 매개변수, 혈청 및 소변 전해질 및 이뇨제 농도, 소변 알도스테론 농도를 측정했습니다. 약물 투여량과 측정된 변수는 단계별로 비교되었다. 푸로세미드 투여량과 혈청 농도의 상관관계를 조사했습니다. 그룹 2: 안지오텐신 전환 효소 활성과 RAAS 성분을 측정하고 CHF 단계 간에 비교했습니다.\n결과\n혈청 염화물 농도는 헌팅턴병 단계의 가장 좋은 차별화 요소였습니다. 푸로세미드 PO 투여량(≤6mg/kg/일)은 혈청 푸로세미드 농도와 약한 상관관계가 있는 반면, 더 높은 투여량은 유의한 상관관계가 없었다. 안지오텐신 전환 효소 억제제 투여량과 RAAS 억제는 C기 개에 비해 D단계에서 더 컸다.\n결론 및 임상적 중요성\n저염소혈증은 개의 D HD기에 유용한 지표입니다. 혈청 농도에 대한 푸로세마이드 투여량의 상관관계가 좋지 않다는 것은 특히 고용량, 진행성 질환 또는 둘 다에서 가변적이고 흡수가 불량하다는 것을 나타낼 수 있습니다. 소수의 D기 개가 이뇨제 내성에 대해 제안된 기준을 충족했습니다. C기 대비 D기에서 RAAS 억제가 더 크다는 것은 난치성 만성심부전증을 가진 이 개 그룹에서 RAAS 억제 치료의 효과를 나타냅니다.\n키워드: ACVIM, 울혈성 심부전, 이뇨제, 불응성\n\n약어\n에이스\n안지오텐신 전환 효소\n애비엠\n미국 수의내과 대학\n롤빵\n혈액 요소 질소\n스위스 프랑\n울혈성 심부전\nFE 나\n나트륨의 분획 배설\n고화질\n심장병\nLC‐MS/밀리초\n액체 크로마토그래피-질량분석법/질량-분광법\n라스\n레닌-안지오텐신-알도스테론 시스템\n에스디마\n대칭 디메틸아르기닌\nsFur:uFur\n혈청 푸로세미드 농도에서 소변 푸로세미드 농도로\nsTor:uTor\n혈청 토르세미드 농도에서 소변 토르세마이드 농도로\n알도:C\n소변 알도스테론에서 크레아티닌으로\n영국\n소변 칼륨 농도\n우나\n소변 나트륨 농도\nuNa:uFur\n소변 나트륨 농도 대 소변 푸로세미드 농도\n우나:영국\n소변 나트륨 농도 대 소변 칼륨 농도\n우나:u토르\n소변 나트륨 농도 대 소변 토르세미드 농도\n미국\n소변 비중\n1. 소개\n울혈성 심부전(CHF)은 반려견에서 중증 퇴행성 승모판 질환 또는 확장성 심근병증에 의해 이차적으로 발생하는 경우가 가장 많으며, 수의학에서 흔히 발생하는 임상 질환입니다. 1, 2 의학적 관리에는 일반적으로 질병 단계에 따라 이뇨제, inodilator, pimobendan 및 renin-angiotensin-aldosterone system(RAAS)의 억제제가 포함됩니다. 3 이뇨제는 만성심부전액 제거에 필수적인 것으로 간주되지만, 임상적 반려견 환자에 대한 이뇨제의 상대적 효능에 대한 출판물은 드물다. 일반적으로 만성심부전을 앓고 있는 개는 약물 복용량이 증가했음에도 불구하고 지속적인 만성심부전 징후 또는 약물 부작용으로 인해 질병에 굴복합니다. 이뇨제 내성은 인간의 심부전 진행에 중요한 역할을 하는 것으로 생각되지만 개에서 이 현상에 대한 정보는 거의 없습니다. 이뇨제 무반응의 존재, 중요성 및 근본 원인에 대한 지식은 특히 이뇨의 회복과 삶의 질 및 수명의 개선을 목표로 하는 치료 수정을 안내할 수 있습니다.\n이뇨제 내성은 만성심부전 환자의 최대 17%에서 확인되며, 개에서도 발생하는 것으로 의심됩니다. 4, 5 수의학에서는 이뇨제 내성에 대한 보고가 부족하지만, 미국 수의내과학회(American College of Veterinary Internal Medicine, ACVIM)는 D기라고 하는 난치성 심장 질환(HD)에 대한 설명에서 이뇨 부전의 역할을 고려합니다.3기 이뇨제 내성은 만성 부전 환자의 예후와 부정적인 관련이 있습니다. 따라서 조기에 인식하는 것이 중요합니다. 6, 7 이뇨제 복용량이 항상 이뇨 반응과 긍정적인 상관관계가 있는 것은 아니며, 이는 자연적으로 발생하는 만성심부전에서 차선책일 수 있습니다. 8, 9 최적이 아닌 이뇨제 반응의 잠재적 원인으로는 부적절한 위장 약물 흡수, 신장 세뇨관 수송 감소, 헨레 세포 비대 루프 및 RAAS 활성화가 있습니다. 6 인간의 경우, 이뇨제 내성은 적절한 푸로세미드 투여량에도 불구하고 지속적인 만성부절로 정의됩니다. 나트륨 (FE Na)의 분획 배설 <0.2 %; 푸로세미드 투여 후 적절한 나트륨 이뇨의 실패; 또는 소변 나트륨 : 소변 칼륨 비율 (uNa : uK) <1.0. 5, 10 만성심부전 환자를 대상으로 한 일부 연구에서는 이뇨제 반응이 불량한 경우와 소변 나트륨 농도(uNa), 저염소혈증, 낮은 소변 나트륨:소변 푸로세미드 비율(uNa:uFur)과 관련이 있으며, 후자는 이뇨제에 대한 약력학적 무반응을 나타냅니다. 7, 10, 11, 12, 13 이러한 변수들 중 일부는 IV 푸로세마이드를 투여받은 개의 소변량과 상관관계가 있었지만, 우리가 아는 한 PO 이뇨제를 투여받은 개에서는 평가되지 않았다. 14 개의 이뇨제 반응 상실에 대한 메커니즘을 확인하는 것은 조절되지 않는 만성심부전을 앓고 있는 개의 효과적인 이뇨를 회복하기 위한 예방 전략이나 치료법을 지시할 수 있습니다.\n우리의 가설은 서로 다른 단계(ACVIM B1, B2, C 및 D기)에서 자연적으로 발생하는 HD를 가진 개는 개의 신장 기능, 전해질 항상성, RAAS 활성화 및 이뇨 효능 지표에 대한 특정 지표를 사용하여 구별할 수 있다는 것이었습니다. 한 가지 목표는 서로 다른 진행성 헌팅턴병 단계를 가진 개에서 이러한 변수를 전향적으로 측정하는 것이었습니다. 두 번째 목표는 이러한 변수 중 하나라도 통제된 심부절 및 불응성 심부전과 관련이 있는지 확인하여 개의 이뇨 내성의 잠재적 원인에 대한 기계론적 통찰력을 제공하는 것이었습니다. 이러한 통찰은 이뇨를 회복시키고 난치성 만성심부전증을 앓고 있는 반려견의 삶의 질을 개선하기 위한 단계별 치료 개입을 제공할 수 있다.\n2. 재료 및 방법\n이 연구는 노스캐롤라이나 주립대학교 동물병원의 기관 동물 관리 및 사용 위원회(#14-142-0)의 승인을 받았으며 소유자의 동의를 얻었습니다. 두 그룹의 개를 연구했습니다. 그룹 1은 다양한 헌팅턴병 병기(ACVIM 병기 B1, B2, C, D-아래 정의 참조)를 가진 개에서 신장 변수, 전해질 및 이뇨 효능 지표를 평가하는 데 활용되었습니다. 3 그룹 2는 만성심부전증(C기 및 D기)이 있는 개의 혈청 RAAS 성분을 평가하는 데 활용되었습니다. 퇴행성 승모판 질환 또는 확장성 심근병증으로 인해 자연적으로 발생하는 헌팅턴병이 있는 개는 오른쪽, 왼쪽 또는 양심실 만성심피절이 있는 개와 마찬가지로 두 그룹 모두에 포함되었습니다. 제외 기준은 선천성 HD의 존재, 비경구 이뇨 요법으로 입원해야 하는 요건, 그룹 1 개에 대한 쌍을 이루는 소변 및 혈청 샘플을 얻을 수 없는 것이었습니다. 입원이 필요한 반려견의 등록은 퇴원 후 최소 1주일 동안 지연되었습니다.\n2.1. 헌팅턴병 B1, B2, C, D기(그룹 1)를 가진 반려견의 신장 변수, 전해질 및 이뇨 효능 평가\n2.1.1. 데이터 수집(그룹 1)\n기록된 임상 변수는 신호, 심장 질환 진단, 신체 상태 점수, 체중, ACVIM HD 병기, 약물 및 용량이었습니다. 약물 투여량은 체중(킬로그램)에 따라 색인화되고 일일 복용량으로 표시되었습니다. 토르세미드 투여량은 실제 투여량(mg/kg/day)과 제안된 \"푸로세미드 등가 투여량\"(mg/kg/day × 10)으로 보고되었다. 8, 15 수축기 혈압은 다리 지름의 30%-40%의 커프 크기를 사용하여 개가 옆으로 누운 상태에서 뒷다리에 도플러 장치(Parks Medical Electronic, Las Vegas, Nevada)를 사용하여 5회 측정의 평균으로 기록되었습니다.\n2.1.2. 심장 질환 병기(그룹 1)\nACVIM HD 분류와 함께 방문 당시의 임상 정보(예: 흉부 방사선 사진, 심초음파, 약물 평가 및 임상 상태)를 사용하여 HD 병기를 결정했습니다. 3 본 연구는 전임상 단계 B1, B2 및 CHF C 및 D기의 개를 대상으로 했으며, B1기 개는 헌팅턴병을 앓고 있지만 심장 비대증이나 임상 징후가 없는 개였습니다. B2기 개는 헌팅턴병과 이차성 심장 비대증이 있었지만 임상 징후가 없는 개였다. C기 개는 발표된 가이드라인(푸로세미드 <12mg/kg/일, 피모벤단 0.5-0.6mg/kg/일, 안지오텐신 전환 효소(ACE) 억제제 0.5-1mg/kg/일)에 따라 표준 약물 및 용량으로 헌팅턴병과 만성심질환이 조절되는 개였다. 3 이 연구의 목적을 위해 ACVIM HD Staging Guidelines3 및 이전 간행물을 사용하여 D단계를 정의했습니다. 16 우리는 불응성 만성심부전을 조절되지 않는 만성심부전을 해결하기 위해(성공 여부와 상관없이) 약물 투여량을 확대해야 하는 만성심부전으로 정의했다. 본 진료에서 불응성 만성심부전의 기준치로 사용된 용량은 (1) PO 푸로세미드>12mg/kg/일) 또는 (2) 조절되지 않는 만성심부전을 해결하기 위해 PO 토르세미드로 전환, 또는 (3) 최소 4mg/kg/일의 푸로세미드와 함께 PO 피모벤단>0.9mg/kg/일)이었다. 주요 기관지 압박을 해결하기 위해 더 높은 용량의 피모벤단을 투여하는 것은 D기의 유일한 진단 기준으로 허용되지 않았다. 울혈성 심부전은 방사선 사진으로 기록된 심인성 폐부종, 흉막 삼출 또는 복수의 존재로 정의되었다.\n2.1.3. 절차 및 샘플 테스트(그룹 1)\n예약 당시 말초 정맥 천자로 3mL의 혈액 샘플을 채취했습니다. 원심분리 후, 혈청을 제거하고 3개의 별도 튜브에 분주했습니다. 노스캐롤라이나 주립대학교 수의병원의 임상병리학 실험실에서 자동 분석기(Roche Cobas C501, Indianapolis, Indiana)를 사용하여 혈중 요소 질소(BUN), 크레아티닌 및 전해질(나트륨, 칼륨, 염화물) 농도에 대해 하나의 부분 표본을 즉시 분석했습니다. 두 번째 분취액은 대칭 디메틸아르기닌(SDMA) 분석을 위해 외부 실험실(IDEXX, Westbrook, Maine)로 보내졌고, 세 번째 분취액은 검증된 역상 고압 액체 크로마토그래피 및 형광 검출 방법을 사용하여 이전에 설명한 바와 같이 노스캐롤라이나 주립 대학 수의학 약리학 실험실에서 푸로세미드 또는 토르세미드 농도를 분석할 때까지 -80°C에서 보관했습니다. 17, 18 예약 시 배뇨된 소변 샘플(5-10mL)을 채취하고 소변 비중(USG)을 측정했습니다. 소변을 원심 분리하고 상층액을 3개의 분취액으로 나누었습니다. 하나의 부분 표본은 크레아티닌과 전해질(나트륨, 칼륨, 염화물)에 대해 즉시 분석되었습니다. 다른 부분 표본은 분석 때까지 -80°C에서 보관했습니다. 소변 푸로세미드 또는 토르세마이드는 상기한 바와 같이 두 번째 부분 표본을 사용하여 혈청에 대해 측정하고, 세 번째 부분 표본은 수의학 진단 실험실(Diagnostic Center for Population and Animal Health, Michigan State University, Lansing, Maine)에서 소변 알도스테론 및 크레아티닌 농도를 평가했습니다. 소변 알도스테론은 앞서 설명한 바와 같이 제조업체의 지침에 따라 시판되는 방사성 면역 분석 키트(Siemens Medical Diagnostic Solutions, Los Angeles, California)로 측정하고, 소변 크레아티닌은 표준 비색 분석을 사용하여 측정했습니다. 19세\n2.1.4. 계산 및 평가(그룹 1)\n신장 기능은 혈청 크레아티닌, BUN 및 SDMA 농도를 사용하여 평가했습니다. 신세뇨관으로의 이뇨제 분비는 혈청 대 요이뇨제 농도의 비율을 사용하여 평가하였다(푸로세미드의 경우 sFur:uFur, 토르세미드의 경우 sTor:uTor). 20, 21 FE Na, 즉 소변으로 배설되는 여과된 나트륨의 비율은 FE Na = 100 x ([uNa × 혈청 크레아티닌]/[혈청 나트륨 × 소변 크레아티닌])을 사용하여 계산되었습니다. 7 uNa 농도는 나트륨(23g/mol)의 분자량을 사용하여 mmol/L에서 mg/dL로 변환하여 요로 이뇨제 농도(푸로세미드 또는 토르세미드, uNa:uFur 또는 uNa:uTor)에 대한 단위 없는 인덱싱을 허용했습니다. 이 지수는 이뇨제의 약력학적 효과를 평가하는 데 사용되었습니다. 7, 22\n소변 알도스테론 양(μg)은 RAAS 활성의 지표로 소변 크레아티닌 양(그램, 소변 알도스테론 대 크레아티닌 비율[UAldo:C])에 지표화되었습니다. 19 uNa:uK의 비율은 이뇨제 저항성의 제안된 지표이자 전해질 배설에 대한 알도스테론의 영향에 대한 지표로 계산되었습니다. 23, 24\n2.2. CHF(HD C 및 D 단계)의 혈청 RAAS 성분 평가(그룹 2)\n2.2.1. 절차\n혈청은 상기한 바와 같이 수집하여 분석할 때까지 -80°C에서 보관하였다. 임상 환자 정보 및 HD 병기는 상기와 같이 수행되었습니다.\n2.2.2. RAAS 성분의 평형 분석(그룹 2)\n개 혈청 샘플에서 6가지 다른 RAAS 안지오텐신 펩타이드 대사 산물 및 알도스테론의 평형 농도는 이전에 검증되고 설명된 방법을 사용하여 서비스 제공업체 실험실(Attoquant Diagnostics, Vienna, Austria)에서 수행된 액체 크로마토그래피-질량 분석법/질량 분광법(LC‐MS/MS)으로 정량화되었습니다. 25, 26, 27 간략하게, 평형 분석을 위한 혈청 컨디셔닝을 37°C에서 수행한 후 앞서 설명한 바와 같이 효소 억제제 칵테일(Waters, Milford, Massachusetts)을 첨가하여 안정화했습니다. 25, 26, 27 이전 결과는 순환(채혈 시 즉시 안정화됨)과 평형 안지오텐신 펩타이드 농도의 정량화를 비교할 때 유사한 정성적 결과를 보여주었습니다. 25, 26, 27 안정화된 평형 혈청 샘플은 각 안지오텐신 대사 산물에 대한 안정 동위원소 표지 내부 표준물과 200pg/mL의 농도에서 알도스테론(알도스테론 D4)에 대한 중수소화 내부 표준물로 추가로 스파이크되었습니다. 그런 다음 샘플은 C-18 기반 고체상 추출을 거쳤고 Xevo TQ-S 삼중 사중극자 질량 분석기와 함께 작동하는 역상 분석 컬럼을 사용하여 LC‐MS/MS 분석을 수행했습니다. 각 개별 샘플의 각 분석물에 대한 샘플 준비 절차의 펩타이드 및 스테로이드 회수를 보정하기 위해 내부 표준물질을 사용했습니다. 분석물 수준은 pM 단위로 보고되었으며, 통합 신호가 신호 대 잡음비 10을 초과하는 조건에서 원래 샘플 매트릭스의 적절한 보정 곡선에서 결정된 해당 반응 계수를 고려하여 계산됩니다. 정량화의 하한은 안지오텐신 I의 경우 3.0pM, 안지오텐신 II의 경우 2.0pM, 안지오텐신 1-7의 경우 3.0pM, 안지오텐신 1-5의 경우 2.0pM, 안지오텐신 III의 경우 2.5pM, 안지오텐신 IV의 경우 2.0pM, 알도스테론의 경우 20.0pM이었다.\n순환 ACE의 활성은 인산염 완충 식염수로 희석된 샘플에서 안지오텐신 II 형성 속도를 측정하여 측정되었으며, 10μMoL/L에서 ACE 억제제 lisinopril(Sigma-Aldrich, Munich, Germany)의 유무 상태에서 37°C에서 안지오텐신 I으로 샘플을 스파이크하고 생체 외 배양했습니다. 아미노펩티다제 억제제 및 Z-Pro-pro-prolinal(Sigma-Aldrich, 독일 뮌헨; 둘 다 10 μmoL/L)을 기질(안지오텐신 I) 및 생성물(안지오텐신 II) 안정화를 위해 모든 샘플에 첨가했습니다. 앞서 설명한 바와 같이 안지오텐신 정량화(안지오텐신 I 및 안지오텐신 II)를 수행하고, 안지오텐신 II 형성([pg/mL]/h)의 억제제 민감성 분획(용매 마이너스 억제제)을 측정하여 특이적 ACE 활성을 계산했습니다.\n2.2.3. 계산(그룹 2)\n안지오텐신 I-7과 안지오텐신 II의 비율이 계산되었는데, 이는 낮은 비율이 RAAS 활성화 및 심부전 징후 악화의 지표이기 때문입니다. 25 안지오텐신 I과 안지오텐신 II는 혈장 레닌 농도의 대용물로 합산되었습니다. 26분\n2.3. 통계 분석\n통계 분석은 상업적으로 이용 가능한 소프트웨어(GraphPad Prism 8, San Diego, California)를 사용하여 수행되었습니다. 분석 정량화의 하한보다 낮은 데이터 값은 통계 분석을 위한 하한의 절반으로 보고되었습니다. 28, 29 데이터 세트는 American College of Veterinary Internal Medicine 단계별로 나누고 D'Agostino 및 Pearson 테스트를 사용하여 정규성을 테스트했습니다. 모수 데이터는 평균 및 표준 편차로 보고된 반면, 비모수 데이터는 중앙값 및 사분위수 범위로 보고되었습니다. 모든 ACVIM 단계 간의 모수 데이터는 Holm-Sidak의 다중 비교 테스트(표시된 경우)를 사용하여 수행된 분산 테스트의 1방향 분석을 사용하여 분석되었으며, 비모수 데이터는 표시된 경우 Dunn의 다중 비교 테스트와 함께 Kruskal Wallis 테스트를 사용하여 분석되었습니다. 유의미한 결과에 대해 조정된 P값이 보고됩니다. ACVIM 단계 C 및 D에 대한 이뇨에 특이적인 모수 데이터를 비교하기 위해 양방향 쌍이되지 않은 t-검정을 사용했으며, 데이터가 비모수인 경우 Mann-Whitney 검정을 사용했습니다. 토르세미드 변수는 그룹 간에 통계적으로 비교되지 않았으며, 표본 크기가 작기 때문에 PO 용량과 상관관계가 없었다. PO 푸로세미드 일일 투여량과 혈청 푸로세미드 농도 사이의 상관관계는 데이터가 비정규 분포를 따르기 때문에 Spearman의 상관관계를 사용하여 조사되었습니다. 수신기 작동 특성 곡선은 C 단계 개와 D 단계를 구별하는 변수의 민감도와 특이성을 결정하기 위해 개발되었습니다. 그룹 1 개에 대한 데이터는 확장성 심근병증이 있는 개와 함께 또는 포함하지 않고 분석되었습니다. 결과는 다르지 않았으므로 모든 개가 함께 보고되었습니다. 유의성은 P <.05로 설정되었습니다.\n3. 결과\n3.1. HD B1, B2, C, D기(그룹 1)가 있는 반려견의 신장 변수, 전해질 및 이뇨 효능 평가\n첫 번째 그룹은 149마리의 개로 구성되었으며, 그 중 9마리는 B1기, 62마리는 B2기, 62마리는 C기, 16마리는 D기였다(표 1). 이 연구에서 D기 개는 만성심부전견의 21%를 차지했다. 만성심부전증을 앓고 있는 대부분의 개는 푸로세마이드를 투여받았다(n=71). 소수는 푸로세미드 대신 토르세미드를 투여받았고(n=7), 이 중 6명은 D기로 분류되었다. 대부분의 만성심부전증 개는 ACE 억제제(C기 개 62마리 중 51마리, D기 개 16마리 중 15마리)와 스피로노락톤(C기 개 62마리 중 26마리, D기 개 16마리 중 16마리)을 투여받았다. 에날라프릴은 ACE 억제제를 투여받은 개의 90%에게 투여된 반면, 베나제프릴은 10%에게 투여되었습니다. CHF를 앓고 있는 모든 개는 피모벤단을 투여받았습니다. C기 개는 한 마리도 없었고, D기 개 16마리 중 2마리는 칼륨 보충제를 투여받지 않았습니다. 소수의 반려견은 비스테로이드성 항염증제(0기 B1, 4기 B2, 1기 C, 0기 D) 또는 프레드니손(0기 B1, 2기 B2, 2기 C, 0단계 D)을 투여받았다.\n표 1.\n각 ACVIM 심장 질환 단계에서 그룹 1 개에 대한 임상 데이터가 제공됩니다.\n변수\tACVIM 심장 질환 단계\t\t표시된 경우 사후 유의성에 대한 조정된 P 값\n\t스테이지 B1 (n = 9)\t스테이지 B2 (n = 62)\t스테이지 C (n = 62)\t스테이지 D (n = 16)\tP 값\tB1 대 B2\tB1 대 C\tB1 대 D\tB2 대 C\tB2 대 D\tC 대 D\n나이 (년)\t11.1 (9.1‐12.1)\t10.1 (8.6‐11.8)\t10.3 (8.0‐12.2)\t10.5 (9.8‐12.0)\t.7\t\t\t\t\t\t\n무게 (kg)\t10.5 (7.6‐14.9)\t9.9 (7.6‐13.3)\t8.1 (4.8‐18.8)\t6.9 (6.2‐10.9)\t.2\t\t\t\t\t\t\n기저 질환\t9 DMVD 0 DCM\t57 DMVD 5 DCM\t49 DMVD 13 DCM\t16 DMVD 0 DCM\t\t\t\t\t\t\t\n수축기 혈압(mmHg)\t140 (125‐170)\t140 (125‐145)\t120 (110‐140)\t110 (100‐133)\t.002\t.17\t.03\t.005\t.13\t.03\t.17\n푸로세미드 투여량(mg/kg/day)\t\t\tn = 61; 3.5 (2.9‐4.5)\tn = 10; 8.1 (6.0‐8.9)\t<.0001\t\t\t\t\t\t\n토르세미드 투여량(mg/kg/day)\t\t\tn = 1; 0.68\tn = 6; 1.3 (1.2‐1.5)\t노틀라디오\t\t\t\t\t\t\nACE 억제제 투여량(mg/kg/day)\t\tn = 39; 0.83 (0.72‐1.0)\tn = 51; 0.85 (0.71‐1.0)\tn = 15; 0.98 (0.83‐1.2)\t.02\t\t\t\t.8\t.03\t.02\nPimobendan 복용량 (mg / kg / 일)\t\tn = 25; 0.57 (0.50‐0.74)\tn = 62; 0.73 (0.6‐1.0)\tn = 16; 1.9 (1.4‐3.1)\t<.0001\t\t\t\t.04\t<.0001\t<.0001\n스피로노락톤 투여량(mg/kg/일)\t\t\t엔 = 26; 1.8 (1.6‐2.4)\tn = 16; 2.7 (2.1‐3.9)\t<.0001\t\t\t\t\t\t\n푸로세미드 등가용량(mg/kg/day)\t\t\tn = 62; 3.53 (2.93‐4.50)\tn = 16; 8.90 (7.18‐12.83)\t<.0001\t\t\t\t\t\t\n\n참고: 전체 P 값은 스테이지 C와 D 간의 비교 및 모든 그룹 간의 비교를 위해 표시됩니다. 조정된 P 값은 전반적인 유의성으로 인해 여러 비교 검정을 수행한 경우에 표시됩니다. 데이터는 중앙값 및 사분위수 범위로 보고됩니다.\n약어: ACVIM, American College of Veterinary Internal Medicine, DMVD, 퇴행성 승모판 질환; DCM, 확장성 심근병증; ND, 완료되지 않았습니다.\n이뇨제의 중앙값, ACE 억제제, 피모벤단, 스피로노락톤의 투여량은 C기 개에 비해 D기 개에서 유의하게 높았다(표 1). 피모벤단 복용량 중앙값도 C기 개에서 B2기 개에 비해 유의하게 높았다(P=.04). 헌팅턴병 병기에서는 연령(P=.7), 체중(P=.2) 또는 성별 분포(P=0.7)의 차이는 발견되지 않았다. 수축기 혈압은 전임상 단계(B1 및 B2)에 비해 CHF 단계(C 및 D)에서 유의하게 낮았으나 C와 D 단계 또는 B1과 B2 단계 간에 차이가 없었다(표 1).\n첫 번째 개 그룹에 대한 생화학적 데이터(표 2)에 따르면 전임상 질환(B1 및 B2기)이 있는 개에 비해 만성심부전(C기 및 D기)이 있는 개에서 신장 변수(BUN, 크레아티닌 및 SDMA)가 유의하게 높고 USG가 유의하게 낮았으나, 이러한 변수는 C기와 D기 또는 B1기와 B2를 구별하지 못했습니다. 혈청 전해질 농도(나트륨, 염화물, 칼륨)는 B2 및 C기 개에 비해 D기 개에서 유의하게 낮았습니다. 또한, B1, C, D기 간에 혈청 염화혈청 농도가 유의하게 달랐고, B1기와 D기 간에 혈청 칼륨 농도가 유의하게 달랐다(표 2). 혈청 전해질 농도에 대한 곡선 아래 영역과 수신기 작동 특성 데이터는 표 3에 나와 있습니다. 혈청 염화물 농도는 이 집단에서 가장 좋은 수신기 작동 특성 곡선을 보여주었습니다. 혈청 염화물 농도 <103.5mmol/L은 81%의 민감도와 76%의 특이도로 D단계를 예측했습니다. 모든 D기 개는 저염소혈증이었습니다.\n표 2.\n각 ACVIM 심장 질환 단계에서 그룹 1 개에 대한 생화학적 데이터가 제공됩니다\n변수\t참조 범위\t현재 합의에 의한 ACVIM 스테이징\t\t표시된 경우 사후 유의성에 대한 조정된 P 값\n\t\t스테이지 B1 (n = 9)\t스테이지 B2 (n = 62)\t스테이지 C (n = 62)\t스테이지 D (n = 16)\tP 값\tB1 대 B2\tB1 대 C\tB1 대 D\tB2 대 C\tB2 대 D\tC 대 D\n롤빵 (mg/dL)\t6‐26\t15.0 (11.0‐21.5)\t17.5 (14.0‐24)\t27.0 (21‐37.3)\t31.0 (20.5‐45.5)\t<.0001\t1.0\t.001\t.002\t<.0001\t.0003\t1.0\n크레아티닌 (mg/dL)\t0.7‐1.5\t0.70 (0.45‐1.00)\t0.75 (0.60‐0.93)\t1.10 (0.80‐1.40)\t1.10 (1.00‐1.20)\t<.0001\t1.0\t.02\t.03\t<.0001\t.001\t1.0\nSDMA (μg/dL)\t0‐14\t10.0 (7.5‐10.0)\t10.0 (8.0‐13.0)\t12.0 (10.0‐16.0)\t13.5 (11.3‐17.0)\t<.0001\t1.0\t.02\t.003\t.003\t.002\t1.0\n소변 비중\t1.015‐1.045\t1.026 (1.019‐1.040)\t1.032 (1.019‐1.044)\t1.011 (1.009‐1.016\t1.010 (1.007‐1.013\t<.0001\t1.0\t.007\t.002\t<.0001\t<.0001\t1.0\n혈청 나트륨 (mmol/L)\t140‐156\t147.0 (145.5‐148.5)\t147.5 (147.0‐149.0)\t148.0 (146.0‐150.0)\t146.5 (144.3‐147.0)\t.008\t1.0\t1.0\t1.0\t1.0\t.03\t.006\n혈청 염화물 (mmol/L)\t108‐122\t109.0 (107.0‐111.5)\t109.0 (107.0‐111.0)\t106.0 (103.8‐108.0)\t102.0 (99.3‐103.0)\t<.0001\t1.0\t.03\t<.0001\t<.0001\t<.0001\t.007\n혈청 칼륨 (mmol/L)\t4‐5.3\t4.70 (4.40‐5.15)\t4.70 (4.400‐5.03\t4.50 (4.20‐4.70)\t4.20 (3.70‐4.53)\t<.0001\t.71\t.25\t.003\t.08\t<.0001\t.005\n\n참고: 전체 P 값은 전체 유의성으로 인해 여러 비교 테스트를 수행했을 때 조정된 P 값뿐만 아니라 표시됩니다. 데이터는 중앙값 및 사분위수 범위로 보고됩니다.\n약어: ACVIM, American College of Veterinary Internal Medicine, BUN, 혈액 요소 질소.\n표 3.\n수신기 작동 특성(ROC) 곡선 아래 면적 및 95% 신뢰 구간(CI)은 그룹 1 개의 혈청 전해질에 대해 표시됩니다\n변수\tROC 곡선 아래 면적\t95% CI\tP 값\t컷오프 값(mmol/L)\t감도 (%)\t특이도(%)\n혈청 나트륨 (mmol/L)\t0.75\t0.63‐0.86\t.003\t<147.5\t88\t61\n혈청 염화물 (mmol/L)\t0.81\t0.71‐0.91\t.0001\t<103.5\t81\t76\n혈청 칼륨 (mmol/L)\t0.71\t0.55‐0.87\t.01\t<4.3\t75\t68\n\n\n\n\n150마리의 개에 대한 혈청 염화물에 대한 수신기 작동 특성 곡선(그룹 1). 혈청 염화물 농도가 103.5mmol/L 미만인 경우 민감도는 81%, 특이도는 75%(우도비 3.4)로 D단계를 예측했습니다. 동일성의 선은 그래프를 이등분하는 점선으로 표시됩니다. sCl, 혈청 염화물 농도 이뇨제에 대한 반응을 반영하는 생화학적 데이터는 전임상 단계와 만성 심부절 단계 간에 차이가 있었지만 C와 D는 구별되지 않았다(표 4). 전임상 질환(B1 및 B2기, 이뇨제를 투여받지 않음)이 있는 개에 비해 만성심부전(C, D기, 이뇨제를 포함한 심장 치료를 받고 있음)이 있는 개에서 나트륨과 염화물의 분획 배설이 유의하게 높았고 칼륨의 FE가 유의하게 낮았다. 16마리의 D기 개 중 1마리만이 FE Na <0.2%를 보였고 16마리의 D기 개 중 4마리만이 uNa:uK 비율<1.0을 보였는데, 둘 다 인간의 이뇨제 저항성과 관련된 제안된 컷오프 값이다. 10, 24 이 개들 중 한 마리는 두 가지 기준을 모두 충족했다. 실제로, 그룹으로서의 D기 개는 칼륨 배설이 적기 때문에 C기 개에 비해 수치적으로(통계적으로는 아님) uNa:uK가 더 높았습니다(표 4). FE Na 또는 uNa:uK를 사용하여 인간에게 사용된 이뇨제 내성 기준을 충족한 D기 개는 이러한 기준을 충족하지 않은 D기 개에 비해 혈청 나트륨 농도(142.3 ± 3.8 mmol/L)와 혈청 염화물 농도(98.0 ± 3.2 mmol/L)가 유의하게 낮았습니다(나트륨, 146.5 ± 1.6 mmol/L, P = .08; 염화물, 102.5 ± 2.2 mmol/L, P = .007). 혈청 칼륨 농도는 이뇨제 내성 기준을 충족하거나 충족하지 않는 개 간에 유의한 차이가 없었다(P=.7).\n표 4.\n이뇨 반응과 관련된 생화학 및 소변 데이터는 각 ACVIM 심장 질환 단계에서 그룹 1 개에 대해 제공됩니다\n변수\tACVIM 심장 질환 단계\t\t표시된 경우 사후 유의성에 대한 조정된 P 값\n\t나1 (n = 9)\t나2 (n = 62)\tC (n = 62)\tD (n = 16)\tP 값\tB1 대 B2\tB1 대 C\tB1 대 D\tB2 대 C\tB2 대 D\tC 대 D\n분획 배설 나트륨 (%)\t0.19 (0.12‐0.86)\t0.45 (0.23‐0.66)\t0.93 (0.42‐1.55)\t0.91 (0.69‐1.53)\t<.0001\t1.0\t.03\t.04\t.0004\t.02\t1.0\n분수 배설 염화물(%)\t0.38 (0.21‐1.15)\t0.55 (0.30‐0.89)\t22.5 (17.36‐32.52)\t18.18 (13.86‐29.67\t<.0001\t1.0\t<.0001\t.0002\t<.0001\t<.0001\t1.0\n분획 배설 칼륨 (%)\t8.83 (6.21‐19.59)\t14.74 (11.37‐19.59)\t1.20 (0.39‐2.34)\t0.92 (0.53‐1.58)\t<.0001\t1.0\t.0003\t.001\t<.0001\t<.0001\t1.0\n우Na (mmol/L)\t64.(36‐143)\t100 (58‐167)\t46 (30‐73)\t42 (17‐63)\t<.0001\t1.0\t.8\t.4\t<.0001\t.0001\t1.0\nuNa:uFur (μg/mL):(μg/mL)\t\t\tn = 56; 95.12 (47.80‐168.40)\tn = 10; 65.33 (30.03‐100.80)\t.13\t\t\t\t\t\t\nNa:uTor (μg/mL):(μg/mL)\t\t\tn = 1; 465.9\tn = 6; 85.60 (46.17‐267.00)\t노틀라디오\t\t\t\t\t\t\nsFur:uFur (μg/mL):(μg/mL)\t\t\tn = 56; 0.018 (0.012‐0.031)\tn = 9; 0.015 (0.010‐0.024)\t.4\t\t\t\t\t\t\nsTor:uTor (μg/mL):(μg/mL)\t\t\tn = 1; 1.67\tn = 6; 1.47 (0.78‐1.92)\t노틀라디오\t\t\t\t\t\t\n소변 알도:크레아티닌\t1.00 (0.63‐1.45)\t1.13 (0.77‐1.92)\t1.55 (0.96‐3.85)\t3.06 (1.29‐5.95)\t.005\t1.0\t.4\t.03\t.3\t.02\t.4\n혈청 푸로세미드 (μg/mL)\t\t\tn = 59; 0.18 (0.10‐0.28)\t엔 = 9; 0.22 (0.15‐0.46)\t.2\t\t\t\t\t\t\n혈청 토르세미드 (μg/mL)\t\t\tn = 1; 6.5\tn = 6; 10.85 (8.22‐14.93)\t\t\t\t\t\t\t\n우Na:uK (mmol/L):(mmol/L)\t0.75 (0.43‐1.20)\t0.92 (0.55‐1.49)\t1.15 (0.60‐1.96)\t1.65 (1.03‐2.05)\t.07\t\t\t\t\t\t\n\n참고: 전체 P 값은 스테이지 C와 D 간의 비교 및 모든 그룹 간의 비교를 위해 표시됩니다. 조정된 P값은 전반적인 유의성으로 인해 여러 비교 검정을 수행한 경우에 표시됩니다. 데이터는 중앙값 및 사분위수 범위로 보고됩니다.\n약어: ACVIM, American College of Veterinary Internal Medicine; ND, 완료되지 않았습니다. sFur:uFur, 혈청 푸로세미드 농도에서 소변 푸로세미드 농도로; sTor:uTor, 혈청 토르세미드 농도에서 소변 토르세미드 농도로; uNa, 소변 나트륨 농도; uNa:uFur, 소변 나트륨 농도 대 소변 푸로세미드 농도; uNa:uK, 소변 나트륨 농도 대 소변 칼륨 농도; uNa:uTor, 소변 나트륨 농도 대 소변 토르세미드 농도.\nRAAS의 활성은 uNa:uK(더 낮은 값으로 표시된 활성화) 및 UAldo:C(더 높은 값으로 표시된 활성화)를 사용하여 평가되었습니다. 23, 24 uNa:uK는 C기 개에 비해 D단계에서 수치적으로는 더 높았지만 통계적으로는 그렇지 않았다(모든 단계에서 P = .07; 표 4). UAldo:C는 B1기(P = .03) 및 B2(P = .02)의 개에 비해 D기 CHF를 가진 개에서 더 높았지만, 이 비율은 통계적으로 C기와 D기를 구별하지 못했습니다(P = .4; 표 4).\n혈청 푸로세미드 농도는 D기 개에 대한 PO 푸로세미드 투여량이 더 높았음에도 불구하고 C와 D기 개 간에 유의한 차이가 없었다(표 1 및 4). 수치적으로는 더 낮지만, D기 개에서 uNa:uFur (P = .13) 및 sFur : uFur (P = .4) 비율은 C기 개와 비교하여 통계적으로 다르지 않았습니다(표 4). D기 개의 PO 푸로세마이드 투여 중앙값은 PO 토세마이드 투여 중앙값보다 약 6배 높았지만, 혈청 토세미드 농도 중앙값은 혈청 푸로세마이드 농도 중앙값보다 약 50배 높았다. D기 개의 sTor:uTor 비율은 sFur:uFur 비율보다 약 100배 높았는데, 이는 신장세뇨관으로의 분비율이 낮았음을 의미하지만, 소변 이뇨제 농도는 비슷했다.\n혈청 푸로세미드 농도와 일일 PO 푸로세마이드 투여량 사이에는 유의하지만 약한 상관관계가 발견되었다(P=.003, r=.359; 표 5). 이 관계는 이 컷오프에서 C기와 D기 개의 겹침이 최소화되었기 때문에 ≤6mg/kg/일 투여량과 >6mg/kg/일 투여량을 비교하여 추가로 조사되었습니다. 복용량과 혈청 농도 사이의 상관관계는 푸로세마이드 투여량≤6mg/kg/일(P=.02, r=.320)에서 유의하고 약한 것으로 나타났으나, 푸로세미드 투여량>6mg/kg/일(P=.6)에서는 손실되었다. 토르세마이드에 대한 상관관계는 조사되지 않았는데, 그 이유는 이 이뇨제를 투여받는 개의 수가 적기 때문이다.\n표 5.\nPO 투여 푸로세미드 일일 복용량과 그룹 1 개에 대한 혈청 이뇨제 농도의 상관관계\n혈청 푸로세미드 농도와의 상관관계\tP 값\tr 값\n모든 푸로세미드 투여량(n = 68)\t.003\t.359\n푸로세미드 투여량≤ 6mg/kg/일(n = 57)\t.02\t.32\n푸로세미드 투여량> 6mg/kg/일(n = 11)\t.6\t−.156\n\n3.2. CHF HD C 및 D 단계(그룹 2)에서 RAAS 대사 산물 평가\n그룹 2는 22마리의 개로 구성되었으며, 그 중 17마리는 C기, 5마리는 D기였다(표 6). CHF를 앓고 있는 대부분의 개는 푸로세마이드(n=20)를 투여받았고, 소수는 토르세마이드(n=2)를 투여받았다. 모든 개는 피모벤단과 ACE 억제제를 투여받았고, 대부분의 개는 스피로노락톤(17단계 C기 중 15개, D형 5개 중 5개)을 투여받았다. 칼륨 보충제를 섭취한 개는 없습니다. 푸로세미드, 피모벤단, ACE 억제제 투여량의 중앙값은 D기 개에서 C기 개에 비해 높았으나, 스피로노락톤 투여량 중앙값은 병기 간에 차이가 없었다(표 6). 만성심부전증 병기 간에 연령(P=.2), 체중(P=.3) 또는 성별 분포(P=.9)의 차이는 발견되지 않았다.\n표 6.\nACVIM 심장 질환 C 및 D 단계의 그룹 2 개에 대한 임상 및 레닌-안지오텐신-알도스테론 데이터가 제공됩니다.\n변수\tACVIM Stage C(n = 17) 중앙값(IQR)\tACVIM Stage D(n = 5) 중앙값(IQR)\tP 값\tACVIM 스테이지 C 평균(SD)\tACVIM Stage D 평균(SD)\n나이 (년)\t12.0 (10.4‐13.1)\t11.1 (8.4‐11.8)\t.2\t11.9 (2.2)\t10.4 (1.9)\n무게 (kg)\t6.62 (4.94‐15.30)\t14.8 (7.29‐48.50)\t.3\t\t\n푸로세미드 투여량(mg/kg/day)\tn = 16; 3.50 (2.46‐4.69)\tn = 4; 7.69 (6.63‐14.54)\t0.003\t\t\n토르세미드 투여량(mg/kg/day)\tn = 1; 0.39\tn = 1; 2.36\t노틀라디오\t\t\nPimobendan 복용량 (mg / kg / 일)\t0.69 (0.55‐1.14)\t2.03 (1.43‐3.73)\t.002\t\t\nACE 억제제 투여량(mg/kg/day)\t0.92 (0.76‐1.03)\t1.01 (0.94‐1.63)\t.01\t0.91 (0.18)\t1.23 (0.37)\n스피로노락톤 투여량(mg/kg/일)\t엔 = 15; 2.06 (1.64‐2.65)\t엔 = 5; 2.14 (2.10‐4.37)\t.3\t\t\n앙 I (1-10) (pM)\t1628 (881‐2129)\t2986 (1933‐5372)\t.002\t1414 (715)\t3519 (2081)\n앵 II (1-8) (pM)\t25.2 (14.85‐61.00)\t19.20 (12.75‐26.2)\t.3\t\t\n각도 1‐7(pM)\t359 (145‐555)\t821 (286‐1210)\t.01\t356 (194)\t763 (527)\n앙 III (2-8) (pM)\t1.25 (1.25‐1.25)\t1.25 (1.25‐1.25)\t0.999\t\t\n각도 1‐5(pM)\t6.20 (1.45‐18.20)\t7.00 (2.55‐42.5)\t.4\t\t\nAng IV (3-8) (pM)\t3.2 (1.0‐5.4)\t4.9 (1.0‐6.3)\t.8\t\t\n알도스테론(pM)\t50.9 (14.8‐295.6)\t136.0 (39.3‐486.9)\t.5\t\t\n7강/2절 (1-8)\t13.5 (6.5‐16.7)\t42.2 (15.8‐74.4)\t.01\t\t\nAng I (1-10) + Ang II (1-8) (레닌 대리모)\t1640 (903‐2157)\t2995 (1951‐5399)\t.002\t1459 (726)\t3539 (2088)\n내인성 ACE 활성도 [(pg Ang II/mL 용매)/시간]\t2861 (2559‐3273)\t1747 (1271‐2017)\t.004\t2937 (719)\t1696 (424)\n\n참고: 데이터는 중앙값과 사분위수 범위, 평균 및 표준 편차(정규 분포인 경우)로 보고됩니다.\n약어: ACE, 안지오텐신 전환 효소; ACVIM, 미국 수의내과 대학; 앙, 안지오텐신; IQR, 사분위수 범위; ND, 완료되지 않았습니다. SD, 표준 편차.\n안지오텐신 I(P=.002)과 안지오텐신 1-7(P=.01)은 D기 개에서 C기 개에 비해 더 높았다(표 6). 알도스테론을 포함한 나머지 RAAS 성분은 병기에 따라 다르지 않았다(표 6). 내인성 ACE 활성은 D기 개에서 더 낮았다(P=.004). 혈장 레닌 활성을 대체하는 안지오텐신 I과 안지오텐신 II의 합은 D기 개에서 더 높았다(P=.002). 안지오텐신 1-7과 안지오텐신 II의 비율은 D기 개에서 더 높았다(P=.01).\n\n\n\nC기 및 D기 만성심부전증을 앓고 있는 개 22마리에 대한 레닌-안지오텐신-알도스테론 시스템 그래프. 각 안지오텐신 대사 산물 및 알도스테론에 대한 중앙값은 각 이름 아래에 표시됩니다. 공의 크기는 값에 비례합니다. D기 개는 C기 개에 비해 안지오텐신 I과 안지오텐신 1-7 농도가 더 높았습니다. ACE, 안지오텐신 전환 효소; ACE2, 안지오텐신 전환 효소 2; 알도, 알도스테론; Ang 1-5, 안지오텐신 1-5; Ang 1-7, 안지오텐신 1-7; Ang I, 안지오텐신 1; Ang II, 안지오텐신 II; Ang III, 안지오텐신 III; Ang IV, 안지오텐신 IV; AP, 아미노펩티다제; AT1R, 안지오텐신 II 수용체 유형 I; NEP, 네프릴리신\n4. 논의\n우리는 생화학적 변수, RAAS 성분을 평가하고 임상적으로 결정된 별도의 및 진행성 HD 병기의 개를 구별하는 능력에 대한 이뇨 효능 마커를 제안했습니다. 더 진행된 단계에서 더 높은 약물 투여량과 같은 일부 결과는 질병 단계 정의에 따라 예상되었습니다. 이것이 임상의의 지시에 의한 복용량 증가, 체중 감소 또는 이러한 요인의 조합 때문인지는 이 연구에서 확인되지 않았습니다. 다른 연구 결과는 질병 병태생리학 및 심장 약물의 효과(예: 전임상 단계와 비교하여 만성심부전의 수축기 혈압 및 USG 감소, 만성심부전의 BUN, 크레아티닌 및 SDMA 농도 증가)에 기초하여 예상되었다. 전임상 단계와 만성 심부전 병기 간의 이러한 변수의 차이는 이전 연구30, 31, 32의 결과를 확증했지만, 조절된 만성 심부전(C기)과 난치성 만성심부전(D기)을 구별하지는 못했다.\n본 연구에서 D기 개는 만성심부전증 인구의 21%를 차지했습니다. 이 비율은 이뇨 내성을 보이는 만성심부전 환자에 대한 보고와 유사하지만, 이러한 개들 모두가 이뇨 내성을 보였는지는 알 수 없습니다. FE Na, uNa, uNa:uK 및 uNa:Fur를 포함한 5개의 실험실 변수가 사람의 난치성 CHF와 관련된 이뇨제 내성의 마커로 제안되었습니다. 그러나 본 연구에서는 이러한 변수들이 D기 개와 C기 만성심부전을 구별하지 못했다. 또한, 16마리의 D기 개 중 4마리(전체 CHF 인구의 5.1%)만이 사람에게 사용되는 FE Na 또는 uNa:uK에 대한 이뇨제 내성의 발표된 정의를 충족했습니다. 5, 6\n혈청 전해질(나트륨, 염화물 및 칼륨) 농도는 B2기 및 C기 개에 비해 D기 개에서 유의하게 낮았습니다. D기와 C기 HD를 구별하기 위한 저염소혈증의 민감도와 특이도는 본 연구의 임상적으로 중요한 발견이다. 또한, 이뇨제 내성을 확인하기 위해 인간 의학에서 사용되는 기준(FE Na <0.2% 및 uNa:uK <1)을 충족하는 D기 개는 이러한 기준을 충족하지 않은 D기 개에 비해 혈청 염화혈청과 나트륨 농도 모두 유의하게 낮았습니다. 그러나 혈청 염화물 농도만이 기준 범위 미만이었습니다. FE Na 또는 uNa:uK 결과를 가진 4기 D기 개에서 더 뚜렷한 저염소혈증이 나타난다는 관찰은 이뇨제 내성이 있는 개를 식별하는 데 혈청 염화물 농도의 역할을 뒷받침한다는 것을 시사합니다. 저염소혈증은 난치성 CHF에서 높은 이뇨제 투여량으로 인해 발생할 수 있는데, 이는 염화물 손실이 루프 이뇨제의 메커니즘에 내재되어 있기 때문입니다. 중요한 것은 저염소혈증이 이뇨제 저항성의 지표이자 동인이 될 수 있다는 것인데, 이는 염화물이 신장 세뇨관 나트륨 수송체를 조절하기 때문입니다. 12 더욱이, 나트륨 손실과 무관하게 신장 염화물 소모는 사람의 더 높은 레닌 농도 및 이뇨 저항성과 상관관계가 있습니다. 12 사람들의 이뇨제 반응이 개선되면 정상적인 염화물 혈청 농도가 회복되는 것으로 입증되었습니다. 12, 33 항이뇨 호르몬이 혈청 전해질 희석에 기여하고 전해질 농도를 낮추는 데 기여했을 수 있지만 본 연구에서는 평가되지 않았습니다. 34의\n나트륨과 염화물의 분획 배설은 전임상 단계(B1 및 B2)에 비해 CHF C 및 D 단계에서 더 높았지만 C와 D 단계 간에 구별되지 않았습니다. C단계와 D단계에서 배설량이 더 많이 나오는 것은 이뇨제 투여에 기인한다. 17 이 결론을 뒷받침하는 것으로, 우리는 CHF 단계에서 칼륨 배설이 증가하는 것을 관찰했습니다. 루프 이뇨제는 칼륨 소모를 일으키며, 이는 만성심부전에서 ACE 억제제와 스피로노락톤을 투여함으로써 상쇄됩니다. 이러한 칼륨 보존제의 투여에도 불구하고, 혈청 칼륨 농도는 진행성 헌팅턴병 병기, 특히 D기에서 C기에 비해 낮았다. 혈청 칼륨 농도 감소는 불응성 만성심부전에서 이뇨제 투여량 증가에 따른 식이 섭취량 감소 또는 점진적으로 더 큰 손실에 의해 발생했을 수 있지만, 다른 연구 결과에 근거한 것은 불충분한 RAAS 억제와 일치하지 않았다.\n전체 CHF 집단(C 및 D 단계)에서 ≤6mg/kg/일 투여량에서는 푸로세미드 투여량과 혈청 농도 간의 약하지만 유의미한 상관관계가 발견되었지만, >6mg/kg/일 투여량에서는 유의미한 상관관계가 발견되지 않았다. 낮은 용량에서 약한 상관관계는 다른 요인이 혈청 농도에 영향을 미칠 수 있음을 시사합니다. 위장관에서 푸로세미드 흡수에는 높은 생물학적 변동성이 있으며, 고용량의 사용에도 불구하고 진행된 CHF에 의해 악화될 수 있습니다. 20, 35 이러한 관찰은 대안으로 토르세미드의 사용 증가를 장려할 수 있는데, 이는 토세미드가 PO 투여 후 더 우수하고 일관된 흡수를 가진 강력한 루프 이뇨제이기 때문입니다. 8, 21, 36\n위장관에서 흡수된 후 푸로세미드 약력학을 평가하기 위해 uNa:uFur, sFur:uFur 및 sFur 농도를 포함한 변수를 사용했습니다. C기와 D기 간에 이러한 변수의 차이가 없다는 것은 난치성 만성심부전에서도 신세뇨관으로의 푸로세미드 분비가 안정적으로 유지된다는 것을 의미하며, 결과는 이전 연구의 결과와 일치했다. 21, 22 두 약물 모두 단백질 결합이 높지만, 토르세미드는 강산(낮은 pKa)인 푸로세미드보다 pKa가 높은 약산입니다. 21 그러므로, 토르세마이드는 유기 음이온 수송체에 대한 친화력이 낮으며, 이는 푸로세미드보다 더 느리지만 더 오래 세뇨관 내강으로의 분비와 더 지속적인 이뇨 효과를 초래합니다. 21분\n그룹 1에서 UAldo:C 및 uNa:uK를 평가한 결과 이뇨제 내성의 여러 의심되는 원인 중 하나인 RAAS 활성화에 대한 통찰력을 얻을 수 있었습니다. UAldo:C는 진행성 헌팅턴병 단계에서 더 높았지만, 전임상 단계(B1 및 B2)를 D기와 비교했을 때만 유의하게 달랐습니다(표 4). 본 연구에서 만성심부전증이 있는 개에게 스피로노락톤을 자주 투여하는 것은 스피로노락톤이 수용체 부위에 대한 알도스테론의 결합을 방해하여 혈액 및 소변 알도스테론 농도를 증가시키기 때문에 이러한 해석을 복잡하게 만듭니다. 37 그러나 uNa:uK의 비율은 소변 전해질 배설에 대한 알도스테론의 작용을 반영하며, 그룹 1 개의 결과는 C기 개와 D기 개 모두에서 유사한 알도스테론 영향을 시사했습니다. 24분\nRAAS는 C기 및 D기 CHF(그룹 2)를 가진 22마리의 추가 개에서 안지오텐신 대사 산물, 알도스테론 및 ACE 활성을 측정하여 추가로 평가되었습니다. RAAS는 C기와 D기 모두에서 억제되었지만, 프로파일은 D기 개에서 더 많은 RAAS 억제를 나타냈습니다. 안지오텐신 I과 안지오텐신 1-7은 C기 개에 비해 D기 개에서 더 높았고 ACE 활성은 더 낮았다. 이 발견은 이론적으로 C기 개(0.92mg/kg/일; P = .01)입니다. D기 개에서 안지오텐신 I 농도가 높은 것은 만성심부전과 이뇨제 치료로 인한 레닌 생성 증가, ACE 억제, 낮은 신장 염화관(renal tubular chloride) 농도 또는 이들의 조합에 기인한다. 12, 26 이 결론은 혈장 레닌 농도의 대용품인 안지오텐신 I과 안지오텐신 II 농도의 합이 D기 개에서 더 높았다는 사실에 의해 뒷받침됩니다. 26분\n만성심부전증 C기 및 D기(더 많은 레닌 활성[안지오텐신 I + 안지오텐신 II] 및 안지오텐신 1-7, D기 만성심부전)에서 ACE 활성이 더 적음)에 있는 개 간의 RAAS 활성화에 차이가 있는 원인은 밝혀지지 않았습니다. 가능한 설명은 다음 중 1개 이상을 포함한다: ACE 유전자 다형성과 관련된 기능적 차이; RAAS 캐스케이드에서 전환 효소에 영향을 미치는 설명되지 않은 내인성 물질; 안지오텐신 I 또는 안지오텐신 1-9(후자는 최근 개에서 기술된 바와 같이 안지오텐신 1에서 ACE2 매개 전환으로 생성됨)에서 안지오텐신 1-7의 네프릴리신 매개 생산의 동원 또는 이뇨제 용량의 차이 또는 난치성 만성심부전에서 레닌 방출의 향상된 자극에 따른 부작용. 27, 38, 39\n본 연구의 결과는 본 연구에서 투여된 ACE 억제제 및 스피로노락톤과 함께 RAAS 억제 치료의 사용을 지지하지만, 난치성 만성심부전증이 있는 D기 개에서 추가적인 RAAS 억제의 일상적인 사용을 지지하지는 않는다. 안지오텐신 1-7은 유익한 혈관 확장성 안지오텐신 대사 산물로, ACE 경로가 ACE 억제제에 의해 차단될 때 네프릴리신에 의한 생성이 촉진됩니다. 27 그룹 2 단계 D 개의 RAAS 프로필은 유리한 것으로 보입니다. 이 결론은 D기 개에서 더 높은 uNa:uK, 더 낮은 ACE 활성, 더 높은 안지오텐신 1-7 대 안지오텐신 II 비율에 의해 뒷받침되며, 이는 성공적인 RAAS 억제를 나타냅니다. 25분\n본 연구에는 해석에 영향을 미칠 수 있는 몇 가지 제한 사항이 있었다. 현재 난치성 만성심부전증 환자를 식별하기 위한 황금 표준은 존재하지 않습니다. 우리의 목표 중 하나는 C단계와 D단계 개를 구분할 수 있는 변수를 식별하는 것이었기 때문에 최근에 발표된 분류 방법16과 2009 ACVIM 병기 결정 체계에 의존했습니다. C 단계와 D 단계에 대한 이러한 정의와 차별화 요소에는 결함이 있을 수 있습니다. 본 연구가 완료된 후 업데이트된 ACVIM 합의 성명서가 발표되었지만, 이 문서는 CHF 단계의 정의에 실질적으로 추가되지 않습니다. 40 더욱이, 만성심부전은 점진적으로 변하며, 모든 D기 개가 동일한 것은 아니다. 본 연구는 임상이었기 때문에 개 간의 식단 차이를 통제할 수 없었고, 전해질의 식단 섭취량에 차이가 있었을 수도 있습니다. 이러한 차이는 만성심부전 조절, RAAS 활성화 및 혈액 검사 결과에 영향을 미칠 수 있습니다. 샘플은 약물 투여 후 4-6시간 후인 늦은 아침 또는 이른 오후에 수집되었으며 이 기간 내에서 시기가 다양했습니다. 표본 추출 시기가 상관 관계 결과에 영향을 미쳤을 수 있지만 이전 보고서와 유사했습니다. 26 우리는 개를 ACE 다형성 유전자형으로 분류할 수 없었다. 38 또한, 본 연구는 순환하는 ACE를 평가했으며, 조직 결합 ACE 또는 기타 비 ACE 효소도 이러한 개에서 임상적으로 중요할 수 있습니다. 마지막으로, B1 및 D 단계의 개 수가 적기 때문에 일부 변수에 대한 그룹 간 차이의 유의성을 감지하기 위한 통계적 검정력이 감소했을 가능성이 있습니다.\n5. 결론\n본 연구는 난치성(D기) 만성심부전증을 앓고 있는 개의 식별 및 치료에 대한 지침을 강화하기 위한 새로운 정보를 제공합니다. 혈청 염화물 농도 <103.5 mmol/L은 D단계를 정확하게 식별했으며, 이는 불응성 CHF의 정의에서 혈청 염화물 농도의 사용을 지원합니다. 본 연구에서 이뇨제 내성에 대해 제안된 기준을 충족하는 개는 거의 없었으며, 이 개들은 다른 D기 개보다 저염소혈증이 더 심했습니다. ACE 억제제와 스피로노락톤으로 RAAS를 억제하면 C기 및 D기 CHF가 있는 개에서 칼륨 보유가 개선되고 유익한 RAAS 대사 산물이 증가하는 것으로 나타났습니다. D기 개에서 더 많은 ACE 억제가 진행된 질병, 더 많은 약물 투여 량 또는 반대로 생존 연장에 대한 지표인지 여부를 결정하기 위해 추가 연구가 필요할 것입니다. 불응성 CHF에서 이뇨를 달성하기 위해 점점 더 높은 용량의 푸로세미드 대신 토르세미드를 조기에 사용하는 것을 고려해야 합니다. 이러한 결론은 토르세미드의 분비율이 낮고, 푸로세미드 투여량이 혈청 농도에 비해 유의미한 PO 푸로세마이드 투여량이 부족하며, 이는 고용량의 푸로세미드와 상관관계가 있다는 증거에 의해 뒷받침된다. D기 대비 C기를 정의하기 위한 더 낮은 컷오프 푸로세미드 투여량도 개에서 헌팅턴병을 결정하려는 향후 시도에서 고려될 수 있습니다."
}