{
  "title": "52. 심장사상충 질환 – 개요, 중재 및 산업 관점",
  "author": "산드라 노악",
  "publisher": "오픈 엑세스",
  "department": "내과",
  "disease": "52. 심장사상충 질환 – 개요, 중재 및 산업 관점\n\n1. 소개\n반려동물, 특히 개와 고양이는 다양한 외부 및 내부 기생충의 숙주입니다(Selzer and Epe, 2021). 병리학적, 경제적 관점에서 반려동물 건강에서 가장 중요한 내기생충 중 하나는 심장사상충 질환을 일으키는 필라리아 선충 기생충인 Dirofilaria immitis입니다. 개의 경우, 이 질병은 폐동맥의 병리학을 유발하는 어린 성체 및 성체 기생충에 의해 발생합니다. 송곳니는 결정적인 숙주 역할을 하기 때문에 폐동맥에서 유성 생식이 일어나고 미세사상충이 순환계로 방출된다(McCall et al., 2008b; Bowman and Atkins, 2009; Selzer and Epe, 2021). D. immitis 감염은 고양이에서도 발생하며, 이 질병은 일반적으로 이 비정형 숙주에서 더 심각합니다. 동물 건강의 관점에서 볼 때, 개와 고양이는 D. immitis에 감염될 수 있는 수많은 포유류 숙주 중에서 가장 중요한 동물이다(Simón et al., 2009; Moroni et al., 2020; Selzer and Epe, 2021). 따라서 본 연구는 주로 개의 심장사상충 질환에 초점을 맞추고 적절한 경우 고양이에 대한 관련 배경을 포함할 것이다. Acanthocheilonema reconditum, Cercopithifilaria bainae 및 Onchocerca lupi를 포함한 다른 필라리아 기생충 종도 개에서 보고되었습니다. 이 중 O. lupi는 임상적으로 중요하며 북미의 개뿐만 아니라 고양이와 인간에서도 보고되었습니다(Dantas-Torres and Otranto, 2020).\n반려견에서 확립된 D. immitis 감염을 치료하기 위해서는 장기간의 약물 치료, 운동 제한, 때로는 수술이 필요하다(Bowman and Atkins, 2009; Carretón et al., 2019). 따라서 현재 심장사상충 질환은 예방을 통해 통제하는 방법이며, 현재는 이버멕틴(ivermectin), 밀베마이신 옥심(milbemycin oxime), 목시덱틴(moxidectin)을 포함한 단일 종류의 약물인 거대고리락톤(macrocyclic lactones, ML)을 활용하고 있습니다(Wolstenholme et al., 2016). 이버멕틴은 인간 필라리아 기생충에 대한 효능을 바탕으로 세계보건기구(세계보건기구, 2019)에서 필수 의약품으로 간주합니다. 이 약물은 미주 지역에서 성공적으로 적용되었으며(Lakwo et al., 2020), 풍토병 국가 6개국 중 4개국에서 사상충증을 퇴치하는 데 기여했습니다(Sauerbrey et al., 2018). 이버멕틴은 인간 병원성 필라리아 기생충을 통제하기 위해 아프리카에서 대규모 약물 투여 캠페인에 크게 기여하고 있으며(Kim et al., 2015; Lakwo et al., 2020). 그러나 사상충증의 성공적인 제거는 이버멕틴 내성 O. volvolus 개체군에 의해 멸종 위기에 처할 수 있습니다(Osei-Atweneboana et al., 2011; Nana-Djeunga et al., 2014). 마찬가지로, 반려견의 심장사상충 질환을 성공적으로 예방하는 것은 ML 내성 D. immitis에 의해 손상될 수 있습니다(Hampshire, 2005; Bourguinat et al., 2015).\n이 리뷰에서는 심장사상충 질환에 대한 개요를 제공하고, 심장사상충 통제에 대한 업계의 관점, 현재 사용 가능한 치료법, 잠재적 작용 방식 및 내성 선택으로 이어지는 관련 문제를 간략하게 설명합니다. D. immitis의 일반적인 분포 외에도 특정 지역에서 유병률이 증가하거나 감소하는 이유에 대해 논의할 것입니다. 진단 능력의 발전과 새로운 기술 플랫폼을 기반으로 한 새로운 치료법의 발견 가능성도 다루어질 것입니다.\n독자를 위한 메모로, 그리고 세계 수의학 기생충학 발전 협회(WAAVP, https://www.waavp.org)에 따라 \"디로필라리증\"이라는 용어를 사용했습니다(Kassai et al., 1988). 그러나 많은 출판물에서 이 질병은 \"디로필라리아증(dirofilariasis)\" 또는 \"디로필라라증(dirofilarosis)\"으로 언급되기도 하는데, 이는 문헌을 검토할 때 고려해야 할 중요한 사항이다(Ashford, 2001; Kassai, 2006).\n2. 심장사상충 생물학\n2.1. 분류 체계 및 수명 주기\n선충(Nematoda)의 문(phylum) 내에서, Dirofilaria immitis(그림 1, 그림 2)는 일반적으로 필라리아 기생충(filarial parasites) 또는 필라리아(filariae)로 알려진 슈퍼패밀리 필라리오이데아(superfamily Filarioidea)에 속한다. 필라리아 기생충의 확실한 숙주는 항상 척추동물이고 중간 숙주는 절지동물, 종종 모기입니다. Filarioidea는 Filariidae, Setariidae 및 Onchocercidae의 세 과로 분류됩니다. Onchocercidae에는 강변 실명증으로도 알려진 사상충증을 유발하는 인간 병원성 종 O. volvulus와 림프 사상충증의 원인 병원체인 W. bancrofti 및 B. malayi가 포함됩니다(Deplazes et al., 2016; Mehlhorn, 2016)입니다. Onchocercidae에는 D. immitis와 Dirofilaria repens도 포함되어 있으며, 둘 다 육식 동물에서 디로필라리증을 유발하며, 이는 반려동물의 건강과 복지에 대한 전 세계적인 주요 위협입니다(Bowman and Atkins, 2009; Capelli et al., 2018). Filarioidea의 다른 병원성 동물 종으로는 출혈성 피하 결절(말의 여름 출혈)을 유발하는 Parafilaria multipapillosa(Filariidae)와 아시아의 소와 물소의 병원성 기생충인 Setaria digitata(Setariidae)가 있습니다(Deplazes et al., 2016; Mehlhorn, 2016). S. digitata의 유충 단계는 염소, 양, 말에서 치명적인 뇌척수 선충증을 유발할 수 있으며(Perumal et al., 2016), 인간의 감염은 농양, 알레르기 반응, 림프절 비대, 눈 병변 및 폐 염증을 유발할 수 있습니다(Rodrigo et al., 2014).\n\n\n\n성인 D. immitis 기생충. 부검 시 개에서 제거된 성체 D. immitis 벌레 덩어리의 사진. 대부분은 암컷 벌레이지만 수컷 벌레의 똬리를 틀고 있는 뒤쪽 끝은 덩어리의 중앙에서 볼 수 있습니다.\n\n\n\nDirofilaria immitis 수명주기 및 화학적 개입 기간. 내부 원은 포유류 숙주(개)와 매개체(모기) 내에서 D. immitis의 수명 주기를 나타냅니다. 화살표의 길이는 각 단계의 개발 시간을 대략적으로 반영합니다. 감염된 개가 혈액을 채취하는 동안 혈액을 순환하는 미세유충(MF)이 모기에 의해 섭취됩니다. 매개체에서 그들은 L1에서 감염성 L3로 유충(L) 단계로 발달하며, 이는 다른 혈액 식사 중에 포유류 숙주로 전달될 수 있습니다. 숙주 내에서 그들은 L4로 빠르게 발전하고 최종적으로 심장(혈관 및 심폐계, 오른쪽 심장실)에 거주하고 짝짓기를 하는 성인 암컷 또는 수컷 기생충으로 발전합니다. 바깥쪽 원은 기생충의 발달 단계에 따른 예방 및 치료 옵션을 보여줍니다. ML은 D. immitis L3 및 L4 유충 단계에 대한 감염 후 최대 60일(d)까지(0d) 예방 치료로 사용됩니다. 그 기간이 지나면 ML의 효능은 더 이상 100%가 아닙니다(Bowman and Drake, 2017). 유일하게 등록된 심장사상충 살충제인 멜라르소민은 감염 후 약 180일 후에 진단할 수 있는 성체 D. immitis에 효과적입니다. 24시간 간격으로 2회 투여된 멜라르소민은 대조군 연구(2017)에서 나타난 바와 같이 청소년에 대해서도 상당한 효능이 있습니다. 그러나 멜라르소민은 심장사상충 감염의 예방이나 최종 진단 전에 사용하는 것이 아니라 성인 심장사상충 치료에만 사용하는 것이 좋습니다(https://capcvet.org/guidelines/heartworm/ 2020년 11월 27일 액세스). 외부 기생충제 또는 방충제는 모기가 개와 고양이를 잡아먹는 것을 방지하여 감염 가능성을 줄이는 데 사용할 수 있습니다.\n대부분의 필라리아와 마찬가지로 D. immitis는 자유 생활 단계가 없으며 최종 포유류 숙주와 모기 매개체 모두에서 여러 발달 단계를 포함하는 복잡한 수명 주기를 보여줍니다(그림 2). 성충(macrofilariae)은 주로 송곳니 숙주의 엽동맥과 주폐동맥에서 의무적인 내부 기생충으로 생활합니다. 기생충 부담이 높은 개의 경우 성체 D. immitis도 우심실에서 발견될 수 있습니다. 암컷은 최대 30cm, 수컷은 약 18cm입니다. 암컷은 난생입니다. 그들은 250-300 μm 크기의 혈액에서 덮개가 없는 미세사상충을 방출합니다. 다양한 모기 종은 감염된 숙주의 혈액 가루에서 D. immitis microfilarial 단계를 획득할 수 있습니다. 일단 모기에 의해 섭취되면, 미세유충은 몇 시간 내에 중장에서 말피기안세뇨관으로 이동하며, 그곳에서 형태학적으로 1단계 유충을 대표하는 다양한 \"소시지\" 형태로 변합니다(Sawyer and Weinstein, 1963, Shang Kuan and Prichard, 2020). 그러나 D. immitis에 대한 보고서에서는 L1 단계 이후에는 해당 시스템에서 발생할 수 없는 체외 배양 미세사상충을 사용하여 이러한 변화를 설명했습니다(Kuan and Prichard, 2020). 그럼에도 불구하고, 모기 내에서 D. immitis의 주요 발달 단계는 관련 B. malayi에 대한 관찰에 의해 확인되었습니다(Erickson et al., 2009). 다양한 시간 간격으로 감염된 모기에서 채취한 필라리아는 마이크로필라리아(microfilariae)로 뚜렷하게 구별될 수 있으며, 이는 몇 시간 내에 세포 내 L1 단계로 이동하고 발달합니다. 이러한 짧고 비섭식 L1 단계는 첫 번째 탈피를 거쳐 세포 내 나머지 L2 단계가 생성됩니다. 그들은 두 번째로 털갈이를 하여 최종적으로 감염성 B. malayi L3 단계가 되며(Erickson et al., 2009), 이는 다른 척추동물 숙주로 전염될 수 있습니다. D. immitis의 발병과 송곳니 숙주에서의 이동, 숙주 면역 반응은 감염 후 약 6개월 후에 폐동맥에 성체가 나타나기 전까지는 대체로 특징이 파악되지 않았다(Bowman and Atkins, 2009; Simón et al., 2012; Deplazes et al., 2016; Mehlhorn, 2016)입니다.\n2.2. 질병\n젊은 성인 및 성인 D. immitis 심장사상충은 개의 질병을 일으키며, 처음에는 혈류 장애로 진행될 수 있는 혈관 질환으로 결국 혈관 및 폐 시스템에 영향을 미치고 심한 경우 오른쪽 심장 방에 영향을 미칠 수 있습니다. 첫 번째 증상으로는 경미하고 지속적인 기침과 운동 거부감이 있습니다. 개는 식욕 감소를 보이고 운동을 견딜 수 없게 될 수 있습니다. 결국, 기생충의 죽음으로 인한 폐 내피와 혈관 폐색의 손상은 심박출량을 감소시킬 것입니다. 그로 인한 폐고혈압은 보상적 우측 심장 비대와 우측 심부전으로 진행될 수 있습니다. 덜 흔한 후유증은 폐동맥에 많은 성인이 생겨 폐를 통한 혈류가 갑자기 막혀 기생충이 이동하여 우심방, 심실 및 종종 대정맥에 비정상적으로 위치하는 지점까지 혈류를 감소시킬 때 발생합니다(그림 3). 이러한 형태의 폐색은 캐벌 증후군(caval syndrome)이라고 불리며, 생명을 위협하는 형태의 심부전을 일으킨다(Bowman and Atkins, 2009; Simón et al., 2012; Ames and Atkins, 2020).\n\n\n\n카발 증후군으로 인해 안락사된 개의 부검 모습. D. immitis는 화살표로 표시되며 절개된 전방 대정맥(+)에서 명확하게 볼 수 있습니다. 폐엽(*)은 왼쪽 상단으로 반사되고, 기관(x)은 대정맥 위에 표시되며, 심낭과 심장(#)은 이미지의 왼쪽 하단에 있습니다.\nDirofilaria immitis는 동물 유행병 가능성이 있으므로 공중 보건 문제로 간주될 수 있습니다. 인간은 우연히 D. immitis에 감염될 수 있으며, 많은 경우 이러한 감염은 조직 단계를 통해 진행되어 폐 혈관 구조에 도달합니다. 인간의 폐 혈관 구조에서 어린 성인 기생충은 죽어 폐 결절이 발생하지만 증상은 없습니다. 유럽에서는 33건의 폐 디로필라리증 사례가 보고되었다(Simón et al., 2012). 그러나 스페인 북부에서 채취한 250개의 혈청 샘플에서 D. immitis에 대한 특정 IgG 항체를 분석한 결과 혈청유병률이 11.6%로 나타났기 때문에 D. immitis에 대한 인간의 노출은 더 높을 것으로 보입니다(Morchón et al., 2010). 마찬가지로, 포르투갈에서 조사된 668명 중 6.1%가 D. immitis에 대해 혈청 양성인 것으로 밝혀졌습니다(Fontes-Sousa et al., 2019). 인간의 D. immitis 감염은 일반적으로 무증상이지만 방사선 사진학적으로 그로 인한 동전 병변은 폐암과 구별할 수 없기 때문에 큰 우려를 유발할 수 있습니다(Simón et al., 2012).\n2.3. 벡터\n심장사상충의 풍부함과 분포는 모기 매개체 생물학 및 생태학과 밀접한 관련이 있습니다. microfilariae가 감염성 L3 단계로 성공적으로 발달하고 이후 주둥이로 이동할 수 있는 모든 모기 종은 D. immitis의 유능한 매개체가 될 수 있습니다(Ledesma and Harrington, 2011). 60종 이상의 모기가 L3 D. immitis의 발달을 지원할 수 있다(Ludlam et al., 1970). 다양한 현장 연구에서 20종 이상의 서로 다른 종이 감염성 L3를 가지고 검출되었다(Scoles, 1998; Ward, 2005; Bowman and Atkins, 2009; Ledesma and Harrington, 2011). 9종의 종이 주요 잠재적 매개체로 확인되었으며, 모두 잘 알려진 발달 및 생물학적 매개변수를 가지고 있어 개 심장사상충 위험에 대한 국가 예측 모델을 개발할 수 있습니다(Brown et al., 2012). 이 종은 Aedes aegypti, Ae. albopictus, Ae. canadensis, Ae. sierrensis, Ae. trivitattus, Ae. vexans, Anopheles punctipennis, A. quadrimaculatus 및 Culex quinquefasciatus입니다. 습도, 식생, 도시화와 같은 다양한 요인에 의존하는 모기 종간 경쟁은 전염 가능한 종의 분포로 이어질 수 있습니다. 이러한 종의 발생에 대한 벡터 및 환경 지도가 조사되었으며, C. quinquefasciatus, Ae. sierrensis, A. punctipennis, A. quadrimaculatus 또는 Ae. canadensis의 존재는 더 높은 심장사상충 유병률과 관련이 있는 반면 다른 모기 종은 유병률을 감소시키는 것으로 추정됩니다(Wang et al., 2014). 많은 필라리아와 마찬가지로 D. immitis microfilariae는 일주기 리듬을 나타내며, 이는 모기 활동 패턴과 숙주에서 미세유상충 피크가 더 많이 겹칠수록 기생충 전염 가능성이 증가하기 때문에 벡터 용량과 심장사상충의 역학에 영향을 미칠 것입니다(Ionică et al., 2017; Evans et al., 2017a).\n유럽에서는 이탈리아(Cancrini et al., 2006), 스페인(Morchón et al., 2007), 터키(Yildirim et al., 2011)에서 C. pipiens를 포함한 여러 종의 모기가 D. immitis에 감염된 것으로 밝혀졌다. C. 포르투갈 마데이라 섬 (Santa-Ana et al., 2006)과 스페인 카나리아 제도 (Morchón et al., 2012)의 theileri; 터키의 Ae. vexans(Yildirim et al., 2011) 및 이탈리아의 Ae. albopictus, A. caspius, A. maculipennis, Coquillettidia richiardii(Cancrini et al., 2003, 2006). 보다 최근에는 Montarsi et al. (2015)는 Ae를 확인했습니다. (Finlaya) koreicus는 유럽에서 D. immitis의 새로운 매개체입니다. 유럽의 대부분의 지역에서 이러한 종의 활동은 봄과 여름 사이의 기간으로 제한됩니다. 개에서 D. immitis 감염의 증가는 D. repens에서 이미 관찰된 바와 같이 현재 심장사상충이 없는 지역에서 예측되었습니다. 이는 모기 매개체에서 D. immitis의 생존과 확산에 유리한 기후 변화 때문일 수 있습니다(Genchi et al., 2011).\n많은 모기 종이 D. immitis를 전염시킬 수 있지만, 호주에서는 주요 매개체가 Ae. notoscriptus입니다(Russell and Geary, 1996). 일본에서는 C. pipiens pallens와 C. tritaeniorhynchus가 Dirofilaria 전염의 주요 매개체입니다. 전체적으로 최소 16종의 모기가 일본에서 심장사상충 전염에 중요한 역할을 하는 것으로 알려져 있습니다(Akao, 2011). 브라질의 주요 매개체 종은 Ae. taeniorhynchus (73.9%), Ae. scapularis (20%) 및 C. quinquefasciatus (2.5%)입니다. 그러나 미국에서 수행된 분석(Wang et al., 2014)과 달리 조사 지역의 모기 개체군 구성은 남미의 심장사상충 감염 분포에 중요한 요인이 아니라는 제안이 제시되었습니다(Labarthe and Guerrero, 2005).\n2.4. 볼바키아\n대부분의 필라리아 종은 박테리아 내공생체를 보유하고 의존합니다. 이는 D. immitis의 경우에도 마찬가지이며(Sironi et al., 1995; Bandi et al., 1999) 및 D. repens(Grandi et al., 2008)는 둘 다 배발생, 발달 및 생존을 위해 리케차와 같은 내공생체인 Wolbachia에 의존하기 때문입니다(Ferri et al., 2011; Taylor et al., 2013). Brugia malayi와 Wolbachia endosymbiont 집단의 게놈 분석은 Wolbachia 게놈이 퓨린과 피리미딘, 헴 및 리보플라빈의 생합성 경로에 충분한 유전자를 암호화하고 있음을 보여주었으며, 이들 중 어느 것도 Brugia 게놈에 완전히 암호화되어 있지 않았습니다(Foster et al., 2005; Ghedin et al., 2007). 이러한 발견은 D. immitis의 Wolbachia 개체군에 대한 게놈 분석에 의해 확인되었습니다. 이러한 Wolbachia는 또한 헴, 퓨린 및 피리미딘의 생합성과 같이 D. immitis 게놈에 없는 효소를 암호화합니다. 또한 B. malayi의 Wolbachia 개체군에는 엽산 합성에 필요한 유전자가 포함되어 있습니다(Godel et al., 2012). 볼바키아의 필수 대사 기여는 필라리아를 조절하기 위한 유효한 약물 표적이 됩니다(Slatko et al., 2010; McCall et al., 2014b; Landmann, 2019; Turner et al., 2020).\n3. 유병률 및 진단\n3.1. 유병률\n개와 고양이의 Dirofilaria immitis 감염은 전 세계 열대 및 온대 지역에서 확인되었습니다(Simón et al., 2012; Genchi and Kramer, 2019) D. repens의 발생은 구세계에 국한되어 있습니다 (그림 4). 몇 가지 일화적 보고에 따르면 멕시코와 칠레에도 D. repens가 존재한다고 한다(López et al., 2012; Ramos-Lopez et al., 2016). 현재 두 가지 상반되는 현상이 디로필라리증의 유병률과 확산에 영향을 미치고 있습니다. 디로필라리아 감염의 유병률은 주로 기후 변화와 그에 따른 Ae. albopictus 및 Ae. koreicus와 같은 유능한 모기 종의 확산으로 인해 전 세계적으로 증가하고 있는 것으로 보입니다(Montarsi et al., 2015). 반면, 일본(Oi et al., 2014)과 이탈리아 북부를 포함한 일부 지역에서는 심장사상충 유병률이 감소하고 있는데, 이는 심장사상충에 대한 인식이 높아지고 통제가 강화되었기 때문인 것으로 보인다(Genchi and Kramer, 2019; Mendoza-Roldan et al., 2020). 후자의 관찰은 수의사에 대한 인식을 높이고 그에 수반하여 개에 대한 예방 치료를 증가시킴으로써 심장사상충 감염의 분포와 위험을 줄일 수 있음을 나타낼 수 있습니다.\n\n\n\nD. immitis와 D. repens의 존재는 전 세계적으로 감염됩니다. 디로필라리아 감염 위험이 있는 개의 수를 분석한 결과, 아시아에서는 약 1억 4,800만 마리, 라틴 아메리카와 유럽에서는 각각 약 9,800만 마리, 북미에서는 약 8,000만 마리, 아프리카에서는 약 5,000만 마리, 오세아니아에서는 약 600만 마리가 감염 위험에 처해 있다(López et al., 2012, Simón et al., 2012, Ramos-Lopez et al., 2016, Genchi and Kramer, 2019년; Boehringer Ingelheim 내부 분석).\n그러나 특히 지중해에서 심장사상충 유병률이 감소하는 것은 모기 개체수가 전반적으로 감소했기 때문일 수도 있습니다. 말라리아에 대한 모기의 풍부함과 질병 전염 위험의 일반적인 상관관계는 잘 확립되어 있으며(Kitron and Spielman, 1989), 모기 개체군의 지역 조건에 따라 말라리아 전염 위험이 더 적거나 더 높다는 것이 입증되었다(Parham and Michael, 2010). 유럽과 지중해에서 말라리아를 퇴치하려는 노력은 19세기 후반부터 시작되었으며, 20세기에 널리 퇴치되었다(Feachem et al., 2010). 오늘날 또 다른 중요한 영향은 산업화, 도시화 및 살충제 적용으로 인한 곤충 개체수의 지속적인 감소입니다(Goulson et al., 2015). 따라서 심장사상충 유병률은 일부 풍토병 지역에서 매개체 개체군의 감소로 인해 계속 감소할 수 있습니다. 반면, 기후 변화는 모기 매개체의 북쪽 확산으로 이어져 현재 풍토병이 아닌 지역에서 질병 위험을 높일 것이다(Medlock et al., 2012; Cella 외, 2019; Hertig, 2019). 이러한 예측은 Anopheles spp.의 확산과 그 결과 말라리아가 디로필라리오스증의 유병률에도 적용될 수 있으며, 모기의 이동에 Dirofilaria spp.의 유능한 중간 숙주인 종이 포함된다고 가정합니다.\n개의 경우, D. immitis는 조사에서 심장사상충 사례가 발견되지 않은 칠레와 같은 몇 가지 예외를 제외하고는 모든 아메리카 대륙에서 널리 퍼져 있습니다(Labarthe and Guerrero, 2005; Simón et al., 2012; Maggi and Krämer, 2019; Dantas-Torres and Otranto, 2020). 미국에서는 평균 유병률이 일반적으로 1%에서 12% 사이이다(Lee et al., 2010; Little et al., 2014, 2021), 국지적으로 상당히 높을 수 있습니다. 미국 남동부에서 가장 유병률이 높은 플로리다 주는 28%의 유병률을 보였고(Hays et al., 2020), 걸프 연안 지역에서는 48%의 높은 유병률이 관찰되었다(McCall et al., 2008b; Bowman et al., 2009). 이러한 보고는 미국 심장사상충 학회(American Heartworm Society)의 최근 조사(https://www.heartwormsociety.org/in-the-news/558-ahs-announces-findings-of-2019-heartworm-incidence-survey, 2020년 11월 25일 액세스)에 의해 확인되었으며, 2019년 심장사상충 발병률이 가장 높은 5개 주는 남동부(미시시피, 루이지애나, 사우스캐롤라이나, 아칸소, 앨라배마)였으며(그림 5), Little et al. (2021)의 보고서와 유사했습니다, 미시시피, 루이지애나, 아칸소, 앨라배마, 텍사스에서 가장 높은 발병률을 보였습니다. 2016년과 비교했을 때 일반 분포는 변하지 않았습니다. D. immitis 감염이 없는 주는 없습니다(Little et al., 2021). 유병률은 추운 기후를 가진 지역에서 훨씬 낮습니다. 예를 들어, 캐나다에서는 1993년에 실시된 연구에서 유병률이 0.24%로 밝혀졌다(Slocombe and Villeneuve, 1993). 보다 최근의 연구에서는 캐나다 온타리오의 보호소 개에서 3.9%의 유병률이 밝혀졌습니다(Jacobson et al., 2020). 기후 변화는 또한 이전에 배제되었던 추운 지역에서 심장사상충 유병률을 증가시킬 수 있습니다(Bowman et al., 2016).\nD. immitis의 분포에 대한 자세한 유럽 조사는 보고되지 않았지만 국가 또는 지역 수준에서 수행된 조사는 사용할 수 있습니다. 일부 조사는 개의 감염이 종종 무증상임에도 불구하고 인간의 인수공통감염 가능성 때문에 유럽의 D. repens에 초점을 맞추었습니다(Sałamatin et al., 2013; Moskvina and Ermolenko, 2018). 또한, 이탈리아 북부와 카나리아 제도(스페인)와 같은 일부 풍토병 지역에서 D. immitis 감염이 크게 감소한 것으로 관찰되었습니다(Genchi and Kramer, 2019). 이 지역에서의 유병률 감소와는 대조적으로, 중부 및 북부 유럽에서의 전염 증가가 관찰되었는데, 이는 기후 변화에 기인할 수 있다(Simón et al., 2012; Capelli et al., 2018; Széll et al., 2020). 핀란드, 에스토니아, 시베리아와 같은 북쪽 지역에서도 자가감염 사례가 보고되고 있다(Jokelainen et al., 2016; Pietikäinen et al., 2017; Genchi and Kramer, 2019). 디로필라리증의 확산에 기여하는 또 다른 요인은 양성 반응이 나온 개들이 풍토병 국가에서 독일과 같이 이전에 심장사상충이 없었던 국가로 이동하는 것이다(Genchi et al., 2014). 또한 황금자칼(Canis aureus)과 같은 야생동물에서 저수지 숙주의 발생 증가와 기후 변화로 인한 확산도 중요한 역할을 하는 것으로 보입니다(Széll et al., 2020). 특별한 사례는 오스트리아로 보이며, 최근에야 포유류와 모기 매개체인 A. algeriensis 및 A. maculipennis에서 D. repens의 도입이 확인되었습니다(Fuehrer et al., 2016). 대부분의 디로필라리오스증 사례는 수입된 사례였지만, 기후 분석에 따르면 D. immitis는 숙주와 다수의 유능한 품종 매개체가 존재한다는 점을 감안할 때 오스트리아의 저지대에도 서식할 수 있는 능력이 있는 것으로 나타났습니다(Fuehrer et al., 2016).\n3.2. 진단\n반려동물 기생충 위원회(CAPC, https://capcvet.org/)와 미국 심장사상충 협회(https://heartwormsociety.org)는 심장사상충 예방 치료를 받는 개를 포함한 모든 반려견이 매년 항원 검사와 미세사상충 검사를 모두 사용하여 검사를 받아야 한다고 권고합니다. 심장사상충의 다양한 생애 단계를 검출하기 위해 다양한 기생충학적, 혈청학적 또는 분자 검사를 사용할 수 있으며, 이는 특정 시점에 감염된 개에게 모든 생애 단계가 존재하는 것은 아니라는 점을 고려합니다(Little et al., 2018). 미세사상충에 대한 현미경 진단은 직접 혈액 도말 또는 농축된 혈액(수정된 Knott's test)을 사용하여 수행할 수 있으며 다른 필라리아, 특히 Acanthocheilonema spp 및 D. repens에 대한 감별 진단이 가능합니다(Magnis et al., 2013). 그러나 이 기술은 혼합성 필라리아 감염에 적합하지 않을 수 있으며, 다른 진단 검사에 비해 다소 둔감하며, 최소 1ml의 혈액을 조사하지 않는 한 검사를 음성으로 정의해서는 안 됩니다(American Heartworm Society, 2020; Panarese et al., 2020).\n모든 일주기 리듬에 대한 지식은 진단이 미세사상충의 식별을 기반으로 할 때 진단의 신뢰성에 영향을 미칠 수 있습니다. 그러나 D. immitis microfilaremia 리듬은 명확한 패턴을 보이지 않습니다. 루마니아에서는 미세유충혈증이 밤에 최고조에 달하지만(Ionică et al., 2017), 또 다른 연구에서는 표준화된 환경 조건에서도 일관된 패턴을 감지하지 못했습니다(Lovis et al., 2017). 실험적으로 감염된 개를 대상으로 한 소규모 연구에서는 개와 감염이 나이가 들면서 크기가 감소하는 24시간 주기성이 뚜렷했으며, 감염 연령을 잠재적인 일주기 리듬 해석의 복잡성에 기여하는 또 다른 요인으로 추가했습니다(Evans et al., 2017a).\n원내 사용을 위해 D. immitis 성체 항원을 검출하기 위해 효소 결합 면역흡착 분석법(ELISA) 또는 면역크로마토그래피(ICT) 검사를 기반으로 하는 여러 혈청학적 검사가 개발되었습니다(Barr et al., 2011; Lee et al., 2011; Henry et al., 2018; Little et al., 2018). 이용 가능한 매우 특이적인 항원 검사(98%-100%)는 감염 후 약 7개월이 지난 후에도 성숙한 감염만 검출합니다(McCall et al., 2001; Carmichael 외, 2017; Henry et al., 2018). 적어도 한 마리의 암컷 D. immitis가 필요하며, 기생충 부담이 매우 낮은 감염은 발견되지 않을 수 있다(Courtney and Zeng, 2001; Atkins, 2003). 그러나 현재 상용 항원 검사는 한 명 이상의 성인 암컷 D. immitis가 있는 감염을 안정적으로 감지하는 것으로 밝혀졌습니다(Genchi et al., 2018). 또한, 면역 복합체에서 항원을 방출하기 위해 샘플을 열처리하지 않는 한 일부 개에서는 항원이 검출되지 않을 수 있습니다(Little et al., 2018). 열 전처리는 일반적으로 권장되지 않으며, 임상 징후가 나타나고 지속적인 예방 요법이 이루어지지 않은 풍토병 지역에 거주하는 환자는 예외입니다(Little et al., 2018). 분석법의 추가 개발로 인해 동시에 여러 감염을 진단하는 데 적합한 검사가 가능해졌습니다. 이러한 신속한 원내 검사 중 두 가지인 FLEX4 분석법(Abaxis, Union City, CA)과 SNAP 분석법(IDEXX Laboratories, Inc., Westbrook, ME)은 최근 다양한 아나플라즈마, 보렐리아 및 에를리키아 종의 검출과 D. immitis에 대해 평가되었습니다(Liu et al., 2018). 두 신속 분석의 특이도는 모두 98%에서 100% 사이였지만, 민감도는 병원체에 따라 크게 달랐으며 D. immitis의 경우 88.2%(FLEX4) 대 94.1%(SNAP)였습니다(Liu et al., 2018).\n분자 진단은 감염이 의심되는 개에게 특히 적합하지만 미세사상충 음성 결과가 있습니다. ml당 4개의 마이크로필라리아(microfilariae)가 있는 샘플에서 멀티플렉스 PCR 분석이 신뢰할 수 있는 양성 결과를 제공하고 D. immitis와 D. repens를 구별할 수 있음이 입증되었습니다(Gioia et al., 2010; Ferreira et al., 2017). \n4. 질병 통제\n4.1. 거대고리 락톤\n1987년 개 시장에 이버멕틴이 도입된 것을 시작으로(Heartgard®), 오늘날까지 심장사상충 예방은 거의 전적으로 동일한 화학 등급인 거대고리 락톤(ML)의 활성 제약 성분(API)을 정기적으로 투여함으로써 달성되고 있습니다. 기생충에 대해 활성을 보이는 최초의 ML인 스트렙토마이세스 아베르미틸리스(Streptomyces avermitilis)의 발효 산물인 아베르멕틴(avermectins)은 1975년 일본에서 수집된 토양 샘플에서 발견되었다(Burg et al., 1979; Campbell, 2012). 그 후 2015년에는 아버멕틴의 발견에 크게 기여한 공로를 인정받아 Campbell과 Ōmura가 노벨 생리학·의학상 노벨상 절반을 공동으로 수상했습니다(Van Voorhis et al., 2015).\nML은 아버멕틴(abamectin, ivermectin, eprinomectin, selamectin)과 밀베마이신(milbemycin oxime 및 moxidectin)의 두 그룹으로 나눌 수 있습니다(Shoop et al., 1995; Vercruysse and Rew, 2002). 모두 공통 16인 ML 링을 포함합니다. 두 부류 사이의 주요 구조적 차이점은 거대고리의 C13에 있습니다: 아버멕틴은 당 잔류물을 포함하는 반면 밀베마이신은 양성자화됩니다(그림 6). 서로 다른 ML의 분류에 대한 자세한 내용(예: avermectin 1 및 2 subsets 또는 A 및 B 시리즈 간의 차이)은 Shoop et al. (1995) 및 Prichard and Geary (2019)를 참조하십시오.\n\n\n\n심장사상충 감염에 대해 판매되는 ML의 구조. 거시고리 코어 링 구조(상단)는 ML이 서로 다른 영역을 나타냅니다. C13은 굵게 표시되고 강조 표시되며, 여기서 ML의 두 가지 주요 클래스 간의 주요 차이점이 있습니다. 각 개별 ML에 대한 특정 잔여물은 파란색으로 시각화됩니다. Prichard와 Geary(2019)에 따라 수정되었습니다.\n4.1.1. 이버멕틴\n토양에 서식하는 박테리아인 스트렙토마이세스 아베르미틸리스(Streptomyces avermitilis)는 1973년 일본 혼슈 남동쪽 해안의 가와나(Kawana)에서 채취한 토양 샘플에서 오무라 사토시(Satoshi Ōmura)에 의해 처음 발견되었습니다. 일화에 따르면 Ōmura는 표본을 수집하기 위해 항상 비닐 봉지를 가지고 다녔으며 골프 코스 옆 숲에서 가장 유망한 샘플을 찾았습니다 (Van Voorhis et al., 2015). 이 균주로부터의 배양물로부터의 추출물은 1974년에 구충제 스크리닝에서 시험하기 위해 머크(Merck) 실험실로 보내졌고, 거기서 선충 및 많은 외부 기생충에 대해 유망한 활성을 보여주었다(Burg et al., 1979; Chabala et al., 1980; Ōmura, 2008; Campbell, 2012). 윌리엄 C. 캠벨(William C. Campbell)은 1975년에 활성 성분을 정제하고 아버멕틴을 확인했다. 이후 더 효과적인 화학 유도체인 이버멕틴이 상용화되어 1981년 처음에는 가축용으로 동물 보건 시장에 진입했습니다(Ōmura and Crump, 2014; Van Voorhis et al., 2015; Laing et al., 2017). 사상충증과 싸울 수 있는 인체 건강에서의 이 약물의 잠재력은 몇 년 후 확인되었고 1987년에 등록되었으며 즉시 강변 실명증(Mectizan®이라는 상표) 통제를 위해 무료로 제공되었습니다(Molyneux and Ward, 2015; Ashour, 2019년; http://www.mectizan.org/resources/2014-annual-highlights 2020년 11월 27일 액세스). 세계보건기구(WHO)는 이버멕틴을 필수 의약품으로 분류하고 있으며(세계보건기구, 2019), 아프리카의 대규모 의약품 투여 캠페인은 인간 필라리아 기생충을 통제하기 위해 이버멕틴의 효능에 의존하고 있습니다(Kim et al., 2015).\n이버멕틴은 자연적으로 생성된 아버멕틴 B1의 화학적으로 변형된 이수력 유도체로, 초기 발사 시 >80% 22,23-디하이드로-아베르멕틴 B1a 및 <20% 22,23-디하이드로-아베르멕틴 B1b로 구성된다(그림 6)(Campbell, 1981; Campbell et al., 1983), 오늘날의 비율은 90 대 10%입니다(https://online.uspnf.com DocID: GUID-2506EE29-023C-4689-BE0C–392C296F1803_4_en-US). 그것은 구강 및 비경구 투여 후 광범위한 기생 선충에 대한 활성을 보여주지만 cestodes 또는 trematodes에 대해서는 그렇지 않습니다. 또한 벼룩, 이, 진드기 및 일부 진드기 종과 같은 다양한 절지동물에 대해서도 활성을 가지고 있습니다(McKellar and Benchaoui, 1996; Martin et al., 2020). 미세사상충, L3 및 L4 병기에는 효과적이지만 성체에는 효과가 없지만 생식력을 감소시킵니다(Martin et al., 2020). 이버멕틴은 동물의 내기생충 및 외부 기생충에 대항하는 장기지속형 주사제 및 볼루스를 포함한 경구용, 국소 및 주사용 제형으로 시판되고 있다(Soll et al., 1988; Prichard et al., 2012).\n이버멕틴의 항기생충 활성은 외부 기생충뿐만 아니라 내기생충의 글루타메이트 개폐 염화물 채널에 의존하지만(Arena et al., 1995; Wolstenholme and Rogers, 2005; Wolstenholme, 2012; Weber and Selzer, 2016), 이 API는 다른 유기체 내에서 더 많은 프로세스를 대상으로 할 수 있습니다. 여기에는 다른 유형의 리간드 개폐 채널의 조절(Wolstenholme and Rogers, 2005), 암 치료에서의 다양한 작용 방식(예: Sharmeen et al., 2010; Yin et al., 2015; Nambara et al., 2017; Wang 외, 2018; Intuyod 외, 2019; Jiang et al., 2019; Zhang 외, 2019; Tang et al., 2020), 여러 플라비바이러스의 바이러스 복제 억제(Mastrangelo et al., 2012), 당뇨병 마우스의 파르네소이드 수용체를 통한 대사 조절(Jin et al., 2013), 알레르기 항원 특이적 T 세포의 활성화 감소를 통한 알레르기 피부 염증 개선(Ventre et al., 2017). 아주 최근에는 체외 분석(Caly et al., 2020) 및 입원 환자(Rajter et al., 2020)에서 관찰된 내용을 기반으로 COVID-19의 원인 바이러스인 SARS-CoV-2에 대한 이버멕틴에 대한 가설도 세웠습니다. 이버멕틴은 매우 안전하지만 포유류에 독성이 없는 것은 아닙니다. 필라리아(filariae) 및 기타 선충은 이 약물에 매우 민감하지만, 마이크로몰 선량은 종종 포유류 세포 배양 실험의 활성과 관련이 있습니다. 따라서 인간에서 항바이러스 요법에 대한 효과적이고 안전한 용량에 도달할 가능성은 거의 없는 것으로 보입니다(Schmith et al., 2020).\n4.1.2. 에프리노멕틴\n에프리노멕틴 또는 4\"-에피-아세틸아미노-4\"-데옥시아버멕틴 B1은 수유동물을 포함한 모든 소를 위한 최초의 국소 엔덱토사이드로서 수의학용으로만 개발되었다(Shoop et al., 1996a, 1996b). 아베르멕틴 B1 또는 아바멕틴의 반합성 유도체로, 메틸렌기에 따라 다른 두 개의 상동체, B1a(90% 이상) 및 B1b(10% 이하)로 구성됩니다. 에프리노멕틴은 수유소를 포함한 소의 내부 및 외부 기생충에 대한 국소 제형으로 처음 시장에 진입했다(Shoop et al., 1996b; Holste et al., 1997, 1998; Pitt et al., 1997; Williams et al., 1997; Rehbein et al., 2005). \n4.1.3. 아바멕틴\nAbamectin은 동물 건강과 작물 보호에 모두 사용되는 유일한 ML로 남아 있습니다(Bai and Ogbourne, 2016). 아버멕틴 B1a(>90%)와 아버멕틴 B1b(<10%)로 구성됩니다. 아바멕틴은 호주에서 개의 심장사상충에 대한 예방적 사용으로 승인되었지만, 옥시벤다졸과 프라지콴텔을 포함하는 기생충 복합 제품에만 사용이 승인되었습니다(https://portal.apvma.gov.au/pubcris 2020년 11월 27일 액세스).\n4.1.4. 셀라멕틴\n셀라멕틴은 도라멕틴(25-시클로헥실-25-데(1-메틸프로필)-5-데옥시-22,23-디하이드로-5-(하이드록시미노)-아베르멕틴 B1 단당류)의 반합성 단당류 옥심 유도체입니다. 도라멕틴은 돌연변이 생합성에 의해 제조된 일련의 새로운 아버멕틴에서 가장 강력한 선충제로 확인되었으며, 아버멕틴 고리의 C25 위치에 시클로헥실기를 가지고 있습니다(Dutton et al., 1991; Goudie et al., 1993). 셀라멕틴은 1999년에 D. immitis, 위장관 선충류, 벼룩 및 진드기에 대한 효능으로 선정되었다(Banks et al., 2000; Bishop et al., 2000; Prichard and Geary, 2019). 개와 고양이를 위한 국소 제형으로 사용할 수 있는 반면, 도라멕틴은 반추 동물과 돼지에만 판매됩니다.\n4.1.5. 밀베마이신 옥심\n밀베마이신은 1967년 스트렙토마이세스 하이그로스코피쿠스(Streptomyces hygroscopicus)의 발효 산물로 처음 분리되었고, 이후 1983년 스트렙토마이세스 시아네오그리세우스(Streptomyces cyaneogriseus)에서 매우 높은 살비균 활성을 나타냈습니다. (Prichard et al., 2012; Prichard and Geary, 2019). 1972년 산쿄(Sankyo) 과학자들에 의한 구조 규명은 구충제 밀베마이신 옥심(6R, 25R)-5-데메톡시-28-데옥시-6, 28-에폭시-5-하이드록시미노-25-에틸/메틸 밀베마이신)이 유래된 밀베마이신의 활성 화합물 계열의 16원 ML 구조를 밝혔다(Takiguchi et al., 1980, 1983; Prichard et al., 2012). 밀베마이신 옥심은 개와 고양이의 심장사상충 예방을 위해 70-80% 밀베마이신 A4 옥심과 30-20% 밀베마이신 A3 옥심의 혼합물로 구성된 경구용 제형으로 제공됩니다. 또한, 밀베마이신 옥심은 다른 기생 회충, 십이지장충, 편충, 폐기상충 및 진드기의 미성숙 및 성체 단계에 대해 효능을 보인다(Garfield and Reedy, 1992; Holm, 2003; Prichard et al., 2012).\n4.1.6. 목시덱틴\n1983년 S. cyaneogriseus의 발효 생성물을 조사한 결과 밀베마이신의 새로운 공급원뿐만 아니라 새로운 ML 네마데딕틴(F-29249α)도 밝혀졌습니다(Carter et al., 1987, 1988). C-23에서 메톡심 부분을 첨가하고 25-위치에서 네마덱틴에 치환된 올레핀 측쇄를 첨가하면 목시덱틴이 생성됩니다(Ranjan et al., 1992). 심장사상충 예방 제품은 목시덱틴을 경구, 국소 또는 주사제로 투여합니다. 목시덱틴은 강변 실명증에 대한 인체 사용이 승인되었습니다(https://www.fda.gov/drugs/drug-approvals-and-databases/drug-trials-snapshots-moxidectin 2020년 11월 25일 액세스).\n아베멕틴과 비교했을 때, 목시덱틴은 Pgp에 의한 로다민123 수송을 10배 낮은 효능으로 억제한다(Lespine et al., 2007). 목시덱틴은 친유성이 매우 높고 반감기가 길기 때문에 송곳니의 ProHeart-6® 및 ProHeart-12® 예방제와 같은 장기지속형 주사제 제형과 소의 위장관 선충 예방 및 치료를 위한 Cydectin® LA에 특히 적합합니다(Prichard et al., 2012; Prichard and Geary, 2019). 국소 목시덱틴 제품은 심장사상충 양성 개에서 미세사상충을 제거하여 감염된 개에서 높은 미세사상충 수로 인해 일반적으로 발생하는 부작용을 감소시켜 FDA 승인을 받았습니다(McCall et al., 2014a). 최근 내기생충 및 외부 기생충에 대한 보호를 얻기 위해 목시덱틴(moxidectin), 사롤라너(sarolaner) 및 피란텔(pyrante)을 함유한 복합 제품이 시판되고 있으며(Simparica® Trio)(Kryda et al., 2019; Becskei et al., 2020).\n4.2. 비거대고리형 락톤 치료\n4.2.1. 디에틸카르바마진 구연산염\n디에틸카르바마진 구연산염(DEC)(그림 7)은 1947년 피페라진의 유도체로 발견된 가장 오래된 심장사상충 예방약입니다. 그것은 미세필라리치dal 및 adulticidal 활성을 모두 보여주는데, 아마도 선천성 면역 공격에 대한 필라리의 감수성을 증가시킴에 의한 것으로 보인다(Sutton et al., 1985; El-Shahawi et al., 2010). 그것은 전 세계적으로 인간 사상충증을 통제하기 위해 처음 사용되었고(Hawking, 1962), 1960년대에 심장사상충 예방용 제품으로 동물 건강 시장에 진출했다(Pailet et al., 1968; Prescott et al., 1978). 다른 예방약과 달리 매일 투여해야 합니다(https://apvma.gov.au 2020년 12월 2일 액세스).\n\n\n\nML이 아닌 심장사상충 API의 구조.\n디에틸카르바마진은 림프사상충증, 열대성 폐 호산구증가증, 로이오증을 포함한 필라리오스증 치료를 위한 세계보건기구(WHO, 2019)의 필수 의약품 목록(세계보건기구, 2019)에 등재되어 있기 때문에(Chitkara and Sarinas, 1997), 동물 건강에서의 사용은 제한적이었으며 여전히 시판되고 있는 제품은 소수에 불과합니다.\n4.2.2. 비소아미드 나트륨과 멜라르소민 디하이드로클로라이드를 사용한 살충제 처리\n성충살제인 비세나미드(thiacetarsamide), 나트륨(Caparsolate®)(도 7)은 1940년대부터 성체 D. immitis의 치료에 사용되었다. 치료는 정맥 주사로 시행되어야 했으며, 개는 가능한 간독성 및 신독성 부작용을 처리하기 위해 초기 치료 중에 입원해야 했다(Raynaud, 1992). 1990년대에는 멜라르소민 디하이드로클로라이드(Immiticide®)(그림 7)가 티아세타르사마이드를 대체했는데, 이는 투여가 용이하고 안전성과 효능이 증가했기 때문이었다(Raynaud, 1992; Rawlings et al., 1993a; McTier et al., 1994; Maksimowich et al., 1997). 오늘날에도 여전히 멜라르소민 디하이드로클로라이드는 심장사상충 감염에 대한 1차 살해 치료제입니다. 이 치료법이 반려견의 입원 필요성을 줄여주지만, 혈전색전증의 영향을 제한하기 위해서는 엄격한 운동 제한이 필요하다(Raynaud, 1992; Rawlings et al., 1993b; Bowman and Drake, 2017; American Heartworm Society, 2020). 치료를 받은 개는 기생충이나 죽은 기생충으로 인한 폐압 상승과 같은 부작용, 기생충 또는 Wolbachia 내공생체에 대한 강렬한 염증 반응과 같은 부작용을 주의 깊게 모니터링해야 합니다(Kramer et al., 2008; Ames et al., 2020).\n성인 심장사상충 감염을 완전히 근절하기 위해 미국 심장사상충 학회(American Heartworm Society)와 유럽 디로필라리증 및 혈관중충증 학회(European Society of Dirofilariosis and Angiostrongylosis)는 Immiticide®를 3회 투여하기 전에 Wolbachia에 대한 항생제(예: 독시사이클린, 아래 참조)와 결합된 ML로 2-3개월 전처리하는 프로토콜을 제안합니다(European Society of Dirofilariosis and Angiostrongylosis, 2017년; American Heartworm Society, 2020). 이러한 전처리의 이유는 일부 심장사상충 단계에 대한 ML 및 Immiticide®의 효능에 대한 감수성 격차를 줄이는 데 도움이 되기 위함입니다(Bowman and Drake, 2017). 결합된 지연 처리는 초기에 ML을 사용하여 취약한 유충을 제거하고 새로운 감염을 예방하는 동시에 오래된 벌레가 더 발달하여 멜라르소민 디하이드로클로라이드에 취약해질 수 있도록 함으로써 효능을 제공합니다. 또한, 성체 기생충의 단계적 사멸로 인해 중증 폐혈전색전증의 위험이 감소한다(Carretón et al., 2014; American Heartworm Society, 2020). 일부 연구에서 멜라르소민 디하이드로클로라이드가 생후 2개월에서 4개월 사이의 기생충에 대해 이미 효과적일 수 있다는 증거를 제공했기 때문에 성충 치료 프로토콜은 더욱 개선될 수 있을 것으로 보인다(McCall, 2005; McCall et al., 2010; Bowman and Drake, 2017; 미국 심장사상충 학회, 2020; Carretón et al., 2019).\n죽거나 죽은 성충 심장사상충은 혈류를 방해하고 분해된 기생충은 염증 반응을 일으키기 때문에 심하게 감염된 개에서 충치 증후군의 임상 징후를 보이는 개에 대한 유일한 해결책으로 남아 있습니다(Glaus et al., 1995; Lee et al., 2008; Bové et al., 2010).\n4.2.3. 지지 치료를 위한 독시사이클린\nOnchocerca 및 Dirofilaria 감염에서 Doxycycline 매개 Wolbachia 제거는 Wolbachia가 필라리아 유충 발달, 배아 발생 및 장기 생존에 필요하다는 것을 보여주었습니다(Turner et al., 2020). 독시사이클린(doxycycline)을 이용한 치료(그림 7)는 실험적으로 감염된 개에서 3기 및 4기 심장사상충 유충을 성공적으로 사멸시켰다(McCall et al., 2011). 그러나 독시사이클린의 주요 단점은 지속 가능한 효과를 위해 필요한 90%의 볼바키아를 제거하는 데 필요한 긴 치료 기간입니다(Turner et al., 2020). 또한 반려견에게 독시사이클린을 장기간 투여하면 내약성이 낮고 심각한 위장 부작용이 발생하는 경우가 많습니다(Savadelis et al., 2018). 그럼에도 불구하고, 성인살충제 치료의 경우, 독시사이클린과 이버멕틴을 매월 병용하면 단독으로 투여한 약물에 비해 미세필라리치증 및 성인살해 효능이 우수했다(Bazzocchi et al., 2008; McCall et al., 2008a). 더욱이, 독시사이클린은 멜라르소민 디하이드로클로라이드(melarsomine dihydrochloride)의 첫 번째 성인 살해 용량 전에 Wolbachia를 제거함으로써 더 짧은 치료 요법을 가능하게 하는 것으로 보입니다(Carretón et al., 2019). 성체 살해 치료 전에 D. immitis에서 Wolbachia의 부담을 줄이면 염증 반응이 적고 치명적인 폐혈전색전증의 위험이 낮아지며 더 효과적인 것으로 입증되었다(Bazzocchi et al., 2008; Kramer et al., 2008; Nelson et al., 2017). 독시사이클린(doxycycline), 이버멕틴(ivermectin), 멜라르소민(melarsomine)의 병용요법은 동맥 병변과 혈전의 중증도를 유의하게 감소시켰다(Kramer et al., 2008). 미국 심장사상충학회(American Heartworm Society, 2020)는 이버멕틴(ivermectin) 또는 목시덱틴(moxidectin), 독시사이클린(doxycycline), 멜라소민(melarsomine) 등의 치료법을 권장하고 있습니다.\n4.3. 거대고리 락톤의 작용 방식\n생화학적 수준에서, ML은 일부 선충 글루타메이트 개폐 염화물 채널의 강력한 알로스테릭 작용제라는 것이 잘 확립되어 있습니다(GluCl, 그림 8)(Duce and Scott, 1985; Scott and Duce, 1986; Arena et al., 1992; Cully et al., 1994; Yates and Wolstenholme, 2004), 선충 게놈 내 GluCl 서열 다양성은 민감한 소단위와 둔감한 소단위체를 모두 제공합니다(Wolstenholme 2012). 이러한 채널은 이황화 결합 시스테인 잔기에 의해 닫힌 루프를 형성하는 아미노산의 보존된 세포 외 영역을 특징으로 하는 cys-loop 리간드 게이트 이온 채널의 대규모 슈퍼패밀리에 속합니다(Connolly and Wafford, 2004). 유전자 분석에 따르면 GluCl은 필라리아를 포함한 많은 선충과 절지동물에서 발생하지만 크기와 구성은 종마다 다릅니다(Williamson et al., 2007). GluCl은 무척추동물에 국한되지만(Wolstenholme, 2012; Buckingham et al., 2020), 이 슈퍼패밀리의 구성원은 척추동물과 무척추동물 계통에 걸쳐 있으며 척추동물 글리신 및 5-HT 수용체와 같은 뚜렷한 리간드 특이성을 가진 다양한 수용체를 포함합니다(Lynch 2004; Barnes et al., 2009). 예를 들어, ML은 인간 글리신 수용체에 작용하고(Shan et al., 2001), 다양한 곤충 및 인간 감마-아미노-부티르산 개폐 채널에 작용제 및 억제제로 작용할 수 있습니다(Lees et al., 2014; Estrada-Mondragon and Lynch, 2015). 그러나 GluCl의 뛰어난 ML 민감도로 인해 다른 채널의 치료 관련성은 심장사상충 질환 치료와 관련이 없을 가능성이 큽니다. 니코틴성 아세틸콜린 수용체도 ML에 의해 강화되거나 약화될 수 있습니다(Raymond et al., 2000). ML의 채널 난잡함에도 불구하고, 여러 실험 시스템과 종의 강력한 증거는 GluCl을 관련 선충 표적으로 암시하며, 아마도 Caenorhabditis elegans의 내성 돌연변이 유발 연구에서 나온 가장 설득력 있는 데이터일 것입니다(Dent et al., 2000). 실제로, 펜타메릭 리간드 게이트 이온 채널은 선충류와 절지동물에 대한 잘 확립된 분자 표적으로, 별개의 결합 부위에서 작용하는 다양한 수의 기생충을 제공합니다(Weber and Selzer, 2016).\n\n\n\nIVM에 대한 반응으로 LGCC의 결합 부위와 개구부에 대한 그림. (A) 각각 4개의 알파 나선 구조(M1-M4)와 여기에 표시되지 않은 세포 외 도메인으로 구성된 5개의 GluCl 소단위는 5차 3차 구조를 채택합니다. 막횡단 영역은 각 소단위체가 막의 평면에 수직이고 내부 채널을 정렬하는 각 소단위의 M2 나선(주황색 실린더)으로 배열됩니다. IVM(노란색/주황색 쐐기형)이 두 개의 GluCl 소단위체의 계면에서 결합할 때 염화물 이온(녹색 원)은 농도 구배(녹색 화살표로 표시)를 따라 흘러 나선의 이동을 유도하고 M2 나선의 기울기를 유도하여 채널의 세포 외 부분을 효과적으로 넓힙니다. (B) IVM에 대한 GluCl의 전기생리학적 반응에 대한 그림. 닫힌 상태는 정전기 전위(flat line)와 좁은 기공을 가진 원으로 표시되며 염화물 이온 흐름을 배제합니다. IVM(노란색/주황색 화살표)을 추가하면 비가역적 개방 채널 형태가 유도되며, 이는 트레이스의 오른쪽 부분과 큰 기공이 있는 원으로 표시됩니다.\n예쁜꼬마선충(C. elegans)의 호모펜타메릭 GluCl에서 관찰된 바에 따르면, ML이 인접한 소단위체의 첫 번째(M1) 및 세 번째(M3) 막관통 나선의 계면에 의해 생성된 부위에 결합할 때 개방 채널 형태를 채택하는 알로스테릭 신호가 유도됩니다(Hibbs and Gouaux, 2011)(그림 8). 소단위 이질성은 계면 ML 결합 부위에 구조적 다양성을 생성할 수 있으며, 이는 차례로 GluCl 민감도의 차이뿐만 아니라 ML에 대한 LGCC(ligand-gated chloride channel)의 차등 작용 또는 억제 반응을 초래할 수 있습니다(Estrada-Mondragon and Lynch, 2015; Atif et al., 2019). 실제로, 기생 선충 내에서 GluCl 서열은 알파 및 베타 소단위로 나눌 수 있으며, 알파 소단위는 일반적으로 IVM에 대한 민감도를 나타내고 베타 소단위는 글루타메이트를 나타내지만 IVM 개폐 채널은 나타내지 않습니다(Wolstenholme 및 Rogers 2005). ML 구조와 관련하여, 16원 거대고리 락톤 고리에 융합된 벤조푸란 그룹은 소단위 계면에서 결합에 직접 참여합니다(Hibbs and Gouaux, 2011). 구조적으로 가변적인 스피로케탈 그룹은 현장 점유에 공간적 제약을 적용하여 ML 친화도를 매개할 수 있으며, 구조적으로 가변적인 ML이 나타내는 다양한 효능에 대한 그럴듯한 설명을 제공할 수 있습니다(Martin et al., 2020). 결합 부위는 인지질 이중층의 소수성 영역에 묻혀 있으며 실제로 일반적으로 인지질이 차지합니다(Althoff et al., 2014). 따라서 이버멕틴은 먼저 인지질 이중층으로 분할하고 GluCl에서 지질을 대체하고 GluCl에 결합하기 전에 막에서 측면으로 확산되는 것으로 입증되었습니다(Atif et al., 2019). 닫힌 채널은 각 소단위의 두 번째 막관통 나선(M2)이 기공을 정렬하고 다른 소단위 M2 나선과 평행하고 막의 평면에 수직으로 정렬되는 구조를 채택합니다(Althoff et al., 2014). ML 결합 상태에서 M2 나선은 기공의 중심에서 멀어지므로 세포외막 표면에서 더 큰 직경의 개구부가 생깁니다(Hibbs and Gouaux, 2011; Althoff et al., 2014). GluCl이 장기간 열리면 뉴런 과분극이 발생하여 활동 전위 전파를 방해하고 관련 뉴런을 근본적으로 침묵시킵니다.\nML은 다양한 선충 종의 표현형 배열을 불러일으킵니다. 인두 펌핑의 억제, 산란 감소, 운동성 감소는 모두 체외에서 선충을 치료함으로써 잘 특성화된 결과입니다(Wolstenholme and Rogers, 2005). 이러한 관찰에 따라 ML에 민감한 GluCl은 각 표현형을 매개하는 조직과 세포에 국한됩니다. 예를 들어, GluCl-subunit은 C. elegans, Haemonchus contortus 및 Ascaris suum의 인두에 국한되어 있고, 다른 것들은 C. elegans 및 H. contortus의 운동 뉴런 및 운동 뉴런 commissures에서, H. contortus의 양서류에서 발현됩니다(Wolstenholme and Rogers, 2005). 그러나 이러한 표현형과 ML 기반 심장사상충 질환 예방의 생체 내 작용 모드 사이의 직접적인 연관성은 가설로 남아 있습니다. 일부 사례에서는 운동성과 같은 표현형이 심장사상충 질환 예방을 위한 in vivo MoA와 관련이 없다는 증거가 있습니다(Wolstenholme et al., 2016; Evans et al., 2017b). 실제로, 체외에서 마비를 유발하는 데 필요한 ML의 농도(4.6μM)는 심장사상충 질환(3.4nM)에 대해 100% 보호를 제공하기에 충분한 외삽된 조직 농도보다 몇 자릿수 더 높습니다(Daurio et al., 1992). 더욱이, 운동성 기반 분석에서 D. immitis의 감수성 및 내성 균주에 대한 eprinomectin과 ivermectin의 in vitro EC50은 유의미한 차이가 없습니다(4.56μM 감수성 대 2.21μM 내성, p-값 = 0.35)(Evans et al., 2017b). 이러한 일련의 증거는 ML이 in vitro에서 특히 필라리아 기생충의 경우 ML 매개 기생충 in vivo와 일치하지 않는 표현형을 유발한다는 것을 시사합니다.\n필라리아 기생충에 대한 생화학적, 시험관 내 및 생체 내 데이터를 연결하기 위한 노력의 일환으로 Moreno et al. (2010)은 B. malayi의 GluCl 생물학을 더 깊이 조사했습니다. B. malayi microfilariae에서 GluCl 소단위의 면역 국소화는 채널이 배설/분비 공극의 특수 세포 장치와 연결되어 단백질, 핵산 및 기타 생체 활성 배설물/분비 산물(ES)을 숙주 환경으로 방출하는 것을 용이하게 하는 것으로 나타났습니다(그림 9)). 이 기구에 대한 국소화에 기초하여, 저자들은 ML로 GluCl 신호전달을 방해하는 것이 이 특화된 영역의 기능에 측정 가능한 영향을 미쳐야 한다고 추론했다. 실제로, 미세사상충을 이버멕틴으로 처리한 결과, 분비 단백질이 현저히 감소했다(Moreno et al., 2010). 중요한 것은 단백질의 프로필과 상대적 풍부함이 이버멕틴 처리에 의해 변하지 않고 단백질 분비의 기저에 있는 유비쿼터스 메커니즘의 붕괴와 일치한다는 것입니다. ES가 면역 회피에 중요한 역할을 한다고 가정하고, ML이 배설/분비 기관에서 GluCl을 참여시켜 분비를 매개하는 세포 과정을 중단시키고, 이는 다시 숙주를 조작하는 능력을 상실하고 궁극적으로 면역 체계에 의해 기생충을 무력화하는 메커니즘을 제안합니다(Moreno et al., 2010, 2021년; Carithers, 2017). 이 가설을 뒷받침하는 시험관 내 증거가 생성되었지만(Tritten and Geary, 2018), 이버멕틴 매개 세포외 소포 분비 억제(Harischandra et al., 2018), D. immitis 유충에 대한 ML 매개 말초 혈액 면역 세포 부착(Berrafato et al., 2019), 표적 L4 단계에서 ES 억제에 대한 ML의 효과는 평가 및 생체 내에서 평가되어야 합니다 실험적 접근은 여전히 수행되어야 합니다.\n\n\n\nD. immitis 숙주 병원체 상호 작용의 추정 구성 요소에 대한 그림. ML in vivo 작용 모드에 대한 테스트 가능한 모델은 ML, D. immitis, ES(다양한 색상의 원) 및 개 면역 체계(다양한 말초 순환 형태핵 세포로 설명됨)의 가상 상호 작용으로부터 구성할 수 있습니다. 미세유충(Microfilariae)과 잠재적으로 L3 및 L4 단계는 숙주 면역 세포와 특이적으로 상호 작용할 수 있는 생체 활성 분자 환경을 전파하여 기생충을 제거할 수 있는 성공적인 면역 반응을 무효화합니다. ML이 있으면 GluCls가 활성화되고 신경 신호 전달이 차단되며 ES 장치(갈색으로 표시)의 기능이 종료됩니다. 그 결과 숙주 면역 신호 경로를 조작하는 능력을 잃게 되면 기능적 면역 반응이 제거됩니다.\n4.4. 개 필라리아 화학요법의 약물 내성\nML을 사용한 예방 치료의 실패는 과소 투여 또는 불규칙한 치료 간격의 투여와 같은 소유자 준수 부족 및/또는 약물 내성 심장사상충 개체군 때문일 수 있습니다. 1998년부터 \"효능 부족\"(LoE) 불만이 보고되었고, 2002년에는 1,000건을 넘어섰다(Hampshire, 2005). 2004년부터 2011년까지의 의료 기록을 검토한 결과, 많은 수의 LoE 사례에서 규정 준수 실패가 상당한 역할을 했다(Atkins et al., 2014). 이 분석을 통해 LoE 사례의 80.7%에서 심장사상충 예방약을 충분히 구매하지 않은 것으로 밝혀졌으며, 이는 개가 보호되지 않은 기간을 시사합니다. 그러나 이미 LoE 사례의 1.7%에서 약물 내성이 가장 그럴듯한 설명이었습니다(Atkins et al., 2014). 지난 10년 동안 연구에 따르면 ML 내성 D. immitis 개체군이 치료 실패에 기여한 것으로 나타났습니다. 여러 저항성 D. immitis 분리물이 확인되고 특성화되었습니다(Bourguinat et al., 2015; Pulaski et al., 2014; Ballesteros et al., 2018), 심장사상충에서 약물 내성의 발생은 미국 심장사상충학회(American Heartworm Society, https://www.heartwormsociety.org)와 CAPC(CAPC, https://capcvet.org)에 의해 인정되었다. 이러한 격리 동물의 과학적 규명은 뉴올리언스에서 시작되어 카트리나 허리케인 이후 캐나다로 옮겨진 감염된 개에서 시작되었다(Bourguinat et al., 2011a). 이 개의 미세유충은 이버멕틴(ivermectin)과 밀베마이신 옥심(milbemycin oxime)을 반복적으로 투여해도 제거할 수 없었으며, 이는 이 기생충이 일반적으로 효과적인 용량의 ML에 내성을 보였음을 나타냅니다. 또한, 체외 측정을 기반으로 D. immitis에 민감한 분리물과 분리물 간에 유전적 차이가 밝혀졌으며, 이는 ML에 대한 민감도가 크게 감소한 것으로 나타났습니다(Bourguinat et al., 2011b). 이러한 초기 결과는 현장 관련 예방 치료 프로토콜을 더 많이 적용한 개에서 D. immitis isolates의 민감도를 확인했을 때 입증되었습니다(Snyder et al., 2011; Blagburn et al., 2011; Pulaski et al., 2014; Bourguinat et al., 2015). MP3, Td2008 및 Jd2009 분리물을 포함하여 잘 특성화된 이러한 모든 분리물은 테스트된 모든 ML, 특히 이버멕틴 및 밀베마이신 옥심에 내성이 있었습니다. 내성 패턴은 1회 투여(Snyder et al., 2011)부터 1개월 치료(Bourguinat et al., 2015)까지 다양한 치료 프로토콜에 따라 개에서 입증되었으며, 적용 경로와 무관했습니다(Pulaski et al., 2014). Td2008 및 Jd2009 D. immitis 분리물은 실험적 감염 후 5개월 또는 9개월에 한 번 반복되는 이버멕틴 치료에도 불구하고 개의 성인 심장사상충으로 발전할 수 있었습니다(Bourguinat et al., 2015). 중요한 것은 목시덱틴이 다른 ML에 내성을 보인 균주에 대해 여전히 효능을 보였다는 것입니다. 이러한 약물 내성 D. immitis 분리물 중 하나인 MP3 분리물의 민감도는 개의 다양한 ML에 대해 평가되었으며 그 결과 목시덱틴만 100% 효과적이었습니다(Blagburn et al., 2011). 이 관찰에 대한 이유는 아직 밝혀지지 않았지만 특히 moxidectin에 대한 더 높은 고유 효능 일 수 있습니다. filariae, 현저하게 다른 약동학 프로필 또는 다른 저항 메커니즘(Prichard and Geary, 2019). 그러나 4가지 ML 내성 D. immitis 분리물(JYD-34, ZoeMO, ZoeLA 및 AMAL)에서도 목시덱틴 내성이 발생하는 것으로 보고되었으며(McTier et al., 2017), 이는 용량 및 치료 빈도를 증가시켜 부분적으로 극복할 수 있습니다(McTier et al., 2019). 문서화된 증거를 통해 이 분야에 진정한 ML 내성이 존재한다는 것은 의심의 여지가 없습니다. 몇 가지 중요한 질문이 남아 있습니다: 이러한 기생충 개체군은 얼마나 널리 퍼져 있으며, 다른 지역에서 약물 내성이 더 널리 퍼질 위험은 무엇입니까? 저항의 기전은 무엇이며, 역학적 수준에서 저항을 진단할 수 있습니까? 그러나 대부분의 심장사상충 예방의 경우, 내성이 주로 미시시피 강 지역에 존재하는 것으로 보이기 때문에 오늘날의 ML 기반 약물은 여전히 좋은 가치를 지닙니다.\n4.5. 콜리 및 관련 품종의 Mdr1 돌연변이\n일반적으로 ML은 대부분의 포유류에 안전한 것으로 간주되지만 콜리와 셰퍼드를 포함한 일부 개 품종은 중등도에서 중증의 신경학적 영향을 받는 경향이 있습니다. 이러한 감수성의 기저에 있는 유전적 이유는 다제내성(MDR1) 수송체 유전자(NT230(DEL4) MDR1 돌연변이의 프레임시프트로 이어지는 4 염기쌍 결실 돌연변이입니다. 그림 10) (Mealey et al., 2001; Geyer et al., 2005). 이 개들의 mdr1 (del4) 돌연변이는 공식적인 품종이 등록되고 유전적으로 분리되기 전인 1873년경에 영국의 공통 조상으로 거슬러 올라갈 수 있다(Neff et al., 2004; Gramer et al., 2011).\n\n\n\nmdr1 wt 및 돌연변이 mdr1 del4의 국소 정렬. Canis lupus familiaris(유전자은행 등록 번호 DQ068953.1)의 Mdr1 wt 및 mdr1 nt230(del4)(유전자은행 등록 번호 AJ419568.1) 암호화 서열 및 이들의 전사체를 정렬했습니다. nt230(del4) mdr1 결실은 아미노산 위치 75에서 프레임 이동을 유발하며, 이는 아미노산 위치 91 이후 조기 정지 코돈(빨간색으로 표시된 TAA)으로 인해 절단된 비기능적 MDR1 단백질을 초래합니다.\nP-당단백질 MDR1은 막결합 ATP 결합 카세트 수송체(ABC 수송체) 계열에 속하며(Dean et al., 2001) 혈액뇌장벽을 가로지르는 약물 유출 펌프 역할을 합니다. MDR1은 인간을 포함한 포유류 중추신경계에서 많은 약물을 제거하는 데 중요한 역할을 합니다(그림 11)(Mealey et al., 2008). 이 채널은 MDR1의 과발현에 의해 화학요법 약물에 내성이 생긴 중국 햄스터 난소 세포에서 처음으로 분리되어 특성화되었습니다(Juliano and Ling, 1976). mdr1 유전자가 결핍된 마우스는 일반적으로 뚜렷한 표현형을 보이지 않았지만, 진드기가 들끓는 군집의 모든 마우스는 향상된 약물 감수성을 보였고 이후 이버멕틴 처리 후 사망했습니다(Schinkel et al., 1994). ML뿐만 아니라 구조적으로 관련이 없는 많은 약물, 독소 및 생체이물도 MDR1의 기질이 될 수 있으며, 서로 다른 종류의 기질에 대해 뚜렷한 친화성 및 결합 모드를 가질 수 있습니다(Schinkel et al., 1996; Srikant and Gaudet, 2019).\n\n\n\n중추신경계의 약물 노출에 대한 mdr1 돌연변이의 결과. (A) 기능적 MDR1 수용체는 중추신경계 내 API의 농도를 적극적으로 낮추는 반면, (B) mdr1 돌연변이 nt230 (del4)은 기능이 없고 절단된 MDR1 채널을 유도하여 뇌세포 내에 API를 축적하여 신경독성 부작용에 대한 민감성을 증가시킵니다.\n이버멕틴에 대한 민감도는 이형접합 mdr1(+/-)에서 이미 증가했지만, 특히 기능적 MDR1의 발현이 부족한 동형접합 mdr1(-/-) 개에서 증가했다(Mealey et al., 2008; Merola and Eubig, 2012). 시판되는 모든 제품이 이러한 사실을 고려하여 mdr1(del4) 결핍견이 잘 견디는 심장사상충 예방을 위한 ML 용량을 제공하지만, ML(ML로 치료하기 전에 mdr1(del4) 돌연변이에 대해 콜리, 양치기 및 관련 품종을 유전적으로 사전 검사하는 것이 좋습니다(Geyer and Janko, 2012; Stiedl and Weber, 2017). mdr1 (+/−) 또는 mdr1 (-/−)과 같은 하나 이상의 mdr1 (del4) 대립유전자의 유병률은 콜리의 경우 75%까지 높을 수 있지만(표 1), 영향을 받은 개 빵과 일부 역사를 공유하는 품종(예: Bearded Collie, Anatolian Shepherd Dog, Greyhound, Belgian Tervuren)을 포함한 다른 품종의 경우에는 거의 존재하지 않습니다. 북반구에 있는 모든 개의 약 1-2%가 이러한 돌연변이를 가지고 있는 것으로 추정된다(Neff et al., 2004; Geyer et al., 2005; Mealey 외, 2005; Gramer et al., 2011; Tappin et al., 2012; Monobe et al., 2015; Mizukami et al., 2016; Dekel et al., 2017; Marelli et al., 2020). 모든 지역에서 콜리의 MDR1 결핍 유병률은 비슷하다(Geyer and Janko, 2012).\n표 1.\n전 세계적으로 개 품종에서 mdr1 (del4) 돌연변이의 대립 유전자 빈도.\n개 품종\tmdr1 (del4) 대립유전자 빈도 범위(%)\n콜리\t48–75\n장발 채찍\t24–45\n셰틀랜드 쉽독\t7–36\n(미니어처) 오스트레일리안 셰퍼드\t16–54\n오스트레일리안 셰퍼드\t17–46\n화이트 스위스 셰퍼드\t7–16\n올드 잉글리시 쉽독\t0–11\n잉글리시 셰퍼드\t7\n셰퍼드\t0–6\n보더 콜리\t0–4\n\n출처: (Gramer et al., 2011; Geyer and Janko, 2012; Tappin et al., 2012; Monobe et al., 2015; Firdova et al., 2016; Marelli et al., 2020; Soussa et al., 2020). 데이터 가용성과 표본 크기가 크게 다르기 때문에 모든 품종에 대한 빈도가 나열되지 않았습니다.\n오늘날에는 기술이 더욱 발전하고 통합 건강 관리가 부상함에 따라 뺨 면봉 채취 또는 혈액 샘플로 얻은 세포에 대한 유전자 검사를 사용하여 개에게 이 돌연변이를 검사하는 것이 다소 간단해졌습니다(예: Stiedl and Weber, 2017; Lee et al., 2019; Silvestro et al., 2019). ML로 치료하기 전에 자신의 개의 위험을 아는 것이 합리적일 뿐만 아니라, 이 정보는 많은 개 사육자들에 의해 사용되며, 새끼의 가치를 높이기 위해 mdr wt 개를 선택함으로써 미래에 mdr1 (del4) 돌연변이를 능가할 수 있기를 바랍니다.\nnt230 (del4) mdr1 돌연변이 외에도 수송 기능 또는 발현 수준에 영향을 미칠 수 있는 개 mdr1 유전자에서 30개 이상의 단일 뉴클레오티드 다형성이 확인되었습니다(Geyer and Janko, 2012). 이러한 다형성이 결실이 없는 일부 개의 약물 감수성이 증가한 이유일 수 있다고 추측할 수 있습니다.\n4.6. 시장 제품\n오늘날 대부분의 심장사상충 예방제는 경구용 제제로 구입할 수 있는 반면, 소수의 국소 제제와 두 가지 주사 제제만 시판되고 있습니다. 서로 다른 규제를 받는 시장에서의 차이점을 설명하기 위해 우리는 미국, 유럽, 일본 및 호주에서 판매된 제품에 중점을 둡니다. 이러한 지역에서 심장사상충 활성 API는 지역 등록, 마케팅 차이 또는 고객 선호도에 따라 다른 시장 점유율을 차지합니다(그림 12).\n\n\n\n특정 API를 기반으로 하는 제품의 시장 점유율은 지역에 따라 다릅니다. 승인된 모든 제품이 더 이상 또는 모든 지역에서 판매되는 것은 아니며 이 분석을 위해 캡처되지 않은 채널을 통해 판매될 수 있으므로 API 시장 분석은 약간 편향될 수 있습니다. 한 가지 예는 ML 외에도 diethylcarbamazine citrate를 함유 한 제품이며, 이는 더 현대적인 제품으로 대체된 다소 오래된 API입니다. Boehringer Ingelheim 내부 시장 분석, AH market 2019를 기반으로 한 데이터.\n4.6.1. 미국\n구충제 등록을 위한 기술 요구 사항의 조화에 관한 국제 협력(International Cooperation on Harmonisation of Medical Medicinal Products, VICH) 지침은 미국 식품의약국(FDA)의 산업 지침(GFI) 시스템에서 크게 채택되었습니다(예: GFI #90 (VICH GL7) Efficacy of Anthelmintics: General Requirements, GFI #111 (VICH GL19) Efficacy of Anthelmintics: Specific Recommendations for Canine, and GFI #113 (VICH GL20) Efficacy of Anthelmintics: Specific Recommendations for Feline (https://www.fda.gov/animal-veterinary/guidance-regulations/guidance-industry 2020년 11월 30일 액세스). 현재로서는 GFI #85 (VICH GL9) \"Good Clinical Practice\"에 기술된 Good Clinical Practice(GCP)의 원칙에 따라 심장사상충 예방 효능을 입증하기 위해 2건의 실험실 용량 확인 연구와 1건의 다중 사이트 현장 안전성 및 효과 연구를 수행해야 합니다. FDA는 역사적으로 등록을 위해 이러한 연구에서 100% 효능을 요구해 왔습니다. 수의학센터(Center for Veterinary Medicine, CVM)는 현재 효과를 입증하기 위해 수행된 연구 설계에 대한 대체 접근법을 평가하고 있습니다(FDA, 2018).\n5. 앞으로 나아갈 길\n5.1. 신약 개발\n심장사상충 질환 분야에 대한 경제적 투자 수익 가능성은 확실히 항필라리아 약물 발견 및 개발을 계속 주도할 것입니다. ML 내성 D. immitis 개체군의 발달을 통제하거나 지연시키기 위해서는 예방 치료에 적합한 새로운 non-ML 화합물이 필요합니다. 포괄적인 발견 접근 방식에는 표현형 스크리닝, 작용 모드 및 분자 표적 평가, 표적 기반 스크리닝, 의약 화학, 고급 체외 및 생체 내 프로파일링이 포함됩니다(Selzer and Epe, 2021). 다중 종말점 판독이 가능한 자동화된 표현형 스크리닝 분석을 사용할 수 있으므로 평가할 화합물의 수를 크게 늘릴 수 있습니다(Preston et al., 2015; Cornaglia et al., 2017; Partridge et al., 2018). 또한 분자 생물학, 생화학 및 관련 기술의 급속한 기술 발전으로 약물 작용의 분자 메커니즘에 대한 자세한 통찰력을 얻을 수 있습니다. 표현형 연구와 분자 연구의 결합은 항필라리아 약물 발견을 혁신적인 새로운 차원으로 끌어올립니다(Selzer and Epe, 2021). Dirofilaria의 유충 단계에 대해 체외(in vitro) 및 생체 내(in vivo)에 대한 화합물을 평가하기 위한 고급 모델의 도입은 이러한 접근 방식을 가속화하고 D. immitis의 긴 발달 주기로 인해 현재 시간이 많이 소요되는 연구 기간을 극복할 것입니다. 최근 면역력이 저하된 설치류가 송곳니의 D. immitis 감염을 모델링하는 데 사용되었다(Abraham et al., 2018; Mills et al., 2020). 이러한 모델의 다른 특성에는 생체 내 환경에서 L4 단계에 대한 보다 일상적인 접근을 용이하게 하는 것이 포함됩니다. 새로운 활성물질의 발견 외에도, 작용 메커니즘과 emodepside 및 monepantel과 같은 알려진 구충제의 유도체의 잠재력을 재검토하는 것이 가치가 있을 수 있습니다(Harder and von Samson-Himmelstjerna, 2002; Hess et al., 2016; Kuesel, 2016). 새로운 심장사상충 예방약에 대한 과학적, 기술적 과제를 넘어, 전통적으로 FDA 등록은 신약이 100% 효능에 도달하도록 요구해 왔습니다. 그러나 등록에 대한 통계적, 과학적 요건에 대한 재평가가 필요하다는 의견이 제시되고 있다(Vidyashankar et al., 2017).\n5.2. 유전체학\n지난 30년 동안 생명과학의 기술 발전은 매우 혁신적이어서 오늘날 맞춤형 또는 정밀 인간 의학이 가능해졌습니다(Selzer et al., 2018; Johnson et al., 2020). 이러한 획기적인 기술의 한 예는 인간 암 치료에서 볼 수 있으며, CRISPR-Cas는 유전자 연구와 유전자 치료에 긍정적인 영향을 미쳤습니다(Uddin et al., 2020; Zhang, 2020). 이와는 대조적으로, 기생충, 특히 필라리아 기생충의 유전체학, 전사체학 또는 유전자 조작은 아직 초기 단계에 있습니다. 현재 불완전한 D. immitis 게놈 매핑은 약물 발견에 대한 표적 기반 접근 방식의 급속한 발전을 지원하지 않지만, 고급 오믹스 접근 방식을 적용하면 향후 몇 년 동안 D. immitis 또는 필라리아 특정 약물 표적을 발견할 수 있을 것입니다(Grote et al., 2017; Wheeler et al., 2020). 최초의 기생충 게놈을 대표하는 필라리아 선충 기생충의 첫 번째 게놈 염기서열 초안은 예쁜꼬마선충 게놈이 밝혀진 지 9년 후인 2007년에 B. malayi의 게놈 염기서열 초안이었습니다(C. elegans Sequencing Consortium, 1998). 다른 많은 기생충과 마찬가지로 B. malayi는 진화 과정에서 게놈 감소를 겪었습니다. 예쁜꼬마선충은 약 19,000개의 단백질 코딩 유전자를 가지고 있지만(C. elegans Sequencing Consortium, 1998), B. malayi는 게놈 초안에 약 11,000개의 단백질 코딩 유전자만 가지고 있으며(Ghedin et al., 2007), Tracey et al. (2020)에 의해 거의 완성되었습니다. 가장 흥미롭게도, B. malayi의 게놈 초안을 해독하면서 많은 필라리아 기생충이 내공생체인 Wolbachia를 품고 있음이 명백해졌습니다(Scott et al., 2012). 동물 건강에 중요한 필라리아 선충의 첫 번째 게놈 염기서열은 D. immitis의 게놈 염기서열이었습니다(Godel et al., 2012). 대부분의 필라리아 기생충과 마찬가지로 D. immitis는 다양한 생애주기 단계와 조직 특이적 전사체학에 의해 분석된 바와 같이 내공생체 Wolbachia도 보유하고 있습니다(Luck et al., 2014, 2015). 현재 많은 기생충 게놈의 염기서열이 분석되었으며(Zarowiecki and Berriman, 2015), 대부분의 데이터는 'WormBase ParaSite' 데이터베이스(http://parasite.wormbase.org)에서 제공됩니다(Howe et al., 2017). 보다 최근에는 D. repens의 게놈 염기서열 분석 및 병기 특이적 전사체 분석이 제공되었습니다(Cafarelli et al., 2019). 또한 총 81종의 회충과 편형동물에 대한 광범위한 비교 유전체학 분석이 수행되어 숙주 기생충 상호 작용, 면역 반응 조절 또는 기생충 이동을 포함하여 기생충과 관련된 유전자군을 밝혔습니다(Coghlan et al., 2019). 이와 관련하여, D. immitis 게놈의 초안, 조립되지 않은 상태는 표적 기반 약물 발견에 큰 장애물을 제시했습니다. 게놈의 성숙/조립을 가속화할 수 있는 기회를 제공할 수 있는 한 가지 특정 접근 방식은 롱리드(long-read) RNA 염기서열분석 기술이다(Doyle et al., 2020; Wheeler et al., 2020). 더 긴 염기서열 판독은 게놈의 조직을 더 잘 정의하고 동형 다양성을 조명할 수 있는 기능을 제공합니다(Doyle et al., 2020). 특히 후자의 특성은 신뢰도가 높은 유전자 모델을 가진 D. immitis의 표적 기반 약물 발견에 큰 영향을 미칠 것입니다. 게놈 조립 메커니즘에 관계없이 더 나은 품질의 게놈은 숙주-병원체 상호 작용에서 역할을 하는 작은 RNA의 식별 및 특성화를 용이하게 할 것입니다. 이러한 상호 작용은 새로운 예방 목표가 나타나는 새로운 풍경을 제공할 수 있습니다.\n5.3. 항 Wolbachia 약물\n위에서 밝힌 바와 같이, 공생 그람 음성 Wolbachia는 D. immitis에 대한 Wolbachia의 필수 대사 기여로 인해 필라리아를 제어하기 위한 유효한 약물 표적으로 간주됩니다(Slatko et al., 2010; Landmann, 2019). 이러한 접근법의 실행 가능성은 세포 분열에 필수적인 Fts 단백질(Fts - 사상, 온도에 민감한 돌연변이)과 같은 항생제 약물 표적을 밝힌 D. immitis의 예측된 Wolbachia 단백질을 스크리닝하여 입증되었으며, 세포막을 가로지르는 단백질의 지시 수송에 관여하는 Sec 단백질(Sec - 단백질 분비 ATPase 복합체)을 밝혔습니다(Godel et al., 2012). 이는 테트라사이클린 항생제인 독시사이클린을 사용한 연구에서 실험적으로 입증되었는데, 이 항생제는 D. immitis로부터 Wolbachia를 제거하고 미세필라리아와 성체 선충을 점진적으로 감소시켰습니다(Bandi et al., 1999; McCall et al., 2014b). 독시사이클린은 또한 이버멕틴과 함께 O. volvulus에 대한 항 볼바키아 요법으로 인간에서 성공적으로 사용되었습니다(Hoerauf et al., 2003). 그러나 필요한 긴 치료 기간은 수의학 필라리증에 대한 이러한 접근 방식의 주요 단점을 나타냅니다(Savadelis et al., 2018). 성인 살해 요법에서 항 볼바키아 약물의 긍정적인 효과가 입증되었지만, 긴 투여 기간의 필요성으로 인해 개를 위한 예방 약물로는 적합하지 않습니다. \"anti-Wolbachia (A-WOL) 컨소시엄\"(Taylor et al., 2014)에서 설명한 바와 같이 치료 요법이 더 짧은 새로운 항 Wolbachia 약물이 바람직합니다. 최근에는 미노사이클린(minocycline)과 같은 다른 항 볼바키아 약물(Papich, 2017) 및 표현형 스크리닝을 통해 발견된 차세대 항 볼바키아 후보물질(Turner et al., 2020)이 D. immitis에 대한 효능을 평가했습니다. 현재 다양한 새로운 반 볼바키아 후보들이 조사되고 있다. 첨단 고처리량 세포 기반 표현형 스크리닝은 작용 방식을 알 수 없는 강력한 항 볼바키아 소분자를 다수 밝혀냈습니다(Bakowski 및 McNamara, 2019). 또한, 타이로신 유사체 마이크로필라리사이드는 곤충 세포에서 강력한 체외 항 볼바키아 활성을 보였고, 전임상 안전성 연구에서 우수한 성능을 보였으며, 생체 내 마우스 및 저빌 모델에서 효능을 보여주었습니다(Taylor et al., 2019).\n5.4. 다른 접근법\nD. immitis가 개에게 전염되는 것을 막기 위한 살충제의 적용은 국소적으로 적용된 이미다클로프리드와 퍼메트린을 사용한 연구에서 입증되었습니다(Hayasaki and Saeki, 2009). 선충을 포함한 병원체 전염을 예방하기 위해 살충제를 사용하는 원리는 Beugnet과 Franc(2012)에 의해 검토되었습니다. 보다 최근에는 두 건의 대조군 실험실 연구에서 국소 제제의 디노테푸란-퍼메트린-피리프록시펜(DPP)이 D. immitis의 전염을 차단하는 데 95% 효과적이었습니다(McCall et al., 2017a). 현장 조건으로 해석할 수 있다면 모기의 효과적인 개체 수 조절로 이어질 가능성이 높으며, 그 결과 감염 압력이 감소할 수 있습니다. 또한, DPP와 밀베마이신 옥심의 병용 처리는 ML 내성 Dirofilaria JYD-34 분리물에 대해 100% 효과가 있는 것으로 입증되었으며, 살충제와 밀베마이신 옥심 단독요법 모두 100% 효능을 보였다(McCall et al., 2017b). 따라서 저자들은 개의 심장사상충 질환을 효과적으로 예방하기 위해 이중 방어 프로토콜을 주장했습니다. 방충제나 살충제는 D. immitis의 전염을 감소시키지만 예방을 위한 단일 요법으로 완전히 효과적이지 않을 수 있지만 ML과 함께 시너지 효과를 내면 보다 완전한 예방을 제공할 수 있습니다. 그러나 이러한 결과는 현장 조건에서 검증되어야 합니다. 델타메트린(Deltamethrin) 또는 이미다클로프리드(imidacloprid) 및 플루메트린(flumethrin)을 함유한 목걸이(Scalibor®, Serestro®)는 주로 진드기와 벼룩을 예방한다고 주장하지만, 심장사상충을 전염시키는 모기를 예방한다고 주장하지만, 예방을 위한 단독요법으로는 권장되지 않는다. 최근에 도입된 이소옥사졸린은 섭취하기 전까지는 효과가 없기 때문에 D. immitis의 전염을 예방할 만큼 빠르게 작용하지 않습니다(Schorderet-Weber et al., 2017).\nD. immitis에 대한 안전하고 효과적인 백신은 기존 심장사상충 시장에 상당한 영향을 미칠 수 있는 잠재력을 가지고 있습니다. 수의사와 애완 동물 소유자에게 정기적으로 투여되는 ML의 현재 사용에 대한 대안을 제공할 것입니다. 그러나 현재 상용화된 구충제 백신은 단 두 가지뿐이다: 폐사상충 백신인 딕톨(Dictol®)은 딕티오카울루스 생초(Dictyocaulus viviparus) 감염으로부터 소를 보호하기 위해 50년 이상 시판되어 왔다(Jarrett et al., 1960). 이 약독화 백신은 3중 부스터 샷 과정과 콜드 체인 유통 프로세스에 대한 요구 사항에도 불구하고 여전히 사용됩니다. 보다 최근에는 재조합 소단위 백신이 소에서 보호 능력을 입증했지만 살균 효능은 제공하지 않았습니다(Strube et al., 2015). H. contortus(이발장 벌레라고도 함)에 대한 양을 위한 Barbervax® 백신은 감염된 양에서 수확한 벌레에서 생화학적으로 정제된 장 단백질을 사용합니다(Scarff et al., 2020). 이 백신은 3-6회의 일련의 백신 접종으로 양을 준비한 후 6주 동안만 지속되지만 높은 감염 압력에서 H. contortus를 통제하는 데 도움이 되며(Bassetto et al., 2018), 2014년부터 호주에서 상용화되었습니다(Maxwell, 2015).\n심장사상충에 대한 백신은 반추 동물인 GI-선충에 대한 백신에 필요한 것보다 더 강력한 여러 요구 사항을 충족해야 합니다. FDA가 화학적 예방제에 대한 효능 요건을 100%로 설정했기 때문에 심장사상충 백신의 효능도 100%에 근접하거나 100%가 되어야 한다고 가정할 수 있으며, 이는 달성하기 어려울 것입니다. 단일 백신 예방 접근법에 대한 가능한 대안은 백신과 ML의 조합일 수 있습니다. 백신은 대체 예방 모드를 추가하므로 이러한 조합은 ML 단독 치료보다 ML 내성 심장사상충 분리체를 예방하는 데 우수할 수 있습니다. 그러나 효과적인 백신을 개발하기 어렵다는 점 외에도, 반려견 보호자의 백신-약물 조합 수용 여부는 예방 접종 부스터 접종 빈도 및 보호 기간과 같은 추가 매개변수에 따라 달라질 수 있습니다. 백신은 많은 지역에서 연중 내내 심장사상충 시즌 동안 개와 잠재적으로 고양이를 보호하는 경우에만 현재 예방책보다 이점을 제공할 것입니다. 유전자 또는 생화학적으로 조작된 백신은 약독화된 D. immitis 기반 제품보다 우수합니다. '오믹스'의 발전과 함께 여러 분야에서의 심층 데이터 분석 및 mRNA 또는 microRNA 기술과 같은 기술적으로 발전된 도구의 부상(Britton et al., 2014; Sahin 외, 2014; Kis 외, 2019; Tombácz et al., 2021)은 향후 D. immitis에 대한 차세대 백신 개발을 가능하게 할 수 있습니다. RNA 기반 백신 접근법의 현재 성공적인 사례는 전 세계 SARS-CoV-2 팬데믹에 대한 RNA 백신 후보에서 볼 수 있습니다(Bloom et al., 2020).\n6. 결론\n심장사상충 질환은 세계 여러 지역에서 개와 고양이에게 심각한 위협이 되고 있습니다. 개선된 매개체 제어만으로는 심장사상충 예방을 달성할 수 없기 때문에 ML 계열의 활성성분을 기반으로 한 예방 치료가 통제의 핵심으로 남아 있습니다. 그러나 ML 내성 개체군은 미국 미시시피 강 지역에서 보고되었으며 민감성 상태로 특성화되었습니다. 다행히도 대부분의 지역에서 현재 사용 가능한 약물은 여전히 가치가 높습니다. 모든 ML에 대한 내성이 확인됨에 따라 새로운 제어 방법이 시급히 필요하다는 것이 분명합니다. 기술과 과학의 지속적인 발전은 필라리아 특이적 표적에 영향을 미치는 새로운 약물을 찾기 위한 새롭고 혁신적인 접근 방식을 가능하게 합니다. 예를 들어, D. immitis에 간접적이지만 최종적으로 치명적인 영향을 미치는 항 Wolbachia 화합물을 발견하기 위해 집중 분석법이 개발되었습니다. 새로운 API에 대한 검색 외에도 매우 효과적인 백신을 발견할 수 있는 시간과 기술도 무르익은 것 같습니다. 항필라리아 백신은 심장사상충 통제를 크게 바꿀 수 있는 잠재력을 가지고 있습니다. 이러한 백신은 ML과 같은 예방 약물 또는 아직 발견되지 않은 활성 약물과 결합할 때 보다 전체적인 심장사상충 통제의 일부가 될 수 있습니다. 마지막으로, 동물을 충분히 보호하고 약물 내성 D. immitis 개체군의 발달을 지연시키기 위해 수의사 및 반려동물 소유자와의 규정 준수를 강조하는 것이 중요합니다. 따라서 이상적인 신제품은 지속 가능하고 매우 효과적이어야 하며, 소유자가 필요한 투여 요법을 준수하도록 장려할 수 있는 편리한 투여 경로를 보유해야 합니다. 하나의 제품 내에서 더 광범위한 내부 기생충과 외부 기생충을 다루는 것은 바람직한 추가 기능입니다."
}