{
    "title": "개(2판)-수의사와 보호자가 함께보는 반려동물 아틀라스 시리즈 1",
    "author": "정나래 역 2e",
    "publisher": "(주)범문에듀케이션",
    "department": "내과",
    "disease": "\n100 %\n정상 신기능\nNormal kidney function\n\n내과적 처치\n급성 신부전 치료의 핵심\n원인의 역전화 및 위험요소를 피한다.\n요독증과 수분, 전해질, 산-염기 불균형을 교정한다.\n정상적인 요배출을 확보한다.\n각 증례마다 개별화된 약물 치료를 한다.\n정상 신장\n신 기능\n급성 및 만성 신부전 _Acute and chronic kidney disease\n1단계\n33 %\n\n조기 신부전\nEarly kidney disease\n급성 신부전\n식이요법\n급성 신부전 치료의 핵심\n2단계\n경도의 신부전\nMild kidney disease\n3단계\n25 %\n\n요독성 신부전\nUraemic kidney disease\n만성 신부전\n진단 _Diagnosis\n조기 진단이 필수적이다.\n임상적 병력 및 신체검사\n요소, 크레아티닌, 칼슘, 인과 다른 혈액 검사\n요검사\n동맥압\n영상검사, 초음파\n생검\n*콩팥 질병의 분류는 국제 콩팥 학회(IRIS)의 분류를 적용하였다.\n4단계*\n말기 신부전\nEnd-stage kidney disease\n<10 %\n\n\n12\n요관\nUreter\n\n암컷은 요결석으로 인한 폐색이 수컷보다 적다. 요도의 해부학적인 형태 때문인데, 통로가 수컷보다 더 짧고 넓다.\n방광의 배출구\nOutlet of the urinary bladder\n결석은 요도를 통과하여 폐색을 일으킨다.\n콩팥깔때기에 결석 형성(콩팥결석)\n요로 결석 _Urinary calculi\n요도 폐색 _Urethral obstruction\n\n콩팥 겉질\nRenal cortex\n콩팥 속질\nRenal medulla\n콩팥 깔때기\nRenal pelvis\n암컷\n요도\nUrethra\n음경뼈\nBaculum\n\n\n방광에 결석 형성\n\n방광\nUrinary bladder\n수컷\n요 결정의 유형\n알칼리뇨\n인산암모늄마그네슘(스트루바이트)\n이요산암모늄(산성뇨에서도 나타남)\n탄산칼슘(드물다)\n산성뇨\n칼슘옥살레이트\n무정형의 요산염\n빌리루빈\n아미노산결정\n시스테인\n티로신\n\n결석은 요관을 지나고 폐색을 유발할 수 있다.\n\n수컷에서는 음경골의 존재로 인해 그에 인접한 요도의 통로가 요도폐색이 가장 빈발하는 위치가 된다.\n요관\nUreter\n13\n맑고 끈적한 분비물\n\n임신 65 ± 2일\n\n마운팅을 거부하고 수컷 유혹을 중단\n\n\n성적으로 비활동기인 암컷\n질 출혈이 처음 나타나는 시기\n\n\n수컷을 수용: 마운팅\n\n\n암컷은 수컷을 소극적으로 끌어들인다(아직 수컷을 수용하지 않음).\n배란\n장액혈액성 분비물\n비대된 음문\n영역표시\n마운팅\n발정주기의 단계를 알아내기 위해 시행하는 질 세포 검사의 구성\n\n\n방기저세포\nParabasal epithelial cell\n중간상피세포(소형)\nIntermediate epithelial cell (small)\n암컷의 발정주기 _The oestrus cycle of the female\n암컷의 성주기는 단발정에 자발 배란을 하며, 보통 일 년에 두 번의 발정주기를 갖는다.\n각 주기는 4 단계로 구성된다: 무발정기, 발정전기, 발정기, 발정휴지기\n\n\n세포질에 호중구를 포함하는 중간상피세포(대형)\nIntermediate epithelial cell (large) with neutrophils inthe cytoplasm\n표피상피세포\nSuper cial epithelial cell\n\n각화상피세포(비늘)\nKeratinised epithelial cell(scale)\n\n\n적혈구\nRed blood cells\n호중구\nNeutrophils\n주변 부수물\nDirty background\n14\n난소자궁적출술\n정관절제술 / 고환절제술\n\n난소 동맥 및 정맥 Ovarian arteries and veins\n자궁각\nUterine horn\n자궁몸통\nBody of\nthe uterus\n난소\nOvary\n수컷은 호르몬 활동과 정액 생산을 억제하는 약물을 피하로 주입하거나 주사하여 약물을 통한 중성화도 가능하다.\n정삭\nSpermatic cord\n음낭\nScrotum\n고환\nTesticle\n정관절제술: 정관의 절제\nVasectomy: section of the vas deferens\n\n수컷과 암컷의 중성화 _Neutering in males and females\n자궁 몸통의 이중결찰 및 절제\nDouble ligature and section of the body of the uterus\n\n정관의 끝부분에 아직 정액이 남아있기\n때문에 정관절제술 후 3주 동안은 교미를 피해야한다.\n\n\n난소 결찰 및 절제\nLigature and section of ovaries\n암컷\n수컷\n\n고환절제술: 고환의 수술적 제거\n이른 혹은 성성숙 전의\n중성화(6개월령 이전: 이상적으로는 4개월령)\n이점:\n사람과 동거에의 개선\n과잉개체와 유기의 예방\n생식기계의 심각한 질병들의 예방(낭상자궁내막증식증, 자궁축농증, 유선 및 난소 종양)\n단점:\n외생식기의 발달 결함과 연관이 있다.\n15\n모체성 난산\n자연분만 보조\nAssisted natural birth\n태아성 난산\n내과적 처치\n글루콘산칼슘, 옥시토신\n태아의 앞다리 굽어짐\nPresentation of the foetus with bent forelegs\n\n\n자궁무력증\nUterine inertia\n\n개에서 가장 흔한 난산의 유형\n_Most frequent types of dystocia in dogs\n난산은 산도를 통해 태아를 배출하는 데 어려움이 있거나 불가능한 상태를 의미한다. 이는 모체의 문제(75%) 또는 태아의 문제(25%) 때문에 발생한다. 단두종 또는 토이품종의 거의 100%에서 난산이 발생한다.\n\n\n거대태아\nExcessively large foetus\n골반강의 좁아짐\nNarrowing of the pelvic canal\n 수술적 처치\n제왕절개(60~80%의 증례에서 필요)\n\n태아 기형(전신부종)\nFoetal malformation (anasarca or generalised oedema)\n난산의 유형\n_Types of dystocia\n모체성\n자궁무력증(수축력 소실)\n골반강 좁아짐\n질협착\n호르몬 질병\n구조적 이상\n태아성\n이상태위: 앞다리의 굽힘, 머리의 바깥쪽 또는 뒤쪽 굽힘 등\n거대태아\n기형\n태아 사망\n16\n\n\n부종과 충혈 자궁\nOedematous and congestive uterus\n농의 축적과 자궁 분비물\nAccumulation of pus and uterine secretions\n자궁내막의\n취약성 증가\nIncreased fragility of uterine lining\n\n10살령 이하 중성화하지 않은 암컷의 25%에서 발생하며,\n4살령 이상에서 호발한다.\n 내과적 처치\n호르몬 치료\n수액처치\n항생제\n축적된 분비물 제거를 위한 자궁수축제 사용\n발정 억제를 위한 호르몬 치료와 발정주기 장애가 위험요인이다.\n자궁축농증 _Pyometra\n중성화 하지 않은 암컷의 자궁 내강에 농의 축적. 폐쇄성(분비물이 없고, 더 중증) 또는 개방성(질 분비물)의 자궁축농증이 있을 수 있다.\n 수술적 처치\n선택사항: 난소자궁적출술\n임상증상 _Clinical signs\n이상취, 장액혈액성 또는 점액화농성 질 분비물(폐쇄성인 경우 발견되지 않을 수 있다)\n무기력, 침울, 식욕부진\n다음, 다뇨\n구토, 설사\n복부 팽만(폐쇄성)\n발열 가능성\n17\n\n난소 종양 _Ovarian neoplasms\n비정상적, 여러 유형이 있다:\n과립막 세포 종양: 빈도가 높고, 에스트로겐을 생산하여 발정주기 변화를 야기한다.\n유두모양샘종: 발생률이 높고, 양성이며 보통 양측성으로 발생한다. 지나치게 성장할 경우, 다른 장기나 건강한 난소조직에 압력을 가할 수 있다.\n샘암종: 난소의 악성종양 중 가장 흔하다. 발정과 상관 없는 질 출혈이 있을 수 있다. 파열될 경우 복강 내 전이를 야기 할 수 있다.\n 내과적/수술적 처치\n낭종:\n낭 황체화 혹은 황체용체를 위한 호르몬 처치\n선택사항: 난소자궁적출술\n종양:\n즉시 난소자궁적출술\n종양은 조심스럽게 조작하여 악성종양 세포가 복강 내로 퍼지는 것을 방지해야 한다.\n난소 질병 _Ovarian diseases\n낭과 종양 _Cysts and neoplasms\n낭\nCysts\n\n\n진단은 호르몬 검사, 세포검사, 초음파, 생검을 통해 이루어진다\n난소 낭 _Ovarian cysts\n,1 cm에서 .10 cm의 지름을 갖는 액체로 가득 찬 종괴\n비기능성(상피성 혹은 난소 간질로부터 유래)과 호르몬을 생산하는 기능성(난포와 황체)이 있다.\n난포성 낭: 에스트로겐을 생산한다. 발정전기나 발정기를 연장시키고, 음문 부종과 출혈을 유발한다(수용성 암컷).\n황체성 낭: 프로게스테론을 생산한다. 발정사이기(발정기가 오지 않은 시기의 암컷)를 연장하고 낭성 내막 과증식/자궁축농증의 소인이 될 수 있다.\n\n종양\nOvarian tumour\n\n18\n\n 내과적/수술적 처치\n경증의 환자에서 치료는 필요하지 않으며, 발정기의 끝 단계에서 교정될 것이다.\n탈출된 질조직은 자연적으로나(발정기 지나가게 둠) 수술적으로 크기가 줄어들 때까지 수분기를 유지해 주어야 한다.\n조직이 괴사되었으면 외음절개술을 통해 제거해야 한다.\n음문 유지봉합은 질벽 비후가 해소될 때까지 필요할 수 있다.\n방광\nUrinary bladder\n직장\nRectum\n질의 수술적 처치를 위한 음문 봉합\nVulvar suture for surgical treatment of vaginal prolapse\n질\nVagina\n질벽비후의 여러 단계\nDifferent grades of vaginal hyperplasia\n요도 카테터(배뇨 유도를 위해 필요할 수 있음)\nUrethral catheter (sometimes necessary to allow urination)\n탈출된 질 조직\nProlapsed vaginal tissue\n질탈\nVaginal prolapse\n임상증상 _Clinical signs\n음문 분비물\n배뇨통\n질벽 비후와 질탈을 자궁탈과 헷갈리지 마라(극히 드물다).\n질벽비후와 질탈 _Vaginal hyperplasia and prolapse\n\n\n혈류 내 에스트로겐에 의해 자라며, 종종 질로부터 돌출될 정도로 커지는 요도구멍의 앞쪽 질 조직의 부종으로 인해 발생하는 질병, 심한 중증의 경우에서만 질조직이 고리모양으로 자란다.\n\n더 중증의 경우 배뇨가 저해되며 응급 상황에 이르게 된다.\n\n19\n\n 내과적/수술적 처치\n프로락틴의 생산을 억제하기 위해 항프로락틴 약물을 적용할 수 있다.\n난소자궁절제술은 중증이거나 재발하는 경우에서 치료 효과가 있다.\n몇 주 내에 사라지는 자기제어적 현상이다. 치료는 오직 암컷의 유방 환경이 위험하거나(유방염) 공격성의 문제가 있는 경우에만 요구된다.\n거짓임신 _Pseudopregnancy\n발정휴지기 이후, 프로게스테론이 감소하고 프로락틴이 증가함에 따라, 유선의 생리학적 크기가 증가한다. 보통 발정기 6~8주(3~14주 사이로 다양할 수 있음) 이후에 나타나고, 치료를 요구하는 (과하게 나타나는 경우에만)\n임상증상을 동반한 거짓임신이 발생할 가능성이 증가한다.\n임상증상 _Clinical signs\n유선과 복부 부종\n유즙 분비\n행동 변화: 신경질적, 보금자리 행동, 특정 대상 또는 인형을 새끼처럼 대한다.\n모체의 공격적 행동이 나타날 수 있다.\n\n이는 유방염, 유선종양, 낭성자궁내막증식증, 자궁축농증, 불임을 유발할 수 있다.\n20\n 수술/내과적 처치\n영향 받은 유선 다발 및 국소림프절들을 제거한다. 화학요법, 방사선요법을 병행하거나 하지 않는다.\n저용량의 경구 화학요법과 COX-2를 저해하는 NSAIDs를 결합시킨 메트로놈 화학요법의 적용이 증가하고 있다.\n\n예후는 주로 종괴의 크기(3 cm 미만의 종괴가 예후가 더 좋다.)와 구성 세포 유형으로 판단한다.\n\n유선종양 _Mammary tumours\n암컷에서 가장 흔한 종양이다. 환자의 30~50%가 악성종양이다. 국소림프절들로 퍼질 수 있으며, 주로 폐로 전이되지만 뼈, 뇌, 간 등의 장기의 전이도 나타난다.\n겨드랑 혹은 서혜부 림프절의 개입\nInvolvement of axillary or inguinal lymph nodes\n염증, 통증, 심지어 조직의 궤양이 나타날 수 있다.\nInflammation, pain and even ulceration of the tissues may be produced\n눈에 보이고 촉진 가능한 결절(낭포)\nVisible and palpable nodules (cysts)\n\n유선종양이 있는 개의 65~70%가 4,5번째 유선에 발생한다.\n\n\n임상증상은 보통 중성화 수술 후 4주가 지나면 회복된다. 9주가 지나면 70%는 전립샘 크기가 감소한다.\n21\n직장의 압박 (배변곤란)\nCompression of the rectum (difficulty defecating)\n전립샘 크기, 질감, 모양, 통증반응 평가를 위한 직장 검사\nRectal palpation to assess prostate size, texture and shape, and to detect pain\n정상전립샘 구조\nNormal prostate tissue\n전립샘 크기 증가\n(샘조직의 비대와 과증식)\nEnlarged prostate(hypertrophy and hyperplasia of the glandular tissue)\n요도 압박: 배뇨 장애\n(배뇨곤란, 통증배뇨)\nCompression of the urethra: micturition disorders (dysuria and stranguria)\n샘종결절\nAdenomatous nodules\n잘록창자의 등쪽 변위와 방광의 앞쪽 변위(영상검사에서 확인됨)\nDorsal displacement of the colon and cranial displacement of the bladder (visible on radiographs)\n소변과 정액에 혈액이 나타날 수 있다.\nBlood may appear in urine and semen\n 수술/내과적 처치\n호르몬 치료로 좋은 결과를 얻을 수 있으므로, 수술(중성화)에만 기반을 두어서는 안된다.\n양성 전립샘 비대증 _Benign prostatic hyperplasia (BPH)\n개의 전립샘에 영향을 미치는 주요 과정이다(중성화하지 않은 노령견에서 주로 발생한다). 노령화가 진행되면서 감소하는 테스토스테론과 증가하는 에스트로겐에 의한 안드로겐 / 에스트로겐 비율의 변화와 관련 있다.\n\n전립샘 주위 낭포 _Paraprostatic cysts\n보통 양성 전립샘 비대와 관련 있다.\n소관 폐색과 전립샘 분비액의 축적으로 인해 형성된다.\n치료는 중성화수술(필수), 낭포의 초음파 유도 배액, 항안드로겐제 사용을 포함한다. 낭포 배액뿐만 아니라 omentalization 방법은 재발을 막기 위해 반드시 적용해야 한다.\n속발성 세균 감염이 흔하다(전립샘 농양).\n22\n내측\n샅굴 구멍\nInternal inguinal ring\n음낭 내로 내려가지 못한 고환의 복강내 비정상적 위치\nAbnormal intraabdominal position of undescended testicle\n음낭 속 고환\nNormal testicle in the scrotum\n정삭\nSpermatic cord\n바깥 샅굴 구멍\nExternal inguinal ring\n정관\nVas deferens\n\n2개월령이 되어도 고환 내림이 없다면 잠복고환을 의심할 수 있다.\n 수술적 처치\n잠복고환을 제거하거나 이왕이면 양쪽 모두 제거한다.\n\n잠복고환 _Cryptorchidism\n고환의(한쪽 혹은 양쪽) 음낭으로의 내림 실패로인해, 성 분화에서 결손을 유발한다. 복강내, 정삭, 피하 같은 비정상적인 위치에 존재한다.\n순혈종의 개에서 더 흔하다(소형품종, 닥스훈트, 시베리안 허스키).\n권고사항\n잠복고환 동물은 번식용으로 이용해서는 안 된다.\n성 활동이 가능하기 때문에 반드시 통제되어야 한다.\n번식을 막기 위해 정관절제술이나 중성화 수술을 해야 한다.\n\n잠복고환 상태인 경우\n고환 종양, 정삭의 비틀림, 불임, 양성 전립샘 비대의 발병 확률이 10배 높아진다.\n\n"
}