{
    "title": "개(2판)-수의사와 보호자가 함께보는 반려동물 아틀라스 시리즈 1",
    "author": "정나래 역 2e",
    "publisher": "(주)범문에듀케이션",
    "department": "내과",
    "disease": "\n정상 심장\nNormal heart\n\n우심방\nRight atrium\n폐동맥\nPulmonary artery\n전대정맥\nCranial vena cava\n우심실\nRight ventricle\n대동맥\nAorta\n심실중격\nInterventricular septum\n좌심실\nLeft ventricle\n후대정맥\nCaudal vena cava\n좌심방\nLeft atrium\n폐정맥\nPulmonary veins\n\n수컷이 암컷보다 발병 확률이 4배 높다\n 내과적 처치\n약물, 식이요법 및 운동량 제한\n확장성 심근병증\nDilated cardiomyopathy\n확장성 심근병증 _Dilated cardiomyopathy\n우심실 확장\nRight ventricle dilation\n삼첨판 고리 확장*\n(역류와 심잡음)\nTricuspid valve annulus dilation* (regurgitation and murmur)\n심실벽의 얇아짐\nThinning of the ventricular walls\n혈액 박출량의 감소\nDecreased blood flow ejection\n좌심실 확장\nLeft ventricle dilation\n심실중격의\n얇아짐\nThinning of the interventricular septum\n승모판 고리 확장\n(역류와 심잡음)\nMitral valve annulus dilation\n(regurgitation and murmur)\n\n*전면에 위치한 폐동맥은 그림에서 보이지 않음\n이러한 심근질환은 보통 명확한 병인이 알려져 있지 않고, 대형 및 초대형 종에서 주로 발생한다. 코카스파니엘 또한 발병할 수 있다고 알려져 있다.\n심전도를 통해 진단한다.\n임상증상 _Clinical signs\n심잡음 및 갤럽음\n호흡 부전\n심인성 기침\n운동불내증\n복부팽만 가능성\n약화 및 쇠약으로의 진행\n심전도상의 부정맥: 동성빈맥,\n심방세동, 심실성 부정빈맥\n\n\n\n동맥관개존증(28%)\nPATENT DUCTUS\nARTERIOSUS (28%)\n승모판(더 호발)과 삼첨판의 이형성(7%)\nMITRAL (more frequent) AND TRICUSPID VALVE DYSPLASIA (7%)\n대동맥판 협착(14%)\nAORTIC STENOSIS (14 %)\n선천성 심장 질병 _Congenital heart diseases\n식도\nOesophagus\n\n정상 심장\nNormal heart\n\n심방 혹은 심실중격\n결손(7%)\nINTERATRIAL OR INTERVENTRICULAR SEPTAL DEFECTS (7 %)\n우대동맥궁의 잔존(8%)\nPERSISTENCE OF THE RIGHT AORTIC ARCH (8%)\n\n오른심실벽의 비후\nThickening of the right ventricular wall\n폐동맥판의 좁아짐\nNarrowing of the pulmonary valve\n대동맥 기마성 심실 중격\nAorta straddling the interventricular septum\n심실중격 결손\nInterventricular septal defect\n\n필로사징후(5%)\nTETRALOGY OF FALLOT (5 %)\n\n\n선천성 심장 질병의 전반적인 유병률은 0.8%이다.\n\n진단: 임상증상, 영상검사, 심전도 및 심장초음파\n폐동맥판협착(20%)\nPULMONARY STENOSIS (20%)\n\n울혈성 심부전 _CHF\n10살령 이상 소형견의 30%가 영향을 받는다.\n좌심방, 심실의 비대\n만성, 진행성 과정: 정맥 울혈과 폐부종\n임상증상:\n무증상 심잡음 및 운동불내성부터 심각한 호흡부전(기침, 호흡곤란, 실신)을 동반한 대사기능장애 진단과 울혈성 심부전 단계 평가에 심전도는 필수적이다.\n 내과적 처치\n저나트륨 식이 및 유형별 약물들을 포함한다(혈관확장제, 수축촉진제, 항부정맥제, 이뇨제).\n\n이 질병은 만성, 진행성 과정을 지나 울혈성 심부전을 유발한다.\n후천성 판막 질병 _Acquired valvular disease\n울혈성 심부전 _Congestive heart failure (CHF) 수의 임상에서 심장 질병의 주된 원인으로, 개의 심혈관계 질병의 75%를 차지한다. 60%는 승모판 질병, 10%는 삼첨판 질병, 두 판막 모두 발생하는 환자가 30%이다.\n\n카발리에 킹 찰스 스패니얼은 이 질병의 유전적 영향을 받는다.\n승모판 부전은 각 심장주기에서 혈류를 심실로부터 좌심방으로 전환시킨다(승모성 역류).\n\n26\n혈압 측정\n도플러 방식: 커프와 도플러 계기가 필요하며, 발바닥 또는 꼬리 동맥 위 털을 밀 필요가 있다. 도플러 계기는 더 나은 측정을 위해 젤을 적용한다.\n진동측정법: 개에서 가장 흔히 사용되는 방법이다. 각 개체의 발과 꼬리 직경 사이즈에 맞는 적절한 커프를 사용하는 것이 중요하다.\n\n고혈압 _Hypertension\n측정 방법 _Measurement methods\n혈압은 심박출(분당 좌심실에서 나가는 혈액의 양)과, 혈액이 지나는 혈관의 전체 말초저항의 산물이다. 심박출량은 심박수와 좌심방으로부터 방출되는 혈액 양의 영향을 받는다.\n혈압의 조절\n혈압은 신장, 혈관, 신경계, 심장의 복합적인 상호관계를 통해 매우 효율적으로 조절된다. 압의 지속적 상승이 유발될 수 있고, 동맥 고혈압을 초래할 수 있다.\n\n개의 정상 혈압 범위는 120에서 150 mmHg이다.\n표적장기\n고혈압으로부터 주로 손상이 유발되는 장기들\n눈: 부종 및 망막 박리\n심장: 좌심실 비대\n신장: 만성신부전\n신경계: 허혈성 병변 및 뇌졸중\n이외: 비출혈(EPISTAXIS)\n\n중재적 시술 및 장비들 _Interventional techniques and devices\n최근 들어 수술 관련 회복시간, 사망률 및 진통의 개선, 해부학적으로 접근이 어려운 부위에 대한 최소 침습 수술 또는 중재적 시술들이 발전하고 있다. 기술의 발전 덕에, 외과 수의사들은 이전엔 치료 할 수 없었던 질병들을 치료하기 위한 장비들을 사용할 수 있게 되었다. 아래와 같은 장비들이 이에 속한다.\n내시경\n단단하거나 유연한 집으로 둘러싸인 매우 얇은 광학 장비.\n좁은 통로를 통해 진입하여 특정 구조를 시각화하여 수술이 가능하게 한다.\n(자르고, 적출, 결찰, 소작 등)\n배액 카테터\n매우 부드럽고, 해롭지 않은 물질로 만들어져 흉강, 복강, 또는 신우로부터 (피하요관우회, SUB) 액체를 영구적으로 배액하도록 한다.\n혈관내 장치\n영상 가이드하에 혈관을 통해 삽입되어, 혈관 이형성을 막는데 도움을 준다.\n최근엔 두가지 타입이 사용되고 있다:\n색전형성 코일과 Amplatzer 장비\n관내 인공삽입물(스텐트)\n변형되거나 좁아진 도관에 영구적 혹은 일시적으로 관모양의 확장기를 장착하여, 공기 순환(기관, 비인두 스텐트), 배뇨(요도, 요관 스텐트), 혈류 흐름을 가능하게 한다.\n풍선카테터\n좁아진 혈관, 기형적인 심장 판막 또는 좁은 도관들(요도, 비인두, 식도 등)을 통해 삽입되고, 압력을 가하면 부풀려져 좁은 내강을 확장시킨다.\n\n후두 마비\n10살령 이상의 대형견에서 호발하는 후천적 질병\n하나 혹은 두개의 되돌이 후두신경이 손상되고, 이에 따라 공기를 들이마실때 연골이 열리지 않는다. 이는 호흡시 잡음을 유발하고, 운동시에 호흡 잡음이 악화된다. 심한 경우 산소 부족으로 인해 실신 할 수 있다.\n확진은 진정 상태에서 후두 내시경을 통해 이루어지며, 하나 혹은 둘의 모뿔연골의 이상 움직임을 관찰한다.\n중증 환자에서는 궁극적으로 수술적 처치가 필요하며, 예후는 매우 좋은 편이다.\n모뿔연골\nArytenoid cartilages\n성대주름\nVocal cords\n편측성\n후두 마비\n\n\n후두 및 기관의 후천적 질병\n_Acquired diseases of the larynx and trachea\n정상\n되돌이 후두신경\nRecurrent laryngeal nerve\n양측성\n후두 마비\n기관 허탈\n노견에서 흔한 질병으로, 기관 연골 고리가 등배쪽으로 납작해지고, 등쪽 기관 인대가 이완된다. 퇴행성으로 발생한다.\n9전형적인 임상증상은 horn 같은 소리를 내는 마른 기침을 보이고, 운동이나 흥분시 증상이 악화된다.\n진단은 실시간 영상 촬영(투시) 및 내시경을 통해 이루어진다.\n대부분의 경우 내과적 처치를 통해 증상이 개선되지만, 중증이거나 매우 만성화된 환자의 경우 수술적 개입이 필요하며, 예후는 나쁘지 않은 편이다.\n\n\n1단계:\n<25% 폐색\n3단계:\n75% 폐색\n2단계:\n50% 폐색\n4단계:\n완전 허탈\n기관 허탈\nCollapsed trachea\n수술적 처치\n 수술적 처치\n통상적 수술 혹은 레이저 수술을 적용할 수 있다.\n콧구멍 협착 교정\n연장된 물렁입천장, 뒤집힌 후두실주머니의 절제\n후두마비가 나타난다면 후두를 외전하는 기술을 적용한다.\n연장된 물렁\n입천장은 반드시 편도부근에서 잘라주어야 한다.\nElongated soft palate must be cut at the level of the tonsils\n콧구멍 협착\nStenotic nares\n콧구멍을 넓히기 위한 수술\nSurgery to enlarge the opening of the nostrils\n뒤집힌 후두실\n주머니의 절제\nResection of everted laryngeal saccules\n\n단두종 증후군 _Brachycephalic syndrome\n수술적 처치 _Surgical treatment\n\n\n\n호흡곤란을 유발하는 몇가지의 이상들을 포함하는 증후군: 콧구멍 협착, 연장된 물렁입천장, 뒤집힌 후두실주머니, 후두허탈, 기관 저형성, 혀뿌리 비후\n호발하는 품종은 다음과 같다: 잉글리쉬 불독, 프렌치 불독, 보스턴 테리어, 페키니즈, 퍼그, 시츄, 복서, 라사압소\n임상증상 _Clinical signs\n호흡 장애(호흡곤란)\n호흡 잡음(거품소리, 그렁거림)\n운동 혹은 스트레스 불내성\n청색증(점막의 청색화)\n실신, 허탈 가능\n\n가장 흔한 조합: 콧구멍 협착, 연장된 물렁입천장,\n뒤집힌 후두실주머니(증례의 26%)\n\n 수술적 처치\n탈장된 장기들의 교정과 결손부위의 폐쇄\n\n방사선으로 진단하며, 초음파 영상으로 확진한다.\n복막-심장막-횡격막 탈장\n_Peritoneal–pericardial–diaphragmatic hernia\n개에서 가장 흔한 선천적 심장막질병이다. 발생 결함으로인해 복막과 심장막 공간의 영구적인 교통이 생기고, 그에따라 복강장기가 심장을 둘러싼다. 수컷에서 더 호발하고(58%), 와이마라너에서 품종소인이 있다.\n\n보통 복장뼈의 기형, 복벽탈장, 심장결손과 관련있다.\n\n임상증상 _Clinical signs\n탈장의 크기와 영향 받은 장기에 따라 다양하다.\n위장관계: 구토, 설사, 복통, 식욕부진, 산통, 체중감소\n호흡기계: 호흡곤란, 기침, 빠른호흡, 운동불내성\n일부 동물에서는 완전히 무증상이다.\n\n심장막주머니의 복강장기들의 압력에 의해 심장이 앞쪽으로 변위된다.\n가능성 있는 선천적 심장 이상들에 대한 평가가 필요하다.\n31\n보통 양쪽 흉강 내 공기나 가스의 축적. 자연적으로 혹은 외상(폐 병변)에 의해 발생할 수 있다.\n흉강 내 축적된 공기\nAir accumulated in the pleural space\n허탈된 폐\nCollapsed lungs\n심장 거상(전형적인 방사선상 징후)\nCardiac elevation\n(typical radiographic sign)\n기흉의 유형\n개방성: 흉강과 외부 사이가 교통한다. 개에서 드물다.\n폐쇄성: 호흡관나무 혹은 식도 병변(이물)으로부터의 공기\n긴장성: 흡기에 들어온 공기가 호기에 배출되지 못한다. 응급상황이며, 빠르게 교정되어야 한다.\n 내과적 처치\n흉강천자, 축적된 공기나 액체를 천천히 흡인 문제를 유발하는 원인에 대한 치료\n기흉과 흉막삼출 _Pneumothorax and pleural effusion\n기흉\nPneumothorax\n\n 수술적 처치\n흉부 배액관의 장착\n임상증상 _Common clinical signs\n불편하고 얕고 빠른 호흡\n운동불내성\n방사선상 소견(산소 치료 동반하에 진행): 방사선 비투과성의 폐야, 둥글어진 폐 모서리, 심음영의 소실\n흉막삼출\nPleural effusion\n흉강 내 체액의 축적으로 인해\n점진적으로 호흡을\n어렵게 만든다.\n삼출의 유형\n물가슴증: 장액(종양, 탈장)\n고름가슴증: 농양(세균과 곰팡이 감염, 이물-목초 까끄라기)\n암죽가슴증: 림프, 암죽액(심장병)\n혈액가슴: 혈액(외상, 응고병증, 종양)\n\n흉강 내 액체저류\nFluid in the pleural space\n천자를 통한 흉수 검사는 원인 진단에 도움을 줄 수 있다.\n\n"
}