{
    "title": "개(2판)-수의사와 보호자가 함께보는 반려동물 아틀라스 시리즈 1",
    "author": "정나래 역 2e",
    "publisher": "(주)범문에듀케이션",
    "department": "내과",
    "disease": "\n 내과적 처치\n심혈관계 약물, 신경계 기능 개선\n약물(신경보호제)\n인지장애증후군(CDS)\n_Cognitive dysfunction syndrome (CDS)\n노화에 의한 신경변성질병으로 행동학적인 변화로 나타난다. 7세부터 나타날 수 있고, 11세 이상의 33%에서 병발한다.\n임상증상 _Clinical signs\n착란, 공간, 측두성 방향상실\n가족, 다른 동물들과의 관계 변화\n활동량 감소\n과민성, 불안, 식욕의 변화\n자극에 대한 반응 감소\n배뇨, 배변 문제\n야간활동, 수면장애/깨어있음\n기억력, 습득력 감소\n강박행동\n 식이요법\n비타민C, E, 셀레늄, L카르티닌, 중성지방의 급여\n\n외상 또는 중추신경계 미세출혈과 연관이 있는 경우도 있지만, 인지장애 증후군의 가장 주된 원인은 노화이다.\n(혈류감소 + 산화손상된 단백질의 축적 + 항산화작용 감소)\n어린 개의 뇌\nBrain of a young dog\n\n권고사항\n새로운 상황에의 적응(잦은 외출, 밤에 약간의 불빛을 켜두는 등)\n자극치료\n비활동적 생활을 피한다.\n나이 든 개의 뇌(겉질의 위축과 확장된 뇌실)\nBrain of an old dog (cortical atrophy and dilated ventricles)\n원인 _Causes\n말초성 전정 증후군\n중이, 내이의 장애\n외상\n특발성 전정증후군\n선천적 기형\n갑상선 기능부전\n약물 독성\n중추성 전정 증후군\n외상\n대뇌출혈\n뇌염\n뇌종양\n약물 독성\n\n말초성, 중추성 전정증후군\n_Peripheral and central vestibular syndrome\n전정계는 내이와 중추신경계의 여러 부위에 위치한다. 걸음걸이의 이상, 머리 위치 이상, 안구 움직임의 이상으로 나타난다.\n\n말초전정계의\n신경섬유\nNerve fibres from the peripheral vestibular system\n\n특발성, 노령성 전정증후군이라고도 불리며, 노령 동물에서 갑작스럽게 나타난다.\n\n전정핵과 다른 중추기관들의 관계\n내이\n임상증상 _Clinical signs\n머리 기울어짐\n눈떨림: 안구의 불수의적이고 규칙적인 움직임\n어지러움에 의한 구토\n체위성 사시\n전정성 운동실조: 기울어짐, 넘어짐 또는 선형 운동\n호너증후군 가능성\n\n전신발작\n양측 대뇌반구 모두에서 기인하며, 긴장성 간대성 근육 수축을 유발하며, 의식이 소실되고, 자율 신경계의 관여도에 따른 임상증상이 동반된다(유연, 배뇨, 구토).\n보통 개는 무언가가 일어날 것이라고 예상하며 두려워한다. 발작 이후에는 방향감각장애, 시력소실, 협동장애를 보이며, 불안증상이 수 분~수 시간 동안 지속된다.\n간질 _Epilepsy\n기질 혹은 외부적 요인에 기인한 발작이 아니라면, 대뇌의 변화가 일차적으로 고려된다(간질 등).\n임상증상은 보통 처음 5년 내에 시작된다.\n발작이 한 달 동안 1회 이상 혹은 하루 동안 여러 번 연달아 발생한다면, 수의사로부터 치료 계획을 확립 해야 한다.\n최근에는 대부분의 발작이 약물로 잘 관리가 되어 일상생활을 가능하게 한다.\n염증(수막염, 뇌염)\nInflammation (meningitis, encephalitis)\n발작과 간질 _Seizures and epilepsy\n발작은 뇌 내 전기 신호의 일과성 변화에 의해서 전신적 혹은 국소적으로 빠르고 통제불가한 근육의 과흥분을 야기하는 것이다.\n\n\n뇌혈관사고(허혈)\nCerebrovascular accident (infarct)\n초점성 발작\n이는 뇌 내 한정된 구역에서 발생하고, 임상증상은 특정 근육에 국한되거나, 미약한 행동장애를 보이기도 한다.\n\n발작은 반드시 수의사에게 보고되어야 환자의 온전한 평가가 이루어지고, 발작을 유발할 수 있는 대사성 혹은 독성물질에 대한 검사를 실시한다.\n\n"
}