{
    "title": "개(2판)-수의사와 보호자가 함께보는 반려동물 아틀라스 시리즈 1",
    "author": "정나래 역 2e",
    "publisher": "(주)범문에듀케이션",
    "department": "내과",
    "disease": "세계적으로 퍼져있으며, 지중해 풍토병이다. 사람에게 전파 가능한 질병이다(인수공통전염병).\n창백한 점막(빈혈)\n피부와 혀에 결절\nPale mucous membranes (anaemia), nodules on the skin and tongue\n\n\n품종소인: 복서, 코카스파니엘, 로트와일러, 저먼 셰퍼드\n내과적 처치\n항리슈만편모충제(5가의 안티몬제)와 리슈만편모충\n살충제의 합제\n기생충의 완전한 박멸은 이루어지지 않지만, 증상은 개선된다.\n코 각화증, 코피가 날 수 있다.\nNasal hyperkeratosis, possible nose bleeding\n몇몇 케이스에서는 모래파리가 문 피부에 육아종이 형성되는 정도로만 병발하기도 한다.\n리슈만편모충증 _Canine leishmaniasis\n원생동물 Leishmania infantum에 의해 발생하는 기생충질병이며, 모래파리에 물려 전파된다.\n눈주위 탈모\nPeriorbital alopecia\n체중과 식욕감소, 기력저하\nWeight and appetite loss, fever, lethargy\n박탈 피부염\nExfoliative dermatitis\n권고사항/예방\n모래파리에게 물려 전파되는 것을 막기 위해 퇴치제나 국소 살충제를 사용한다.\n문과 창문에 모기장 설치\n늦은 오후의 산책을 피한다.\n백신접종\n패드과각화, 발톱의 과성장\nFootpad hyperkeratosis and excessive nail growth\n파행(관절염)\nLameness (joint inflammation)\n\n대식세포\nMacrophages\n모래파리\nSandfly\n만성 신부전\nChronic kidney disease\n\n리슈만편모충\nLeishmania\n염증성 림프절\nInflamed lymph nodes\n근위축\nMuscle atrophy\n개가 모기에 물리면 기생충이 전파된다.\nParasites are transmitted when a dog is bitten\n미세사상충이 있는 혈액을 섭취한 모기\nThe mosquito ingests blood containing microfilariae\n\n기후변화와 거주지역의 사람의 거주지 침범이 질병 전염과 전파에 기여한다.\n내과적 처치\n성충과 유충에 대한 처치와 기생충으로 인한 혈전증에 대한 내과적 치료\n\n\n사상충증 _Filariasis\n심장사상충증 _Heartworm disease\n심장사상충증은 전 세계적으로 분포한(고온 다습한 지역) 개심장사상충(Dirofilaria immitis)에 의해 걸린다. 개심장사상충은 다양한 종의 모기가 기생충을 옮김으로써 전염된다.\n수술적 처치\n중증 기생충증에 대해서는 수술적인 처치를 통해 심장사상충을 제거한다.\n미세사상충(감염 후 210~270일)\nMicrofilaria\n(210~270 days postinfection)\n70~120일\n\n\n\n권고사항/예방\n지속적인 구충\n건강검진\n모기에 물리지 않도록 함(풍토지역에서 해질녁에는 외출을 자제)\n\n만성적 중증으로의 진행. 처음에는 폐동맥에 영향을 주고 이어서 폐, 마침내는 심장에 영향을 미친다.\n폐동맥, 우측 심방과 대정맥에 성충\nAdult worms in the pulmonary arteries, right atrium and vena cava\n임상증상\n_Clinical signs\n식욕감소, 운동불내성, 기침, 호흡곤란, 폐고혈압, 실신, 비출혈\n복수나 부종이 복합증으로 나타날 수 있다.\n\n\n\n데르마센터 속 진드기\nDermacentor reticulatus\n뿔진드기 속 진드기\nRhipicephalus sanguineus\n참진드기 속 진드기\nIxodes ricinus\n권고사항/예방\n진드기 관리: 목욕, 분무, 피레드로이드 목걸이와 피펫, 아미트라즈, 피프로닐과 이미다클로프리드\n진드기가 많은 지역을 피함\n진드기로 전염되는 감염성 질환\n_Infectious diseases transmitted by ticks\n바베시아증, 에르리히증 그리고 라임병 _Babesiosis, ehrlichiosis and Lyme disease\n적혈구\nRed blood cell\n백혈구\nLeukocyte\n\n\n\n상실배: 에를리히아 응집\nMorula: ehrlichia aggregation\n개 바베시아\nBabesia canis\n보렐리아 부르그도르페리\nBorrelia burgdorferi\n바베시아증\n바베시아 원충에 의한 질병으로, 바베시아의 종에 따라 다양한 속의 진드기로 전염\n임상증상\n고열\n용혈성빈혈\n황달\n혈색소뇨\n기력저하\n식욕부진\n\n에르리히증\n개 에를리히아(Ehrlichia canis)에 의한 질병으로 뿔진드기(Rhipicephalus sanguineus)에 의해 전염\n임상증상\n침울, 발열, 림프절종대, 비장종대, 구토, 파행, 호흡곤란, 체중감소\n출혈(피부와 코)\n안구: 포도막염, 전안방출혈, 망막박리, 실명\n만성기에는 관절, 신장, 신경증상이 나타난다.\n\n라임병\n보렐리아 부르그도르페리(Borrelia burgdoferi)에 의한 질병으로 참진드기 속 진드기에 의해 전염된다.\n임상증상\n재발성 사지 파행(관절염)\n사구체신염\n구토, 설사, 식욕부진, 체중감소, 다뇨/다음, 복수와 부종\n\n\n사람에게도 전염될 수 있음\n(인수공통 전염병)\n\n\n호발품종 _More sensitive breeds\n로트와일러\n도베르만\n래브라도리트리버\n아메리칸 핏불테리어\n저먼셰퍼드\n요크셔테리어\n내과적 처치\n집중적인 수액치료와 구토, 이차적 세균감염에 대한 관리\n개 파보바이러스 _Canine parvovirus\n파보바이러스에 의한 질병. 강아지(6주~6개월령)에서 가장 빈번한 바이러스성 장염이다. 빠르게 자라는 강아지들에서 좀더 심하고 봄이나 여름에 주로 발생한다. 일차적으로 구강을 통해 전염된다.\n장 상피의 바이러스 집단이 장융모를 파괴(편평해지고 융합됨)하여 소화과정과 흡수기능에 영향을 주며 혈액성 설사를 유발한다.\n\n이차 세균 감염이 임상증상 진행에 결정적 역할을 한다.\n\n임상증상 _Clinical signs\n심장형(자궁내 혹은 출생전후 감염)\n8주령 이내 강아지\n급성 심근감염(심근염)으로 사망할 수 있음\n심근염을 극복한 경우 후에 울혈성 심부전으로 사망할 수 있다.\n장형\n발열, 구토, 설사: 탈수\n패혈증, 저혈압성 혹은 폐혈쇼크\n심한 탈수상태로 인한 사망\n파보바이러스는 환경에서 수개월간 저항성이 있다. 희석된 표백제\n(물로 1:27)로만 비활성됨.\n\n\n임상증상 _Clinical signs\n급성형\n전신증상(발열)\n안비증상: 점액, 결막염, 각막염, 각막 궤양\n피부: 화농성피부염, 과각화증(입주위, 발바닥패드)\n호흡기계: 기침, 호흡음 및 호흡곤란\n소화기계: 설사, 단독 구토, 탈수, 식욕부진, 치아에나멜\n저형성\n신경계: 경직된 목, 감각과민증, 보행실조, 간대성근경련, 발작, 마비 등\n만성형\n진행성 신경증상\n 내과적 처치\n특별한 치료방법은 없다. 증상 완화가 치료 목표이다.\n백신접종을 통해 감염을 예방하는 것이 가장 좋은 선택지이다.\n\n1. 점액화농성 비강 삼출물, 결막염\n3. 설사와 탈수\n개 디스템퍼 _Canine distemper\nMorbilivirus에 의해 발생하는 전염성이 높은 질병으로, 숙주의 면역반응에 따라 질병의 심각도가 결정된다.\n호흡기계와 소화기계의 분비물을 통해 바이러스가 전파되며, 오줌으로도 배출된다.\n\n\n\n2. 발바닥 패드와 입 주변 과각화증\n4. 신경증상\n\n백신접종을 하지 않은 3~6개월령의 강아지에서 모체 면역 저하로 인해 병발하는 것이 가장 흔하다. 백신접종을 주기적으로 하지 않은 노령견에서도 발생할 수 있다.\n\n\n\n\n감염 동물의 배뇨를 통해 전파되는 인수공통감염병으로, 주로 rat에 의해 물을 통한 감염이 이루어진다.\n내과적 처치\n항생제, 대증요법(수화, 신장기능 회복, 간 보호제 등)\n\n경구 또는 피부 상처를 통해 감염 될 수 있다.\n렙토스피라증 _Leptospirosis\n렙토스피라속 중 병원성을 가진 종에 의해 발생하는 세균성 질병으로, 급성으로 신장과 간의 감염으로 나타나며, 종종 패혈증이 동반된다. 실외에서 생활하는 대형견종에서 더 호발한다. 임신견에서는 태반과 태아에도 영향을 준다.\n임상증상 _Clinical signs\n나이, 숙주의 면역, 환경요인, 감염균의 발병력에 따라 다양하다.\n증상이 거의 존재하지 않는 단계부터 생명을 위협하는 단계까지 다양하다. 심급성, 급성, 만성형이 있다.\n표준형:\n고열, 기력저하, 점막충혈, 결막염\n복통, 구토, 설사\n황달, 간비대\n신장의 영구적 손상을 남길 수 있는 심각한 신장 장애\n신경근육통, 수막염\n\n렙토스피라속의 세균\n(L. interrogans, serovars icterohaemorrhagiae, canicola and pomona)\n\n\n몇몇 케이스에서는 감염인자가 관절에 관여하게되면서 증상이 더 심해진다.\n선행요인 _Predisposing factors\n백신접종을 하지 않은 동물\n집단 생활\n어린 동물(가장 중증)\n그레이하운드, 소형견, 토이품종(단두종)에서\n호발\n호흡기계의 선천적 질환 또는 만성기관지염\n저온\n내과적 처치\n항생제와 기관지 확장제\n네뷸라이저를 이용한 분무약제 치료\n켄넬코프 _Kennel cough\n감염성 기관기관지염 _Infectious tracheobronchitis\n권고사항/예방\n적절한 백신 프로그램\n추운 환경에 지속적인 노출을 피한다.\n증상이 나타난 개와 접촉을 피하거나 겸상을 피한다.\n\n기관기관지 환경에 바이러스성(파라인플루엔자), 세균성(보르데텔라 기관지 패혈증균), 마이코플라즈마 인자들이 단독 혹은 복합적으로 영향을 끼친다.\n\n흡입을 통해 전파되는 전염력이 매우 강한 질병이다.\n임상증상 _Clinical signs\n경증(단독 감염인자)\n발작성 기침, 점액화농성비염, 결막염\n구역질, 거품형 호흡기계 분비물\n중증(복합 감염인자)\n발열, 기력저하, 호흡곤란, 식욕저하, 점액화농성 삼출물, 체중감소\n후유증으로 인한 만성 기관지염\n어리고 약한 동물은 사망 위험이 있다.\n\n77\n세계적 영향\n_Global impact\n매년 59000명의 사람들을 사망에 이르게 한다: 희생자의 40%가 15세 미만이며, 아시아와 아프리카에 거주한다.\n개에 물려서 감염되는 경우가 대부분이다(99%).\n\n물리거나 긁혀서 감염된 침과 접촉함으로써 사람에게 전파된다.\n임상증상 _Clinical signs\n몇 주 전에 물린 경험이 있다.\n갑작스러운 행동변화(과민성, 공격성)\n심한 격정과 우울의 반복\n특징적인 짖음(크고 맹렬함), 씹는 근육 마비(물 공포증, 음식 섭취 불가, 침 흘림)\n사망을 초래하는 진행성 마비\n광견병 _Rabies\t\n광견병(rabies)은 질병의 진행정도에 따라 물을 보기만 해도, 바람이 얼굴에 스치기만 해도 목 근 육에 경련을 유발하며, 마비, 혼수상태를 거쳐 호 흡근 마비로 사망하게 되는 무서운 인수공통전염 병이다. 광견병의 80%정도는 물을 두려워하는 격 노형(furious rabies, 뇌염형)으로 나타나며 20% 는 마비형(paralytic rabies)으로 나타나는데 사 람에서는 공수병(恐水病), 동물에서는 광견병(狂 犬病)이라고 불려진다.\n미국에서는 매년 수 만명이 광견병 의심 동물에 물리지만 신속한 후처치로 사망환자는 거의 없는 실정이다. 그러나 개발도상국이나 후진국 등에서 공수병으로 인해 사망하는 사람의 대부분은 이 병 의 심각성을 인지하지 못하거나 병원에서 신속한 후처치를 받지 못한 경우가 대부분이다. 따라서 공중보건학적인 측면에서, 사람이 광견병에 감염 되지 않도록 광견병에 대한 철저한 이해와 함께 설령 광견병 의심 동물에 물렸다 할지라도 신속한 후처치가 이루어지도록 이 질병에 대해 충분히 인 지를 하고 있어야 하겠다.\n\n이러한 맥락에서 본 원고에서는 애완동물, 사 람, 야생동물, 박쥐, 여행자 등 5가지 관점에서 광 견병에 대한 이해와 대처방안 등에 대해서 언급하오니 동물의 보호자 등 일반인들에게 광견병에 대 하여 설명할 경우 안내자료로 활용해주시기 바랍니다.\n어떻게 애완동물을 광견병으로부터 보호 하는가? \n첫째, 개, 고양이, 페랫 등의 애완동물은 동물병 원에서 규칙적으로 광견병 백신을 접종받아야 한 다. 둘째, 애완동물은 항상 집안에서 키우며 상태 를 주의 깊게 관찰해야 한다. 셋째, 관리가 곤란할 정도로 애완동물의 개체수가 많아지는 것을 막아 야 하며, 유기동물은 광견병 백신이 접종되지 않은 것이 대부분이므로 유기견은 즉시 신고해야 한다.\n   왜 애완동물에 광견병 백신을하는가?\n광견병은 야생동물에서 많이 발생한다. 그러나 사람이 야생동물과 접촉할 기회보다는 애완동물 과 접촉할 기회가 훨씬 많기 때문에 애완동물에 광견병 백신을 접종하여야 한다. 즉, 규칙적으로 애완동물에 백신을 접종하여 야생동물에서 애완 동물로 광견병이 전파되는 것을 차단해야만 사람의 공수병 발생 가능성이 줄어들기 때문이다.\n  이웃집 개, 고양이에 물리면 어떻게 조치하는가?\n\n도시 내에서 애완동물에 의해 사람으로의 광견 병 전파 가능성은 거의 없지만 어떠한 동물에게라 도 물리면 사람은 즉시 병원에 가야 한다. 물릴 당 시 애완동물이 건강하게 보이더라도 동물병원에서 10일간 격리시켜 상태를 관찰해야 하며, 애완동물 에게 물렸다고 모든 사람이 광견병 면역혈청제제를 접종 받을 필요는 없다. 다만, 물릴 당시 애완동물이 비정상이거나 10일간 격리∙관찰하는 동안 비정상적으로 보인다면 애완동물은 수의사에게 진 료를 받아야 하고 물린 사람은 병원에 가서 면역혈 청제제를 접종 받아야 한다. 특히, 격리∙관찰하는 동안 애완동물이 정상처럼 보일지라도 실질적으로 광견병 바이러스에 감염되어 있는 잠복기일 수 있으므로 조심해서 관찰하여야 한다.\n  애완동물이 야생동물에 물리면 어떻게 조 치하는가?\n애완동물이 야생동물, 박쥐 등에 물린다고 무조건 광견병에 감염된 것으로 간주하여 조치할 필요 는 없다. 백신 접종되지 않은 애완동물이 야생동물에 물리면 가능한 안락사를 시켜야 하나 이를 원하지 않으면 6개월 동안 애완동물을 격리∙관찰해야 하며, 백신 접종된 애완동물일지라도 45 일 동안은 격리∙관찰해야 한다.\n\n\n광견병 바이러스\nRabies virus\n■ + + 개, 사람의 풍토병\n■ + 0 개 풍토병\n■ ± ± 개의 산발성 전염병\n■ ± 0 개 광견병 통제 구역\n■ 0 0 개, 사람에서 광견병이 없는 지역\n■ 정보 없음\n개와 사람에서 광견병의 풍토성, 2016.\n광견병은 외지 및 취약계층에 영향을 미친다.\n세계보건기구(WHO), 세계동물보건기구(OID), 국제연합식량\n농업기구(FAO), 광견병 통제를 위한 국제연합(GARC)은 2030년까지 개를 통해 매개되는 광견병으로 인한 인류의 사망을 종식하기 위해서 국제적인 전략을 수립하고 있다\n(Zero by 30, Geneva, 2018).\n권고사항/예방\n집단 동물들의 백신 프로그램(각 자율 구역에 의존)과 길거리 동물들의 백신 및 관리 생백신을 포함한 미끼를 이용하여 여우에서의 질병을 제거하거나 감소시킨다.\n백신 설계 _Vaccination plan\n두가지 유형의 백신이 있다: 필수백신(모든 개에서 접종해야 하는)과 비필수백신(지리적 기준, 생활환경, 나이 등에 따라 접종이 권유되는)\n개에서의 최근 백신 권고 사항*\n* Recommendations of the World Small Animal Veterinary Association (WSAVA), 2017.\n\n\n\n이와는 상관 없이, 감염된 개를 마주한다면 보건당국이나 수의사는 바이러스 전파를 예방하기 위해 동물과의 직접 접촉을 피하도록 권장한다.\n개의 SARS-CoV-2 감염 _SARS-CoV-2 infection in dogs\n사람에서의 SARS-CoV-2는 2019년 후반기에 중국 우한시에서 시작되어, 2020년 COVID-19의 세계적 유행병으로 이어졌다.\n강아지도 COVID-19에 걸릴까?\n초기에는 강아지도 코로나에 걸리거나 전파할 수 있다는 논란이 있었다.\n세계의 많은 연구를 통해 극소수의 동물들만이 감염에 이른다고 밝혀졌다.\n(바이러스에 노출된 동물 중 8%) 감염된 환자의 95%는 COVID-19에 걸린 보호자와의 직접 접촉을 통해 감염되었다. 그럼에도 불구하고, 이 개들에서 바이러스는 거의 검출되지 않았다. 감염된 강아지의 임상증상은 거의 없거나, 발열 및 가벼운 호흡기, 소화기 증상 정도에 국한되었다.\n\n요약하면 개에서의 COVID-19 감염은 다행히도 흔치 않고, 사람에 의해 전염되며, 금방 소실되어 빠른 회복을 보인다.\n\n"
}