{
    "title": "개(2판)-수의사와 보호자가 함께보는 반려동물 아틀라스 시리즈 1",
    "author": "정나래 역 2e",
    "publisher": "(주)범문에듀케이션",
    "department": "내과",
    "disease": "\n발톱이 자랄 때 신경 말단부위와 혈관들과 함께 발톱의 뿌리가 자라난다.\n\n발톱이 너무 길다면, 동정맥 말단의 환납이 이루어지도록 천천히 관리해 주는 것이 좋다.\n발톱은 주변으로 자라서 피부를 파고들기 때문에 자주 확인하고 관리해야 한다(땅을 디디지 않으면 마모되지 않는다).\n발톱 관리 _Nail trimming\n지나치게 긴 발톱 길이는 어딘가에 걸리거나, 주변 조직을 밀어올리고 파고들 수 있고 심지어 보행에 방해가 되거나 발가락 기형의 요인이 될 수 있다.\n\n발톱을 주기적으로 손질해 주어야 자라난 뿌리가 되돌아갈 수 있다.\n손질은 대각선 방향으로 시행하여, 발톱의 윗 부분이 아래보다 길게 남도록 한다.\n\n발바닥이나 발톱을 조작하기 더 수월할 뿐 아니라 발톱 관리의 절차를 그들이 받아들일 수 있도록, 어릴 때부터 습관화를 해야 한다.\n전용 발톱깎이를 이용해야 한다.\n\n최적상태의 발톱\n외이도\nExternal aauditory canal\n귀지샘 삼출물과 혈액\nCeruminous exudate and blood\n고막\nEardrum\n만약 잔디 까끄라기가 코선반 깊이까지 들어가 있다면 내시경을 이용하여 제거하여야 한다.\n잔디 까끄라기에 의한 문제 _Problems caused by grass awns\n악어집게를 이용한 제거법 _Removal with a crocodile forceps\n비선반의 잔디 까끄라기가 재채기와 미약한 비출혈을 일으킨다.\n\n내이\nInner ear\n지간 공간\n잔디 까끄라기가 결막낭 안에 위치함\n(제3안검과 안구 사이)\n잔디 까끄라기는 화살촉을 닮아서 조직을 뚫고 전진하도록 되어있다.\nThe shape of the grass awn allows it to advance through the tissue\n심한 통증, 안검경련, 농과 각막 궤양이 발생됨\n누관\nFistulous tract\n입구 부분의 반응성 육아종\nReactive granuloma at site of entry\n\n경구 투여\n알약\n알약이 최대한 혀의 안쪽에 위치하도록 한다\n(연하 반사).\n물약, 가루약\n개의 입은 닫힌 상태에서 주사기의 끝부분만 어금니 뒷부분의 빈 공간에 넣은 뒤 투여한다.\n\n고개를 비스듬히 들어준다.\n입을 닫은 상태로 머리를 원위치시키고, 약을 삼키도록 목 부위를 주무른다.\n입을 벌릴 때, 윗입술을 안쪽으로 밀어넣어야 한다.\n\n안약\n안약을 잡은 손을 눈 위쪽의 머리에 붙여 안약을 떨어뜨린다.\n피하주사\n권고사항\n투약 동안에는 차분하도록 하고, 목소리를 낮추는 것이 중요하다. 또한 투약이 끝난 후 칭찬과 보상을 주는 것이 좋다.\n알약이 입 안의 바깥쪽에 위치하지 않도록 하며, 거부 반응을 유발하도록 하는 씹기반사가 일어나지 않게 한다.\n개가 약에 흥미를 갖게 하거나 조금 더 쉬운 속임수를 위해 산책을 활용할 수 있다.\n\n피부 주름을 들어올리고, 주사하는 동안 몸에 평행하게 들린 채로 유지한다.\n약물 투여 방법 _How to administer drugs\n\n"
}