{
    "title": "개(2판)-수의사와 보호자가 함께보는 반려동물 아틀라스 시리즈 1",
    "author": "정나래 역 2e",
    "publisher": "(주)범문에듀케이션",
    "department": "내과",
    "disease": "\n\n정자채취\n\n자연 번식은 정확하게 모의실험을 해야 하며, 가급적 야외나 조용하고 넓은 장소에서 하는 것이 좋다.\n발정 중인 암컷이 있으면 정자 추출과 그 질을 향상시킬 수 있다.\n해면 망울 뒤쪽을 눌러 음경의 발기가 최대한 이루어지도록 한다.\n개가 본래대로 돌 수 있도록 해준다.\n정자는 멸균용기에 약 섭씨 36도에서 채취한다. 이후 현미경에서 정자의 질을 평가해야만 한다.\n수컷이 암컷의 질에서 “결절(knot)”을 형성하여 사정이 모두 안에서 이루어지는 것이 중요하다.\n번식 행동\n_Reproductive behaviour\n수컷이 암컷의 질을 핥거나 냄새를 맡는다.\n\n사정 후 암컷과 수컷은 서로 다른 방향을 향한 채 교합되어 한 시간까지도 있을 수 있다.\n\n\n\n흥분하고 나면 암컷의 허리에 올라타 삽입이 이루어진다.\n발기는 질 근육들에 의해 수동적으로 이루어진다.\n음경의 망울이 질 전정에 딱 맞으며 “결절(knot)”을 형성한다\n개의 자세 _Typical postures in dogs\n친근함의 표시\n공격이나 두려움의 표시\n\n위협적 자세\nDOMINANT POSTURE\n중재적 접근\nPEACEMAKER APPROACH\n두려움 / 공격 태세\nFEAR / AGGRESSION\n활발\nALERT\n\n\n놀이 자세\nPLAY POSTURE\n평온한 걸음\nCALM APPROACH\n복종 / 두려움\nSUBMISSION / FEAR\n공격\nATTACK\n\n\n\n어미를 잃은 새끼강아지 관리 _Care of orphaned puppies\n젖병은 강아지가 자연스럽게 젓을 빠는 자세가 취해지도록 들고 강아지의 자세는 복부를 바닥에 대거나 보호자의 손에 놓이도록 한다.\n3~4시간 간격으로 밥을 먹어야 한다(35~38도에서).\n젖병은 사용 후 적어도 하루 한 번은 씻고 살균해야 한다.\n음식 섭취 후 항문주위를 따뜻하게 적신 문지를 것으로 마사지하여 배뇨와 배변을 자극해주는 것이 필요하다. 3주령 강아지는 이러한 도움 없이 배뇨 배변을 할 수 있어야 한다.\n소화 초기에 소화를 촉진하고 산통을 막기 위한 복부의 부드러운 마사지가 꼭 필요하다.\n신생 강아지를 다루는 법 _Handling and care of newborn puppies\n휴지를 길게 자른 것을 잠자리에 깔아줄 수 있고 수시로 갈아줘야 한다.\n\n신생 강아지는 하루에 약 20시간 정도 자며 남은 시간에는 밥을 먹는다.\n잠자리 주변에는 어미가 새끼를 깔고 눕는 사고를 막아줄 막대나 테이블이 있어야만 한다.\n개의 신생아기는 생후 첫 2주를 말한다. 어미가 생후 새끼를 돌보고 먹이지만, 그러지 못하는 경우, 따라야 하는 기본적인 지침들이 있다.\n\n적절한 환경\n_Suitable environment\n깨끗하고 조용하며 외풍이 들지 않아아 한다.\n방 온도:\n첫 주: 30~32도\n둘째 주: 25~27도\n셋째 주 이후: 22도\n습도: 60~65%\n\n\n위생검 조직의 PCR 분석\n내시경 생검을 통해 채취한 환견의 위조직에서 황 등의 방법에 준하여 DNA를 분리하고 Helicobacter genus-specific PCR과 Helicobacter species-specific PCR 분석을 실시한 결과 580 bp대의 특이 밴드를 확인할 수 있어 H. heilmannii균에 감염되어 있음을 확인 할 수 있었다."
}