{
    "title": "개와 고양이의 실전 뇌전증 관리",
    "author": "현창백 역",
    "publisher": "(주)범문에듀케이션",
    "department": "내과",
    "disease": "07\n뇌전도\nElectroencephalography; EEG\n뇌 기능을 측정하는 방법에는 양전자방출단층촬영(PET), 단일광자방출컴퓨터단층촬영(SPECT), 기능적자기공명영상(fMRI), 자기뇌파검사(MEG) 등이 있다.1 이 모든 검사법 중에서 실시간으로 뇌 기능을 모니터링할 수 있는 침상에서 할 수 있는 검사는 뇌파 검사(EEG) 하나뿐이다. 뇌파 검사는 최소 침습적 검사로 뇌 활동에 대한 합리적인 공간적, 시간적 해상도를 제공한다. 그러나 단점은 실제 임상에서 다음 두 가지 이유 때문에 뇌파 곡선을 적용하기 힘들다는 점이다: 기록 기술과 판독.\n뇌전도를 기록하는 이유는?\n뇌전도는 임상적으로 까다로운 “뇌전증 발작인가?”라는 질문에 답할 수 있는 유일한 진단 검사이다. 이는 뇌전증 진단에 관한 2015년 국제 수의 뇌전증 태스크포스(IVET) 권고안에서 강조된 내용이다. 진단에 대한 가장 높은 신뢰도인 Tier 3 레벨은 뇌전증 또는 뇌전증 이상에 대한 뇌파 확인을 통해서만 달성할 수 있다(제1장, 박스 1.4 참조).2 비디오 녹화를 통해 에피소드를 평가하는 경우에도 전신 강직-간대성 발작의 경우를 제외하고는 에피소드의 성격에 대한 수의사 간의 진단적 합의가 낮다.3 뇌전도는 뇌전증의 임상 진단과 다른 일시적 또는 일과성 발작 장애를 구분한다.4 뇌전도는 뇌전증 발작이 부재 및 부분 발작과 같이 유사한 신체적 또는 행동적 증상을 보일 때 진단을 세분화할 수 있다.5-8 EEG검사는 전기적-임상적 증후군(electroclinical syndromes) 진단을 위한 가장 중요한 부분이 되고 있다.7,9 이러한 증후군은 전형적인 발병 연령, 특정 뇌파 특성, 발작 양상(신체적 증상) 및 유전자 검사와 같은 기타 특징에 의해 정의되며, 이 모든 것이 뚜렷하고 인식 가능한 임상 장애를 형성한다. 뇌파 검사는 동물 중환자실에서 혼수 상태와 비경련성 발작을 구분하고, 지속성 뇌전증 환자의 관리에 유용하다.10-15 마지막으로, 뇌파 검사는 개와 고양이의 뇌전증에 대한 수술 전 평가의 필수적인 부분이며, 현재로서는 드문 검사이다.1\n뇌전도는 수면 관련 장애를 연구하고 진단하는 데 사용되는 수면다원검사의 핵심 구성 요소이다. 반려견의 경우, 여기에는 렘수면 행동 장애가 포함될 수 있다.16-20 반대로, 뇌전도로 감지할 수 있는 수면 패턴의 변화는 인지, 행동 또는 사회적 기능 장애 또는 생리적 노화뿐만 아니라 신경학적 장애의 증상 또는 동반 질환일 수 있다.21-25\n개와 고양이 이외의 종에서 뇌파를 사용하는 또 다른 주요 적응증은 뇌 기능에 대한 문서화이다. 이 문서는 뇌사 판정을 위한 것일 수 있다.26-28 더 일반적으로는 수술 및 중환자실(ICU)에서 환자의 특정 마취 깊이를 유지하기 위해 약물 투여를 제어하는 데 사용된다.29-32 이 기능은 마취 또는 중환자실 모니터링 장비에 시각적 디스플레이를 생성하기 위해 다양한 의료용 모니터 공급업체에서 개발한 독점 알고리즘에 EEG 데이터를 통합한다.32 이러한 특수 모니터는 수의학, 특히 개 마취 분야에서 다양한 약물의 진통, 진정, 마취 효과를 테스트하기 위해 연구되어 왔다.33-39 최근에는 중환자실에서 개의 뇌 기능을 모니터링하기 위한 이러한 독점 알고리즘에 대한 평가가 수정 글래스고 혼수 척도와의 상관관계를 찾는 것으로 시작됐다.40\n뇌전도 데이터를 기록할 때 마지막으로 고려해야 할 사항은 경험과 지식을 쌓는 것이다. 인의의 합의된 표준과 비교할 수 있는 표준이 아직 없다. 과거의 수의학 뇌전도 문헌은 최신 기술과 정보를 사용하여 업데이트할 필요가 있다. 다행히도 전 세계의 많은 수의학 뇌전도 연구 그룹에서 발작 방지 및 기타 약물 개발을 지원하는 등 뇌전도의 다양한 용도와 한계에 대해 필요한 지식을 계속 습득하고 있다.41 향후에는 발작 감지 및 예측을 위한 웨어러블 또는 이식형 뇌파 장치가 사용될 수 있으며, 이는 개인화된 치료 접근 방식과 보호자의 삶의 질을 혁신적으로 개선할 수 있다.42-46\n뇌전도의 작동원리\n생리학적 근거\n뇌파 검사는 다음 두 가지 원리로 작동한다.47 첫째, 뇌는 전기적으로 활동하는 기관이다. 둘째, 이러한 전기 활동은 뇌, 두개골 및 머리의 부피를 통해 전도된다. 이러한 개념이 19세기 후반에 발견된 이래로 계속 발전되어 왔다.47 뇌전도의 기본 생리적 원리는 즉, 대상 기관의 전기 활동을 기록하는 다른 전기 진단 검사(예, 근전도, 심전도)와 유사하다. 뇌에서 뇌전도 신호를 발생하는 주요 조직은 피질의 피라미드형 뉴런으로 III, V, VI 층에 위치한다. 이 피라미드형 뉴런은 장축이 피질 표면에 수직으로 향하고 수상 돌기는 더 표면에 위치한다.48 들어오는 활동 전위는 이러한 뉴런의 수상돌기 가지에서 흥분성 또는 억제성 시냅스 후 전위(각각 EPSP 또는 IPSP)를 생성한다. 이러한 전위와 이와 관련된 국소 세포 외액 이온 농도의 변화는 뉴런의 장축을 따라 양극(dipole)을 형성하여 전기장을 생성한다.49,50 흥분성 시냅스 후 전위는 피질 표면을 향해 음극을 가진 dipole를 생성한다. 이 전기장은 체적 전도(및 정전 용량)에 의해 머리 조직을 통해 측정 장치, 즉 전극에 의해 감지되는 위치로 전파된다.50,51\n단일 뉴런 dipole에 의해 생성된 전기장은 바로 인접한 전극을 제외하고는 감지하기에는 충분히 크지 않다. 두피에서 전기장이 감지되려면 많은 수의 뉴런이 동시에 dipole를 형성해야 한다.49 기록된 전기 활동은 약 5 mm의 깊이와 1~2 cm의 표면 직경에서 발생한다.50 이것이 현재 사용되는 다양한 형태의 뇌전도의 기본 개념이다. 뇌내 뇌전도는 뇌실질 내에 전극을 배치하여 심부 구조의 초점 활동을 기록하거나 피질 표면에 전극을 배치하여 뇌전증 유발 영역을 기록한다.1,45 이러한 뇌내 전극이 전기 소스에 근접하면 높은 공간 해상도가 가능하지만 배치에는 외과적 접근이 필요하며 개별 환자의 사례 상황에 따라 다르다. 일반적으로 뇌내 뇌전도는 두피 뇌전도에 의해 확인된 initial source localization에 따라 달라진다. 두피 뇌전도는 임상 진단에 가장 적합한 핵심 도구로, 최소 침습적이기 때문에 실제 임상에 더 적합하다.50\n다행히 두피 뇌전도의 경우, 행동, 지각, 인지 및 기억과 같은 피질 기능의 기초가 되는 신경 과정의 시간적 조정을 통해 많은 뉴런 집단에서 시냅스 후 전위가 대량으로 형성된다. 이러한 조정으로 인해 두피 뇌전도에서 리듬 진동으로 감지할 수 있는 동기화된 신경 활동이 발생한다.52 이러한 신경 활동은 두 곳의 두피 전극 기록 부위 사이의 시간 경과에 따른 전압 차이를 그래프로 표시하면 잘 가시화되며,53 따라서 일렉트로(전기) 뇌파(뇌) 그램(그림)이라는 용어가 사용된다. 이러한 진동파의 형태는 수면 및 각성 단계와 같은 뇌 상태 변화에 따라 달라진다. 동기화된 활동의 반대를 차단이라고 하며, 동기화된 파동이 감쇠되고 더 낮은 진폭, 더 높은 주파수 신호로 대체되는 것을 말한다.52,53\n주파수 및 진폭\n주파수와 진폭이라는 두 가지 매개변수가 이러한 진동파의 형태를 결정하는 주요인자이며,50 지형 필드, 필드 전반의 기울기 또는 관련 시간 지연 등도 이러한 파형에 영향을 준다. 주파수는 초당 주기로 측정되며 단위는 헤르츠(Hz)이다. 진폭은 마이크로볼트(μV)로 측정되며, 수에서 수백 μV까지 다양하며, 일반적으로 개에서는 100 μV 미만이다.50 두피에서 측정된 진폭에는 다음과 같은 다양한 요인이 영향을 미친다:\n피질 소스의 전압\n관련 피질 영역\n소스의 깊이\n개입 조직\n소스 뉴런의 동시성54\n두피 뇌전도에서 임상적으로 관련된 피질 기원 파형은 일반적으로 1~70 Hz의 주파수 범위에 속한다.55 이 범위는 다른 생리적 전기 신호와 범위와 겹친다는 점에 유의해야한다. 뇌전도 범위는 관례에 따라 특정 의식상태와 관련된 주파수 대역 또는 빈(bin)으로 나뉘며, 많은 임상 뇌파 검사자들은 감마 대역을 베타 대역에 포함시킨다(표 7.1 참조).53,56\n진폭은 μV/mm 단위의 감도 설정을 사용하여 화면에서 확대할 수 있다.55 증폭, 게인(gain) 및 감도는 사실상 동의어이다. 눈금은 보이는 것에 우리가 보는 것과 반대로, 숫자가 클수록 감도가 낮게 설정되어 있는 것이고 숫자가 작을수록 감도가 높게 설정된 것을 의미한다. 일반적으로 5~10 μV/mm 사이의 초기 감도 설정값을 기록에 사용한다.55 검사 중에 필요에 따라 감도를 조정하여 “줌인”하여 특정 부위를 검사할 수도 있다.\n솔리드 앵글 정리(Solid angle theorem)\n두피 뇌전도에는 한계가 있다. 위에서 설명한 것처럼 단일 뉴런의 활동을 측정하는 것이 아니라 수천 개의 뉴런의 합산된 PSP를 측정한다. 또한 신호 소스를 국한시키는 과정이 복잡하다. 뇌전도의 전극이 근처 dipole’s filed의 합을 “보여준다”. 즉, 전극이 “보는” 활성 영역이 클수록 감지된 신호가 커지는데, 이는 솔리드 앵글 정리에 의해 지배되는 개념이다.49 Dipole 생성이 동기화될수록 자기장이 강해져 뇌전도 신호가 더 강해지는데 이는 타이밍의 영향을 받는다. 또한 인접한 반대 dipole은 서로 상쇄된다. 두피 표면에 수직인 방사형 dipole는 두피 표면에 평행한 접선형 dipole보다 더 나은 EEG 신호를 생성한다.57 솔리드 앵글 정리를 시각적으로 비유하기 위해 테이블 위에 있는 가까운 접시를 보자. 접시의 표면은 dipole 층으로 알려진 동기식 음극자 영역인 피질의 활성 영역을 나타낸다. 당신의 눈이 전극이다. 접시의 겉보기 크기는 솔리드 앵글이다. 테이블 위에 서서 접시를 똑바로 내려다보면 접시의 겉보기 크기(솔리드 앵글)가 커서 강한 신호를 나타낸다, 반면, 접시가 테이블의 맨 끝에 있다면, 겉으로 보이는 크기(솔리드앵글)가 더 작아져 보인다. 결과적으로 신호가 약해진다. 접시가 눈에 가까울수록 겉으로 보이는 크기(솔리드앵글)가 커지므로 신호가 더 강해진다. 접시(신호 소스) 자체는 변하지 않았지만 당신의 눈(디텍터)의 위치는 변했고, 이것이 감지된 신호에 영향을 미친다. 그 반대도 마찬가지다 ― 피질의 여러 위치에 있는 dipole 층을 생각해 보면, 이랑 상부에 형성된 솔리드 앵글은 고정 전극이 감지한 설골 벽에 형성된 각도와 매우 다를 수 있다. 따라서 더 많은 전극을 사용할수록 두피 전위 지도가 더 정확해진다.58 인의 뇌전도 표준에서는 최소 16개 채널을 기록하기 위해 최소 21개의 전극을 배치할 것을 권장하지만,58 두개골이 작은 동물 환자의 경우 이 방법이 어려울 수 있다.\n차등 증폭(Differential amplification)\n이러한 모든 아날로그 생체 신호는 뇌전도 기계의 기록 장치에 의해 디지털화된다. 이 디지털화는 최종적으로 보이는 신호에 영향을 미친다. 뇌전도는 두피의 두 지점 사이의 시간 경과에 따른 전압 차이를 그래프로 나타낸 것이므로, 기록 그 자체는 지형 전극 배치 프로토콜의 일부가 아닌 단일 기준 전극으로 만들어야 한다(전극 배열 절 참조);58 이렇게 하면 활동을 최적으로 표시하기 위해 사후에 데이터를 다시 포맷할 수 있다(몽타주에 대한 뒷부분 설명 참조). 대뇌피질 신호는 주변 전기 노이즈에 비해 상대적으로 약하기 때문에 뇌전도 검사기에서는 두 전압 신호(관심 전극과 기준 전극)의 차이를 측정하고 상수를 곱하여 출력 신호를 확대하는 차등 증폭기를 사용한다. 감도 설정(앞서 언급한)은 증폭기의 다이내믹 레인지를 제어한다. 차등 증폭기는 두 입력에 공통적으로 발생하는 아티팩트 전기 전위를 최소화하는 유용한 기능이 있으며, 이를 공통 모드 제거라고 한다.53 이러한 일반적인 아티팩트에는 조명이나 배선에 의해 생성되는 필드와 같은 녹음 환경의 노이즈가 포함될 수 있다. 그러나 일반적인 피질 신호도 감소할 수 있다는 위험이 있다.55 임피던스(일반적으로 전극 저항, 즉 전극과 조직 사이의 전류 흐름에 대한 저항과 같음)는 공통 모드 제거에 영향을 미치며—이상적으로 임피던스 값이 전극 전체에 걸쳐 균일하게 유지되어야 하고 인의 뇌전도 표준에 따라 5~10 kΩ 미만으로 유지되어야 한다.58,59 국제 협약에 따라 뇌파에서 입력 1이 입력 2보다 더 음수이면 결과 파형이 상향 편향을 보인다.53 마찬가지로, 이러한 차등 증폭기에 대한 입력 배선은 양극성 몽타주에서 위상 반전 시각적 특징의 원인이 된다(몽타주에 대한 뒷부분 설명 참조). 차등 증폭의 결과는 어떤 채널도 단일 전극 위치에서만 피질 신호를 표시하지 않으며—표시되는 것은 항상 두 개의 전극 채널의 차이이다.55\n샘플링 주파수\n뇌전도 신호를 디지털화하는 데 영향을 주는 마지막 인자는 샘플링 주파수이다. 연속 — 시간 아날로그 신호의 이산 — 시간 디지털화에는 시간에 따른 특정 비율로 데이터 값을 기록하는 작업이 포함된다. 샘플링 주파수가 너무 낮으면 원래 아날로그 신호를 잘못 표현하게 되는데, 이는 나이퀴스트 정리에 의해 설명되는 개념이다.53 아날로그 생체 신호를 충실하게 재현하려면 샘플링 주파수가 관심 있는 최고 주파수의 최소 두 배 이상이어야 한다.53 이 최소값조차도 데이터의 주파수 내용만 보존할 뿐이며, 파형을 합리적으로 재현하려면 관심 있는 최고 주파수의 5배에서 샘플링해야 할 수 있다.53 앞서 언급했듯이 두피 뇌전도 신호의 범위는 최대 약 70 Hz이므로 샘플링 주파수는 일반적으로 250~500 Hz 사이이다.53,59 이것이 없으면 에일리어싱 오류(aliasing error)라고 하는 신호의 왜곡이 기록에 발생한다.53\n뇌전도를 기록하는 방법\n가정에서 뇌전도를 기록했다는 보고는 드물기 때문에 수의사의 감독하에 동물병원에서 기록하는 것이 가장 일반적이다.60 깨어 있는 상태에서의 기록 기술을 사용하면 심장병 환자의 24시간 홀터 모니터링과 유사한 방식으로 반려견이 가족과 함께 집에 있는 동안에도 뇌파를 기록할 수 있다. 인의 소아 외래 환자에게 사용되는 유형의 외래용 뇌파 기계가 필요하며, 이상적으로는 비디오 동기화 기능이 통합된 것이 좋다.61 그림 7.2는 무선 뇌전도 시스템을 착용한 개를 보여준다.\n전극 배열\n뇌전도의 첫 번째 단계는 측정과정이다. 이 과정에는 두피에 전극을 부착하고 뇌전도 기계에 배선을 연결하는 작업이 포함된다. 전극의 위치와 수와 관련하여 몇 가지 의문이 존재한다. 개나 고양이를 위한 검증된 표준 전극 배치 프로토콜은 아직 없다.1,2,62 검증된 표준의 주요 이점 중 하나는 환자와 병원 간의 기록을 비교할 수 있다는 것이다.\n인의의 경우 국제 10~20 표준을 사용하여 전극을 배치한다.63-65 여기에는 두개골의 만져지는 뼈의 랜드마크 사이를 측정하고 그리고 그 거리의 10% 또는 20%에 해당하는 지정된 지점에 전극을 배치한다. 위치는 예를 들어 F3, Cz 또는 O2로 명명된다. 이러한 전극에 대한 유사한 명명법은 일반적으로 수의학 전극 배열에서 따르며, 왼쪽은 홀수, 오른쪽은 짝수, Z는 중간선을 가리킨다.1,4,66 이니셜 대문자는 전극이 위치할 것으로 생각되는 대뇌 부위를 나타낸다, 예를 들어, 전두엽은 F, 중앙은 C 또는 후두엽은 O. 수의학용에서 가장 큰 전극 배열은 일반적으로 약 13~15개의 전극과 접지 및 레퍼런스를 배치한다.1,4,66 그림 7.3은 하나의 배열 회로도(a, b)와 개에서 어떻게 보이는지(c)를 보여준다. 원래 전극 배열은 두 개에 접지 및 레퍼런스가 추가됐다.67,68 일부 수의학 뇌전도 검사자들은 더 오래된 더 작은 5채널(접지 및 레퍼런스 포함) 프로토콜을 계속 사용한다.69 이와 관련하여 수의학 문헌에는 더 오래된 명명법도 존재한다: 예시 전극은 RF와 LO로, 오른쪽과 왼쪽은 각각 R과 L로 지정되며, F 또는 O는 각각 전두엽과 후두엽을 나타낸다. 이 프로토콜에서 V는 Cz에 해당하는 정점 전극을 나타내는 데 사용될 수 있다.\n앞서 설명한 바와 같이, 더 많은 전극을 사용할수록 대뇌 활동 영역을 더 정확하게 정의할 수 있다.58 전위의 피질 기원을 입증하려면 전위가 진원지에서 멀어질수록 신호의 진폭이 낮아지는 적절한 기울기와 함께 전계 전체에서 전극으로 감지할 수 있음을 보여줄 수 있는 것이 이상적이다. 충분히 큰 머리의 경우, 감지 가능한 시간 지연이 있을 수 있으며, 피크는 더 먼 전극에서 나중에 나타난다. 전극 프로토콜이 제한적인 경우, 예: RF, LF, RO, LO 및 V의 5개 전극과 같이 제한된 전극 프로토콜에서는 신호의 공간 분해능이 조악하기 때문에 수면 과도 상태와 간헐적 방전을 구별하기 어려울 수 있다. 제한된 전극 프로토콜은 뇌전증 발작 진단이 아닌 수면 연구의 일부로 뇌전도를 수행하는 경우에는 문제가 되지 않을 수 있다.70 마지막으로, 제한된 전극 프로토콜은 해석에 도움이 되는 데이터의 사후 재포맷 가능성을 심각하게 제한한다. 제한된 전극 프로토콜의 장점은 측정 속도가 빠르다는 점이다.\n전극 유형\n배치할 전극의 수와 위치를 결정했으면 다음 단계는 환자에게 전극을 부착하는 방법이다. 이는 선택한 전극의 유형에 따라 달라진다. 전극은 절연 와이어를 통해 단자 끝(기계에 꽂기 위해)에 연결된 금속 접촉면으로 구성된다. 수의학에서 일반적으로 사용되는 전극에는 두 가지 유형이 있다:\n피부 표면 전극\n바늘 또는 피하 와이어 전극71\n피부 표면 전극은 비침습적이며 맨피부(면도한 피부)에 부착하거나 붙이는 방식으로, 전극 페이스트 또는 젤을 중간 전도체로 사용한다. 악어 클립, 심전도(ECG) 스티커 전극 또는 전도성 젤을 다시 채우기 위한 구멍이 있는 덜 일반적인 금속성 얕은 컵(골드컵) 등이 주로 전극으로 사용된다. 표면 디스크 전극은 인의에서 일상적으로 사용되는 전극이다.59 비침습적인 빠른 부착 및 제거가 가능하다는 장점이 있다. 이러한 유형의 전극에 대한 우려 사항으로는 주기적인 전도성 젤 유지 관리의 필요성, 국소적 근전도(EMG) 아티팩트, 접촉 손실, 움직임 아티팩트 등이 있다.72,73 또한 이러한 전극은 진보된 영상 기법과 호환되지 않아 컴퓨터 단층 촬영(CT)과 자기 공명 영상(MRI) 아티팩트를 모두 생성할 수 있다.74\n바늘 또는 피하 와이어 전극은 일반적인 최소 침습 전극으로, 후자는 피하 바늘 기기를 사용하여 피부 아래에 삽입하는 반면 전자는 삽입과 전극 기능을 하나의 바늘 끝으로 결합한 것이다. 두 가지 유형 모두 삽입 지점의 피부에 테이프를 붙여 제자리에 고정해야 한다. 바늘 전극은 수의학에서 가장 일반적으로 사용되는 뇌전도 전극이다.71 피부나 털을 준비할 필요 없이 빠르고 쉽게 부착할 수 있고, 움직이거나 미끄러질 가능성이 적다는 장점이 있다. 신경 영상 비호환성은 표면 전극과 유사하며74 인의에서는 권장되지 않는다.58 피하 와이어 전극은 영상 호환성이라는 특별한 이점이 있지만 고정하지 않으면 쉽게 탈락하고 인의에서 삽입의 최대 40%에서 국소 출혈을 유발할 수 있다.75\n골드 컵과 바늘 및 피하 와이어 전극을 임상적으로 비교한 결과, 세 가지 모두 하루 8시간 동안 기록하는 동안 비슷한 기능을 하는 것으로 나타났다.76 이러한 모든 전극 유형은 접착 테이프 또는 접착 붕대를 사용하여 추가로 고정하는 것이 좋다. 특히 효과적인 두 가지 접착제 재료는 수술 부위에 사용되는 투명 접착 방수 필름 드레싱과 산화 아연 직물 테이프이다. 각 전극을 배치할 때 접착 테이프로 부착하면 다른 전극이 부착되는 동안 전극이 떨어지지 않는 데 도움이 된다. 하지만, 머리 전체에 스티커 밴드를 사용하기 전에 전극 임피던스를 확인하는 것을 기억해라; 이는 뇌전도 기계 소프트웨어 제어판에서 제공하는 기능이다. 단일 채널에서 임피던스가 매우 높으면(>20 kΩ) 전극, 환자에 대한 부착, 기계와의 연결이 온전한지 확인해야 하며, 전극을 완전히 교체해야 할 수도 있다. 모든 채널에서 매우 높은 임피던스는 레퍼런스 및 접지 전극을 점검해야 한다. Wrapping이 완료된 후 다시 임피던스를 확인하고, 레코딩이 진행되는 동안 간헐적으로 그리고 마지막으로 완료 시점에 다시 한번 임피던스를 확인한다. 이는 전극이 wrapping layer 아래에서도 전극이 여전히 작동하고 있는지 확인하는 한 가지 방법이다.\n측정\n일반적으로 마취되거나 진정된 환자는 덜 꿈틀거리기 때문에 측정이 더 빠르지만, 5마리 중 1마리 정도는 신체적 구속과 긍정적 강화만으로 계측이 가능하다(비디오 7.1 참조).4 마취나 진정제를 사용하여 측정을 한다고 해서 진단 성공 가능성이 줄어드는 것은 아니다.77 전극이 제자리에 장착되면 필요에 따라 접착식 밴드와 엘리자베스 칼라를 사용하여 전극과 리드를 추가로 보호할 수 있다. 때로는 적을수록 좋지만, 긁힘을 유발할 수 있는 전선이 귀 근처에 늘어져 있는 경우가 많으므로 피하라. 전극 임피던스를 확인하는 것을 잊지 말아야 한다. 케이블은 장력 고리를 사용하여 목 주위의 자가 접착 붕대에 고정해야 하며; 목줄 산책 시 전극 리드에 원치 않는 장력을 최소화하기 위해 목줄이나 하네스에 부착하지 않도록 한다.\n뇌전도 기기는 무선 또는 유선으로 사용할 수 있다. 무선 레코딩의 장점은 환자가 장소와 환경에 구애받지 않고 자유롭고 자연스럽게 행동할 수 있다는 점이다. 이는 수 미터 길이의 케이블을 사용하는 유선 장비에서도 어느 정도 달성할 수 있지만, 정맥주사 라인에서 발생할 수 있는 엉킴의 위험이 따른다. 일부 무선 장비는 데이터를 베이스 스테이션 디스플레이로 라이브 스트리밍할 수 있다. 이 기능은 간호사 스테이션이나 신경과 사무실에 베이스 스테이션을 설치할 수 있는 중환자실의 환자 또는 특정 트리거 활동 중에 관심 있는 이벤트가 발생하는 현장 작업에 유용할 수 있다. 또 다른 유용한 기능은 인터넷을 통한 원격 액세스로, 중환자실에서 제기된 질문이나 우려 사항을 대기 중인 수의사가 집에서 볼 수 있다.\n환자 보정\n뇌전도 기록은 전통적으로 전신 마취 또는 진정제를 투여한 환자를 대상으로 수행되어 왔지만, 이제는 완전히 깨어 있는 환자를 성공적으로 기록하는 것도 가능하다.4,67,76 뇌전도 기록에 이상이 없다고 해서 뇌전증 발작이나 행동 이벤트를 배제할 수 없으므로, 깨어 있는 상태에서의 기록은 관심 있는 행동 이벤트를 포착하는 데 도움이 될 수 있다. 또한 깨어 있는 상태에서의 기록은 환자에게 유발 요인이 있는 경우 이를 제시할 수 있는 기회를 제공한다. 반대로 진정제나 마취 상태에서 기록하면 특히 근육 마비가 유발된 경우 깨어 있는 상태에서 기록하는 동안 발생하는 생리적 인공물이 확실히 줄어든다.78\n활성화 기술\n환자-특이 트리거를 유발하는 것를 활성화라고 한다. 여러 가지 다른 활성화 방법이 있다. 인의의 경우 자발적 수면, 항경련제 금단증상(ASD), 과호흡, 간헐적 광자극(IPS) 등이 활성화 방법으로 사용되고 있다.79 활성화 기술은 생리적 파형을 향상시키거나 뇌전증성 발작 방전을 유발하여 뇌전도의 진단 성공 가능성을 높이는 데 사용된다.53\n인의에서, 수면 박탈(sleep deprivation)은 특발성 대발작의 진단에는 도움이 되지만 국소발작에는 도움이 되지 않다.80 수면 박탈은 정상 수면 패턴의 절반 시간만 허용하는 것을 포함하며,59 이는 뇌전도 검사 중 주기를 벗어난 수면과 더불어 수면 불안정성을 증가시켜 뇌전증성 방전을 유발한다.81-84 수면 박탈이 사람과 다른 수면 패턴을 가진 개와 고양이의 뇌파에 어떤 영향을 미칠 수 있는지는 아직 밝혀지지 않았다. 인의의 경우 수면 박탈로 인해 수면이 유도될 수 있는 반면,80 개의 경우 깨어 있는 상태에서 보호자가 스마트폰 등에 주의를 집중하게 함으로써 자발적인 수면이 유도될 수 있다. 조명을 낮추고 반려견에게 편안한 휴식 공간을 제공하는 것만큼이나 조용한 방이나 달리기가 도움이 된다. \n페노티아진과 같은 일부 약물은 개의 뇌전도에 활성화 효과를 줄 수 있다.71,76 ASD 약물의 단약은 수의학에서 거의 수행되지 않는다.85 과호흡은 전신 마취하에 호흡을 제어하면서 기록할 때만 수의학 뇌전도에서 수행할 수 있다.78,86,87 수면 중이거나 눈을 감고 있는 피험자는 광에 덜 민감할 수 있으므로, 인의에서 IPS를 수행할 때는 피험자가 깨어 있는 상태에서 실시하는 것이 좋다.88 과호흡과 IPS 모두에 대한 비정상적인 반응은 뇌전증성 발작성 방전(epileptogenic paroxysmal discharge)을 유발하며, 이러한 방전에 대해서는 뒤에 나와있다. 광과민성 대발작 환자에서 광발작 반응을 유도한다는 것은 IPS가 뇌전도에서 뇌전증 발작(부전, 근간대성 또는 강직성 간대성)을 유발하는 뇌전증 유발 패턴을 초래한다는 의미이다.89 수의학 문헌에서 IPS는 전신 마취 또는 진정제와 함께 환자를 억제하는 데 사용된다.78,86,87,90 소동물 뇌전증 증후군의 진단에서 IPS의 역할은 체계적으로 연구되지 않았기 때문에 로디지안 리지백의 소아 근간대성 뇌전증 외에 특정 광과민성 뇌전증 증후군은 아직 확인되지 않았다.90\n다른 데이터 수집\n생체기록법에는 심전도, 안전도(EOG), 근전도 등 다른 생체 신호의 기록이 포함된다. 이러한 신호를 기록하는 것은 두 가지 이유로 유용하다. 첫째, 뇌전도의 생리적 아티팩트를 식별하는 데 도움이 된다. 둘째, 특히 수면 연구 중에 행동 상태에 대한 정보를 제공한다. 따라서 가능하면 뇌전도와 동시에 다른 생체 신호를 기록하는 것이 유리하다. 뇌전도의 심전도 아티팩트의 예가 그림 7.4에 제시되어 있다.\n뇌전도 중 동시 비디오 녹화는 관심 있는 에피소드를 확인하거나 에피소드의 신체적 증상을 특성화하거나 행동 상태와 뇌파 데이터의 상관관계를 파악하는 측면에서 추가적인 이점을 제공한다.4,5,61,91-93 성인의 경우, 비디오 뇌전도의 진단 수득률은 66~69%이다.94 소아과에서는 최대 70%의 유사한 진단 수득율이 얻어지기도 했다.91,95 비디오 뇌전도를 시행하지 않은 개에서 시행한 경우의 진단 수득률은 72%로 비슷하다.4\n모든 뇌전도 시스템 및 소프트웨어 패키지에 동기화된 비디오를 캡처하고 검토할 수 있는 기능이 내장되어 있는 것은 아니다. 현재 사용 중인 시스템에서 비디오 뇌전도를 사용할 수 없는 경우에도 비디오는 수동 동기화에 도움이 되는 타임스탬프가 있는 경우 매우 유용하다. 휴대폰 카메라를 사용한 간단한 비디오 녹화는 기호학을 평가할 때 사건의 순서를 명확하게 하는 데 도움이 될 수 있다. 신체 증상이 시작된 위치가 확실하지 않은 경우 카메라의 초점을 얼굴에 맞춘다. 예를 들어 수면 관련 장애를 진단하기 위해 수면 연구를 수행하는 경우 카메라의 시야에 전신이 들어오도록 한다. 비디오 동기화를 확인하려면 비디오 녹화 중에 리드를 분리했다가 다시 연결하는 등 모든 기록에서 비디오 뇌전도 아티팩트를 생성하는 것이 좋다.\n뇌전도 기록 시 필요한 그 외의 고려 사항\n깨어 있는 상태에서 기록하는 경우, 활성화 기술을 시도하기 전에 각성, 졸음, 수면의 모든 단계가 기록에 포함되도록 해야한다. 이는 특히 트리거가 예를 들어 공을 쫓거나 줄다리기를 하는 경우 장비가 느슨해질 수 있으므로 특히 유용하다. 전신 마취 또는 진정제 하에서 최적의 기록 시간은 아직 수의 뇌전증학에서 결정되지 않았다. 깨어 있는 상태에서 녹화할 경우, 반려견의 95%가 4.5시간 이내에 적어도 한 가지 이상의 이상 증상을 보이는 것으로 나타났다.77\n모든 의료 절차와 마찬가지로 기록에는 환자 세부 정보, 신호, 날짜 및 시간을 기록해야 한다. 동물 병원에서는 인의 의료용 기계를 사용할 가능성이 높으므로 일반적으로 설정 중에 기계의 캡처 소프트웨어가 이러한 정보를 캡처한다. 또한 환자가 녹화 전과 녹화 중에 투여받은 약물에 유의하라: 마취 및 진정에 사용되는 약물뿐만 아니라 만성 약물. 이렇게 하면 검토자가 약물이 검사 결과에 영향을 미치는지 판단하는 데 도움이 된다.\n마지막으로, 녹화하는 동안 핸들러가 있는 경우 핸들러를 활용한다. 대부분의 기계는 레코딩 중에 코멘트와 환자 파생 이벤트 마커를 만들 수 있다. 이러한 마커는 특수 버튼 또는 특정 키 입력을 통해 만들 수 있다. 이러한 마커와 관심 있는 이벤트에 대한 목격자의 코멘트는 기록 내에서 디지털 북마크처럼 이동할 수 있으므로 검토 프로세스의 속도를 높이는 데 도움이 된다. 이벤트 마커의 트리거를 비디오로 녹화하는 것은 시스템에서 비디오와 뇌전도 기록의 동기화를 정기적으로 확인하는 방법이기도 하다.\n뇌전도의 판독\n뇌전도 판독용 소프트웨어가 뇌전도 기록 소프트웨어에 번들로 제공되거나 제공되지 않을 수 있다. 프리웨어 도구부터 여러 장비 제조업체의 기록에 액세스할 수 있는 의료용 프로그램까지 다양한 독립 검토 소프트웨어 프로그램을 사용할 수 있다. 여러 플랫폼에서 내보낼 수 있는 유니버설 뇌전도 데이터 파일 형식인 유럽 데이터 형식(EDF)이 있다. 전극 임피던스 값과 같은 일부 주석과 변수는 제대로 전송되지 않을 수 있지만, 기본 신호는 일반적으로 액세스할 수 있다. 평가 소프트웨어는 일반적으로 워크스페이스 수의사가 정성적 또는 정량적 평가를 선택할 수 있다.\n정량적 평가\n정량적 평가는 뇌전도 데이터에 수학을 적용하여 기록의 일부를 평가하고 분석하는 것을 포함한다. 이를 통해 푸리에 변환을 통해 도출된 주파수별 전력 또는 반구 간 일관성과 같은 변수의 추세를 파악할 수 있다. 스펙트럼 분석으로 알려진 이러한 유형의 뇌전도 분석은 연구 또는 마취 및 중환자실 환경에서 가장 일반적으로 사용된다.36,96 뇌전도 평가 소프트웨어에는 일반적으로 몇 가지 기본적인 정량적 평가 도구가 제공되며, 일부 플랫폼은 다른 플랫폼보다 더 많은 옵션을 제공한다.\n파워 스펙트럼에서 가장 자주 파생되는 정량적 변수로는 스펙트럼 에지 주파수(F95), 중앙값 주파수 F50, 그리고 총 전력이다. 패스트 푸리에 변환은 일반적으로 데이터를 시간 영역에서 주파수 영역으로 전송하는 데 사용된다. 이렇게 하면 신호가 구성 요소 주파수와 해당 주파수의 전력, 즉 조사된 기간의 신호에 기여하는 정도에 따라 분류되어 해당 기간의 전력 스펙트럼이 생성된다.97 또 다른 유사한 기법은 시간에 따른 데이터의 변화를 히트 맵 또는 스펙트로그램으로 표시하여,97 뇌전도의 추세를 시각화할 수 있다. 마지막으로, 파형 분석은 짧은 신호 또는 갑작스러운 시작/오프셋이 있는 신호를 식별하는 데 유용하다; 여기에는 아티팩트, 스파이크, 샤프 웨이브가 포함된다.97\n정성적(시각적) 평가\n정성적 또는 시각적 평가에는 특정 전극에 대한 시간 경과에 따른 전위 차이의 플롯을 검사하는 것이 포함된다. 이 작업은 일반적으로 전문가 검토자가 수행하지만, 아티팩트를 제거하고 뇌전증 유발 패턴을 식별하는 독점 알고리즘도 존재한다. 이러한 알고리즘은 아직 수의학 뇌전증에 사용하도록 검증되지 않았다. 일부 소프트웨어 옵션에 번들로 제공되는 독점 알고리즘에는 스파이크 또는 발작 감지기가 포함된다.\n이런 알고리즘은 인의 뇌전증학에서 신경 전문의가 검토할 이벤트를 표시하는 데 사용된다. 이러한 방식으로 관심 영역을 강조 표시하여 녹화를 검토하는 데 필요한 시간을 줄이는 데 도움이 될 수 있다. 이러한 알고리즘은 아직 작은 동물에서 검증되지 않았다.\n몽타주\n화면에 표시될 때 전극(PAIR)의 파생 또는 채널 배열을 몽타주라고 한다.50,53,98 몽타주에는 두 가지 유형이 있다: 참조 및 바이폴라. 두 가지 유형의 몽타주는 동일한 데이터의 두 개의 뷰를 통해 피질 전위의 3차원적 정신 이미지(three-dimensional mental image)를 구성하는 데 도움이 되므로, 척추의 두 개의 뷰 방사선 사진을 찍어 탈구 여부를 평가하는 것과 유사하게 뇌전도를 시각적으로 분석할 때 사용된다. 비디오 7.2는 진폭이 크고 지속 시간이 짧은 이벤트가 참조 몽타주보다 바이폴라 몽타주에서 시각적으로 더 잘 포착될 수 있는 방법을 보여준다.\n평가 소프트웨어에서 실시간으로 생성되는 사용자 지정 참조 또는 바이폴라 몽타주는 관심 있는 이상 징후에 초점을 맞추는 데 도움이 될 수 있다. 페어 채널 몽타주(예: F3-Ref, F4-Ref, C3-Ref, C4-Ref 등)는 대뇌 반구 대칭을 강조하는 데 도움이 되지만 해부학적 구조가 왜곡될 수 있다. 페어 그룹 몽타주는 좌측 및 우측 전두엽과 같은 상동 뇌 영역의 그룹 채널을 함께 배치한다, 해부학적으로 약간의 왜곡이 있지만 대칭적인 느낌을 준다. 전극이 해부학적으로 인접한 순서(예, 앞쪽에서 뒤쪽, 왼쪽에서 오른쪽 또는 원주 방향)로 배치된 페어되지 않은 몽타주는 해부학적 왜곡이 가장 적지만 대뇌 반구 비대칭을 포착하는 데는 최악의 시각적 디스플레이를 제공한다. 다행히도 디지털 뇌전도 기기와 평가 소프트웨어를 사용하면 사후에 다시 몽타주하는 과정이 간단하다. 페어된 몽타주와 페어되지 않은 몽타주 간의 시각적 차이는 눈에 띄는데, 이 그림은 안구 움직임을 사용하여 서로 다른 채널 그룹화의 효과를 강조한다.\n참조 몽타주\n참조 몽타주는 계산형 또는 실제형 등 여러 가지 형태로 제공된다. 일반적인 평균 참조 몽타주는 배열의 일부 또는 전체 전극을 사용하여 평균 전위를 계산한다. 그런 다음 이 평균 전위를 기준 전극으로 사용한다. 더 복잡한 버전은 라플라시안 몽타주이며, 각 전극에 대한 기준은 인접한 전극의 가중 평균이다. 이 몽타주는 국부적인 전압 피크 영역을 강조하는 동시에 광범위하게 분산된 활동은 강조하지 않는다. 가장 간단한 방법은 각 채널에 동일한 기준 전극이 있는 공통 참조 몽타주이다. 이상적으로, 이 전극은 신체의 전기적으로 비활성 상태인 부위에 배치하여 비교 대상인 다른 전극과 동일한 피질 신호를 감지할 위험을 최소화하는 것이 가장 이상적이다.50 참조 몽타주에서 뇌전증 유발 패턴은 극성에 따라 음의 상향 편향으로 나타난다.53 최대 음극은 전위의 근원에 가장 가까운 전극을 나타낸다. 필드 극성을 명확하게 결정하는 것 외에도 참조 몽타주의 장점은 뇌전도 패턴의 왜곡을 최소화하고 광범위하거나 복잡한 필드를 명확하게 특성화할 수 있다는 점이다. 하지만 신체에 전기적으로 중성인 지점이 없기 때문에 모든 기록 상황에 최적화된 단일 기준 전극은 없다. 예를 들어, 피질 소스 위에 기준 전극을 배치하면 해당 신호는 기준 전극뿐만 아니라 현장의 인접 전극에서도 감지된다, 즉, 참조 몽타주의 차등 증폭기에 의해 신호가 최소화된다.50 액티브 레퍼런스 또는 논제로 레퍼런스라고 하는 이러한 한계는 디지털 레코딩에서 사후에 다시 몽타주할 수 있는 기능을 통해 어느 정도 완화할 수 있다. 이러한 원치 않는 효과를 줄이는 가장 좋은 방법은 기록 시점에 하는 것이므로, 관찰하는 뇌전도 검사자는 최상의 기록을 생성하기 위해 필요에 따라 기록 중에 참조를 재조정(새로운 참조 전극 위치로 전환)해야 한다.\n바이폴라 몽타주\n바이폴라 몽타주에는 모든 채널에 공통된 전극이 없다. 따라서 아티팩트로 오염된 기준 전극의 영향을 최소화할 수 있는 이점이 있다. 일반적으로 바이폴라 채널은 동일한 라인(또는 체인)에 있는 전극의 인접 채널이 공통 전극을 갖도록 연결된다.50 이러한 방식으로 한 채널의 기준 전극이 다음 채널의 탐색 전극이 된다. 이러한 전극 체인은 일반적으로 해부학적인 방식 예를 들어 등쪽에서 꼬리 쪽으로(세로, “이중 바나나”라고도 하는 몽타주), 가로 또는 원주 방향으로 디스플레이에 구성된다. 이러한 해부학적 조직은 체인 평면에서 전극 간의 공간적 관계를 보존하므로 세로 바이폴라 몽타주는 예를 들어 시상면 보기를 표시한다. 비디오 7.2에 표시된 바이폴라 몽타주는 세로(위쪽 절반)와 가로(아래쪽 절반)의 조합이다. 바이폴라 몽타주는 뇌전증 유발 전위의 근원에 가장 가까운 전극에서 파생된 두 채널이 도구적 위상 반전으로 알려진 시각적 특징을 나타내기 때문에 유용하다(비디오 7.2. 참조).50 기존의 수의학 전극 배열은 여전히 정확성과 정밀도에 대한 확인이 필요하므로 기록 간에 소스 전극을 비교할 때는 주의해야 한다.99 바이폴라 몽타주의 또 다른 한계는 몽타주 구성의 결과로 발생하는 “체인 끝” 현상이다. 눈길을 끄는 위상 반전 기능은 공통 전극을 가진 인접한 두 채널에 의존하기 때문에 체인의 마지막 채널에서는 최대 진폭이 발생하는 대신 이 기능이 발생하지 않는다. 해결책은 평가 중에 여러 바이폴라 몽타주를 사용하여 체인 끝에서 발생하는 피크 전압을 간과하지 않도록 하는 것이다.\n필터, 감도, 시간 척도 설정\n소프트웨어 작업 공간에 대한 초기 몽타주를 선택했으면 다음 단계는 필터, 감도 및 시간 척도 설정을 다시 확인하는 것이다. 원본 뇌전도 데이터에 필터를 적용하여 시각화를 개선할 수 있다. 예를 들어 50 또는 60 Hz로 설정된 노치 필터는 표시된 신호에서 주전원 아티팩트를 제거한다. 마찬가지로 고역 통과 필터를 사용하면 설정 포인트보다 높은 주파수를 볼 수 있다(저주파를 걸러내므로 저주파 필터라고도 함). 반대로 저역 통과 필터는 설정값보다 높은 주파수를 제거하면서 낮은 주파수는 통과시켜 볼 수 있도록 한다(고주파 필터라고도 함). 일반적으로 이러한 필터는 처음에 1~70 Hz 사이의 일반적인 뇌전도 대역폭에 맞게 설정되며 필요에 따라 조정할 수 있다. 마찬가지로, 초기 감도 설정은 7 μV/mm로 시작하는 것이 좋다.\n필터는 주전원 아티팩트를 제거하는 것 외에도 여러 가지 용도로 사용할 수 있다. 고주파 필터를 낮추면 근육 아티팩트를 최소화하는 데 도움이 된다. 스파이크 또는 날카로운 파동(나중에 설명)과 같은 뇌전증 유발 전위가 둥글어지게 되는데, 이 역시 노치 필터 사용의 결과이다. 또한 근육 아티팩트는 스파이크나 날카로운 파동 또는 베타 활동과 더 쉽게 혼동될 수 있다. 저주파 필터를 높이면 큰 저속파에 의해 “숨겨진” 패턴을 가리는 데 도움이 될 수 있지만 비정상적인 델타 밴드 활동의 진폭도 감소한다. 필터에는 다른 제한 사항도 있다. 소프트웨어에 나열된 사용 가능한 필터 주파수는 제조업체에서 미리 결정한다. 또한 이러한 필터는 나열된 주파수 스펙트럼을 정사각형 가장자리로 깔끔하게 잘라내지 않는다. 대신 주파수 스펙트럼에 미치는 영향은 기하급수적으로 감소한다.97 이러한 필터는 진폭을 30% 감소시키는 주파수인 컷오프에서 이름을 따서 명명됐다. 예를 들어, 35 Hz의 고주파 필터는 35 Hz에서 진폭을 30% 감소시킨다. 빠른 활동은 훨씬 더 많이 감소하거나 제거되며 느린 활동은 약간 감소하거나 영향을 받지 않는다. 필터의 이름은 주파수 응답 곡선의 감쇠(또는 상승)를 나타내는 표현인 시간 상수를 기준으로 지정할 수도 있다. 시간 상수는 차단 주파수에 반비례한다:\n따라서 0.16초의 저주파 필터 시간 상수는 1 Hz의 저주파 필터 컷오프와 동일하다. 평가 소프트웨어는 필터 설정 조작을 위해 하나 또는 다른 변수를 제공할 수 있다.\n시간 설정값은 화면에 표시되는 시간인 X축 표시를 제어한다. 일반적으로 1초 단위의 단색 세로선이 표시되며, 200밀리초 마커와 같이 더 작은 단위로 표시되는 경우도 있다. 시간을 분 단위로 설정하면 활동 및 생각(mentation) 상태에 대한 전반적인 인상을 줄 수 있지만 피질 수준의 이벤트를 식별하기에는 너무 거칠어진다. 시간을 1초로 설정하면 데이터를 픽셀화하고 피질 이벤트를 부드럽게 처리할 수 있지만 관심 있는 이벤트 사이의 지연을 식별할 수 있다. 화면에 8~10초의 초기 시간 설정이 적당하며, 세부적인 검사나 상황에 따라 필요에 따라 확대 또는 축소할 수 있다. “용지 속도”를 사용하면 재생을 위한 X축을 제어할 수 있으며, 제조업체는 소프트웨어 내에서 mm/s 단위로 여러 용지 속도를 제공한다. 슬로우 모션 재생은 관심 있는 이벤트의 순서를 파악하는 데 적합하며, 빨리 감기는 행동의 맥락을 파악하는 데 유용하다.\n평가 소프트웨어에서 필터 또는 기타 변수를 다시 적용하거나 조정해도 데이터는 변경되지 않는다. 데이터가 화면에 표시되는 방식만 변경된다. 다시 말해, 이러한 변수를 가지고 놀아도 오염된 기준 전극으로 만든 레코딩을 수정하는 데는 한계가 있다. 아티팩트를 제거하는 가장 좋은 방법은 레코딩 프로세스 중에 소스에서 수정하는 것이다.\n아티팩트\n아티팩트는 생리적 및 비생리적 두 가지 범주로 나눌 수 있다.97 비생리적 아티팩트는 주전원 아티팩트와 같은 환경 또는 전극 팝 아티팩트와 같은 기기에서 발생한다. 생리적 아티팩트는 심장, 눈, 근육 등 신체의 전기적 활동과 긁기, 헐떡거림, 핥기 등의 전신 움직임의 다른 소스에서 비롯된다. 평가 소프트웨어에서 제공하는 자동 아티팩트 감지기는 관심 있는 시기를 강조하는 데 도움이 될 수 있지만, 아직 모든 종에 대해 100% 정확하지는 않으므로 주의해야 한다.100 따라서 원본 레코딩의 육안 검사를 권장한다.\n머릿속에서 아티팩트를 생성하는 두 가지 주요 원인은 눈과 혀이다. 각 기관은 피질에서 유래한 dipole보다 몇 배나 큰 매우 큰 dipole를 형성한다. 눈은 각막에 양극성 dipole 끝이 있고 혀는 혀끝에 음극성 dipole 끝이 있다. 눈의 움직임은 뇌전도에서 상당히 알아볼 수 있는 움직임 아티팩트를 생성할 수 있으며, 특히 눈의 움직임이 수평일 때 더욱 그렇다. 옆 광대뼈에 인접한 광골궁에 전극이 있는 경우, 수평으로 눈을 움직이면 dipole 끝이 한쪽 전극을 향하고 다른 쪽 전극에서 똑같이 멀어진다. 따라서 이 두 전극은 위상이 완벽하게 맞지 않는 동일한 반대 편향을 표시한다. 그림 7.5와 7.6은 서로 다르게 구성된 몽타주에서 볼 때 이러한 편향을 보여준다(몽타주 섹션 참조).\n심전도 아티팩트를 가장 잘 식별하는 방법은 관심 있는 뇌전도 파형을 동시 심전도 기록과 비교하여 비교하면 가장 잘 식별할 수 있다. 근전도 아티팩트는 고주파 끝에서 뇌전도 대역폭과 겹치며 간헐적이거나 연속적일 수 있다. 국소 리도카인 크림은 이러한 유형의 아티팩트를 감소시키지 않는 것으로 보이지만, 깨어 있는 상태에서 기록하는 경우 리도카인을 피하 또는 근육 주사로 주사하면 EMG 신호를 줄이는 데 효과적일 수 있다. 다시 말하지만, 진정제나 전신 마취를 통해 기록하면 일시적인 고진폭 활동으로 나타나는 큰 움직임 아티팩트를 줄이는 데 도움이 될 수 있다. 그러나 운동 이벤트가 피질 이벤트보다 최대 50밀리초까지 지연되기 때문에 뇌전증 발작 활동에 의해 생성된 움직임이 피질 발병에 대한 뇌파 기록을 반드시 가리는 것은 아니다.101,102\n정상 뇌전도 소견\n아티팩트를 인식하는 것 외에도 환자의 나이, 성별, 각성 상태를 고려해야 뇌파 이상을 식별할 수 있다. 이는 이러한 환자별 변수가 배경 활동과 일시적 파형의 존재에 영향을 미칠 수 있기 때문이다. 배경은 패턴을 구분하는 기준이 되는 뇌전도 활동이다. 배경(background)은 일반적으로 진폭과 우세 주파수로 설명되며, 이는 의식 상태와 관련이 있다(표 7.1 참조). 배경은 일반적으로 진폭과 우세 주파수로 설명되며, 이는 의식 상태와 관련이 있다(표 7.1 참조). 배경에 나타나는 파형을 과도현상 또는 패록시즘(paroxysms)이라고 하며, 후자의 용어는 일반적으로 뇌전증 및 발작 패턴을 지칭하는 데 사용된다.\n대부분의 연령 효과는 생애 초기에 발생한다. 뇌전도 배경은 출생부터 성인이 될 때까지 예측 가능한 방식으로 변화한다. 이러한 변화를 인식하면 아주 어린 동물의 뇌전도를 평가하는 데 도움이 된다. 개는 생후 1세가 되면 성숙한 뇌전도 패턴에 도달한다.68,103-105 처음에 진폭은 생후 7주까지 증가하다가 그 이후에는 감소한다. 배경 주파수는 전체적으로 꾸준히 증가한다. 수면 패턴은 생후 2주 정도에 나타나며 생후 16주경에 성인처럼 보인다. \n과도현상\n경계 상태 의존성 과도현상(state-dependent transients)의 예로는 알파 리듬, 수면 스핀들, 수직파, K 복합체 등이 있다.53 알파 리듬은 이완된 깨어 있는 동안, 일반적으로 후두부에서 최대 진폭으로 발생한다. 이 8~13 Hz 리듬은 시각적 주의에 의해 차단되거나 감쇠되므로 눈을 감은 상태에서 가장 잘 보인다. 수면 상태에서는 앞서 언급한 다른 세 가지 과도 현상이 발생한다.\n수면은 급속 안구 운동(REM)과 비렘수면 단계로 분류된다. 비렘수면은 세 단계로 더 세분화할 수 있다는 것이 학계의 공통된 견해이다: N1, N2, N3.107,108 인의가 아닌 수면 연구에서는 일반적으로 비렘수면과 서파 수면의 두 단계로 구분하는 느슨한 수면 분류가 있는데, 이는 인의의 수면 단계와 직접적으로 일치하지는 않는다.17,70,109 깨어 있는 상태는 고주파, 저전압 또는 진폭(HFLV)의 배경을 가진 뇌파에서 특징적으로 나타나는 반면, 개의 졸음은 저주파, 고전압(LFHV)의 배경을 가진 눈의 움직임이 적고 근육의 긴장도가 감소하지만 없는 것은 아니다. 이 개들은 누워있지만 쉽게 깨어날 수 있으며, 눈은 부분적으로 또는 완전히 감고 있을 수 있다. 서파 수면(slow-wave sleep)은 주로 델타파가 주를 이루며 개를 깨우기가 더 어렵다. 개의 렘수면은 사람과 매우 유사하다 — 개는 누운 자세를 유지하지만, 전신 무력증이 있는 동안 빠른 안구 운동이 발생하는 HFLV 배경 활동의 복귀가 있다. 비디오 7.5는 입양 이후 격렬한 수면 움직임의 병력이 있는 1세 골든 리트리버의 렘수면 행동 장애(RBD) 사례를 보여 준다. 렘수면이 시작될 때 근육 아티팩트가 없는 HFLV 배경에서 안구 움직임이 나타나는 것이 특징이다. 그러나 일련의 안구 운동 중간에 후지를 갑자기 걷어차고 이후 근육(EMG) 아티팩트가 나타난다. 렘수면 중 움직임이 동시에 시작되는 것이 RBD의 특징이다.19,20\n개의 졸음/수면 배경에서 정점파(vertex waves)가 보일 수 있다(사람의 경우 N1 단계). V파 또는 정점 급전 과도현상(vertex sharp transients)이라고도 하는 이 파형은 자발적이거나 일반적으로 정점에서 가장 높은 진폭을 가진 감각 자극에 의해 유발되므로 이름이 붙여졌다. 이 파동은 지속 시간이 0.5초 미만인 양방향 동기식 날카로운 윤곽의 음파이다. K 콤플렉스는 V파와 유사하지만 더 길고(>0.5초), 큰 양의 성분이 뒤따르며 이상파 또는 삼상파이다. 중앙 채널에서 최대 진폭을 가지며 종종 수면 스핀들과 관련이 있으며, 이 두 가지 과도 현상은 모두 인의의 N2 수면 중에 발생한다. 수면 스핀들(sleep spindles)은 알파 밴드와 겹치는 시그마 밴드라고 할 수 있는 9~16 Hz 주파수의 리듬 대칭 파동 그룹이다. 좋았다가 악화됐다가 하면서 채널에 스핀들 모양을 형성하기 때문에 스핀들이라고 부른다. 인의의 서파 지속 시간은 일반적으로 ≥0.5초이다. 다른 수면 과도 현상과 마찬가지로 최대 진폭은 중앙(정점) 영역에 걸쳐 있다. 스핀들은 0.5초 이상 지속되는 최소 4개의 위상을 가진 파동 그룹인 버스트의 일종이다. 그림 7.8에는 세 가지 수면 과도 현상이 모두 나와 있다. 스핀들 주파수와 분당 버스트(밀도)는 개의 나이와 성별에 영향을 받는 것으로 보이며, 온전한 노령 암컷이 고주파 스핀들 밀도가 가장 높은 것으로 나타났다.24 또한 저주파 스핀들 밀도는 인의와 개 모두 연령과 관련하여 연령과 관련된 인지 기능 저하와 관련이 있다.25\n정상적인 배경, 과도 현상 및 아티팩트에 대한 충분한 이해가 이루어졌다면, 다음 단계는 비정상적인 뇌전도 결과를 판독할 수 있어야 한다. 이러한 이상 소견은 임상적으로 비특이적 이상 또는 특이적 이상으로 분류된다. 비특이적 뇌전도 이상은 행동 상태와 일치하지 않는 배경 활성화의 둔화(slowing of the background activity), 종종 델타 밴드의 둔화를 포함한다. 이러한 현상이 국소적이고 지속적이라면 국소 뇌 병변을 고려해야 한다. 국소 간헐적 초점 둔화(델타)는 뇌전증에서 볼 수 있다. 확산 둔화는 다양한 원인의 뇌병증과 관련이 있거나 진정제 약물에 의해 유발될 수 있다. 대사성 뇌병증은 또한 뇌전증성 스파이크와 구별하기 어려운 삼상파를 나타낼 수 있다(나중에 설명). 삼상파는 의식 수준이 변화된 환자(깨어 있는 상태가 아닌)에게서 나타나는 음-양-음 극성의 날카로운 윤곽을 보인다. 삼상파를 볼 수 있는 대표적인 예는 간성 뇌병증이다. 삼상파는 주파수에 따라 전형적인 스파이크파 뇌전증 유발 패턴과 구별된다; 삼상파는 2.5 Hz보다 빠른 경우는 거의 없다.55 비정형 스파이크파 복합체와 구별하기 위해 삼상파는 뇌전증 유발 스파이크파 열차처럼 시간이 지남에 따라 정형화된 진화를 거의 보이지 않는다는 점을 고려해야 한다.55\n주기적 방전(periodic discharges; PDs)은 거의 규칙적인 간격으로 반복되는 비특이적인 비교적 균일한 파형이다.55 일반적으로 — 일반적, 측면화 또는 양측 독립적인 — 분포로 설명되며 반드시 발작에만 국한되는 것은 아니다. 예를 들어 외상, 출혈, 허혈, 뇌염, 지속성 뇌전증 도중 또는 후, 대사성 뇌병증, 저체온증으로 인한 뇌 손상 후에 PD가 나타날 수 있다. 예후 정보는 제공하지 않지만 뇌 손상의 정도와 관련이 있는 경향이 있다.\n특이적 뇌전도 이상은 뇌전증성 및 발작성 뇌파 이상으로, 갑작스럽게 시작하여 빠르게 최대치에 도달한 후 똑같이 갑작스럽게 종료되는 뇌파 이상이다. 발작중 뇌전증파 또는 발작간 뇌전증파일 수 있다. 세 가지 기본 요소가 있다: 스파이크, 급격한 파동, 스파이크-(또는 급격한 파동-)-과 -느린-파동 복합체. 이 모든 요소는 단독으로 또는 발작성 그룹으로 발생할 수 있다. 스파이크(spikes) 또는 급격 파동(sharp waves)은 거의 항상 음수이며 지속 시간으로 구분되는데, 스파이크는 20~70밀리초, 급격 파동은 70~200밀리초 지속된다.53 다음의 음의 느린 파동은 과분극을 나타낸다(GABA-b 매개 전류).110 이러한 증상이 단독으로 또는 명백한 임상 증상이 없는 소그룹으로 발생하는 경우 발작간 뇌전증양파(interictal epileptiform discharges; IEDs)로 간주할 수 있다. 그러나 이러한 뇌전증은 일관되고 지속적으로 관찰되어야 한다. 사람의 경우 국소 IEDs는 두정엽 또는 후두엽 뇌전증보다는 측두엽 또는 전두엽 뇌전증과 더 관련이 있다. 비디오 7.2 및 7.3에서 국소 IEDs로 인한 양측 독립 스파이크의 예를 확인하라. 광범위한 IEDs는 일반적으로 스파이크 파, 다발성 스파이크 파 또는 다발성 스파이크 방전이다. 새로 발작을 일으킨 사람의 약 50%가 IEDs를 보이지만,111 정상인의 1~13%도 IEDs를 보인다(대발작을 가진 1등급이 있는 비뇌전증 환자의 경우 더 높다). 셰틀랜드 시프도그의 가족성 자발성 뇌전증112 및 일본의 고양이113와 두개강 내 뇌전도가 지속되는 소수의 개를 제외하고는 일반적으로 작은 동물의 뇌전증에서 IEDs에 관한 정보는 아직 설명되지 않았다.43-45,114\n반면에 발작중 뇌전증양파는 임상 증상인 발작을 동반한다. 이러한 방전은 시공간적으로 진화53를 보이는데, 이는 인위적으로 개방기(~1초), 파형과 주파수를 결정하기 가장 쉬운 안정화기(이후 3초), 그 후 주파수가 느려지고 형태가 변화하는 말기(최종 3초)로 나뉘어 종료된다.115 초기 단계는 안정화 단계보다 더 빠르거나 불규칙한 스파이크파 주파수로 비대칭적이고 비동기적일 수 있다. 말기 단계는 갑작스러운 종료 또는 짧은 리듬 또는 불규칙한 저속 파 또는 때로는 초점 또는 단편적인 스파이크가 특징이다. 그림 7.9는 개에서 전신 간대성 발작의 진행 과정을 보여준다.\n임상적으로 식별하기 가장 어려운 발작은 비운동성 부분 발작 또는 결여 발작이다. 3~5 Hz의 일반화된 스파이크파 패턴은 전형적인 결여, 근간대성 부전, 눈꺼풀 근간대성 부전 및 기타 대발작에서 볼 수 있다.89 인의의 결여발작(human absence seizures)은 쉽게 졸음, 과호흡 및 IPS.116에 의해 유발된다. 발작간 뇌전증양파는 또한 스파이크 파형의 형태이지만 일반적으로 더 짧고 단편적일 수 있다; 6초보다 길면 의식이 변화하는 것으로 생각된다.116 개에서 관찰되는 결여발작은 3~5 Hz의 주파수 범위를 가지며 근육간대경련을 동반할 수도 있고 동반하지 않을 수도 있다; 매우 미묘할 수 있으며 행동 정지만으로는 평가하기 어려운 경우가 있다.5,8,90 인간의 비정형 결여 발작은 더 느린 스파이크 파 방출과 관련이 있다.116 비디오 7.6~7.8은 진정제나 다른 약물 없이 기록된 개의 부재 발작 뇌파를 보여준다. 비디오 7.6에서는 저혈당증을 앓고 있는 12세 카발리어 킹 찰스 스패니얼이 행동 정지가 나타나며, 약 12초 동안 안구 움직임이 멈추고 3 Hz의 불규칙한 스파이크파 패턴을 보인다. 동영상 7.7은 6살짜리 파우더퍼프 차이니즈 크레스트 개가 머리의 진폭이 낮고 수직으로 “예” 근육간대경련 운동을 하는 모습을 보여 주며, 이는 일반적인 4~5 Hz 스파이크파의 약 6초 트레인에 시간적으로 고정되어 있다. 근육(근전도) 아티팩트는 특히 중앙 및 후방 정중선 채널에서 뚜렷하게 나타난다. 비디오 7.8은 5개월 된 혼합종 개가 빠른 눈 깜박임, 고개 흔들기, 일시적인 조정 불능 또는 서지 못하는 증상을 보이는 것을 보여준다. 이 시기에는 각각 약 2초간 지속되는 3~4 Hz 스파이크 파 복합체의 두 가지 에피소드가 나타난다. 개는 왼쪽 흉부에 턱을 얹은 흉골 횡와자세를 취하고 있다. 첫 번째 에피소드 동안 왼쪽 전지가 턱 아래에서 옆으로 미끄러진다. 두 번째 에피소드에서는 스파이크 파 콤플렉스에 맞춰 코가 리드미컬하게 경련하는 것을 볼 수 있다. 비디오 7.6~7.8의 경우, 근육 및 움직임 아티팩트가 관찰되지만 진단을 내리는 데 방해가 되지 않는다.\n개와 고양이에게 나타나는 다른 일반적인 발작중 패턴은 폴리스파이크(polyspike) 또는 폴리스파이크와 느린파 복합체(polyspike-and-slow-wave complexes)이다. 그림 7.10은 8세 래브라도 리트리버에서 영상 및 뇌척수액 소견이 원인 불명의 뇌수막염과 일치하는 비경련성 뇌전증지속증의 폴리스파이크 패턴을 보여준다. 이 상태 동안 폴리스파이크 주파수는 7~15 Hz 범위였으며, 형태와 진폭의 변화도 관찰되었다. 이 기간 동안 개는 누워 있었고 반응하지 않았다.\n폴리스파이크와 느린파 복합체는 근육간대경련(근육간대경련이 초기 임상 증상인 경우)에서 흔히 나타나며, 국소발작에서는 드물게 나타난다. 이들은 종종 IPS에 의해 활성화된다. 이 복합체는 일련의 반복적인 스파이크에 이은 서파로 구성된다. 주파수가 증가하는 전신성 폴리스파이크 패턴(강직기)이 전신성 스파이크 파동(간대기)에 선행하는 전신성 강직-간대성 발작과 마찬가지로, 이들은 조합하여 발생할 수 있다. 발작 후 억제(진폭이 현저히 감소하는 기간)가 종종 뒤따른다. 비디오 7.9는 간성 뇌병증을 앓고 있는 6세 닥스훈트의 전신성 간대성 발작을 보여준다. 이 시기는 전신 마취에서 회복된 후 촬영되며, 뇌전도는 추가 진정제나 마취제 없이 기록된다. 이 기록에는 두 가지 기술 항목이 있다. 첫째, 파형의 변화를 보여주기 위해 페이지당 15초를 표시하도록 타임스케일을 늘렸다. 둘째, 환자의 머리 크기 때문에 제한된 9채널 전극 어레이(따라서 몽타주)가 사용되었는데, 그러나 보류된 전극이 정중선과 중앙 영역에 있기 때문에 발병의 필드와 기울기를 보기에는 여전히 충분했다. 발작은 약 3.5분간 지속되며, 리드미컬한 폴리스파이크 분비물이 눈에 보이는 간헐성경련보다 몇 초 앞서 나타난다. 발작이 중반에 이르면 형태가 스파이크파 복합체로 발전한다. 말기 단계는 복합체의 불규칙성과 주기성이 더 큰 것으로 표시된다.\n국소발작의 발작중 뇌전도는 대발작의 패턴과 유사한 다양한 패턴과 시공간적 진화를 보여준다.89 초기 리듬은 진폭이 증가하면서 주파수가 느려진다. 무증상 국소발작은 명백한 신체적 또는 행동적 증상이 나타나지 않는다. 인의의 국소발작은 발병 부위의 공간적 분포가 제한적이기 때문에 두피 뇌전도가 완전히 정상일 수 있다.89 국소발작중 방전이 기록될 때, 측면화 또는 국소화가 잘 되지 않거나, 진폭이 미미하거나, 발병 부위에 걸쳐 국소 리듬 활동을 보일 수 있으며, 이는 모두 전파된 발작의 공간적 분포에 따라 달라질 수 있다. 이러한 경우에도 운동 활동성 아티팩트가 피질 신호를 가릴 수 있다. 양측성 강직-간대성 발작으로 발전하는 국소발작은 두피에서 국소 신호가 감지되는지 여부에 따라 비디오 뇌전도 검사로도 실제 전신성 강직-간대성 발작과 구별하기 어려울 수 있다. 이러한 경우, 부분 IEDs가 발작중 방전보다 발병 부위를 파악하는 데 더 도움이 될 수 있다(비디오 7.2 및 7.3 참조).\n혼수 상태에서 비정상적인 뇌전도 패턴은 반응이 없는 환자의 신체 상태와 일치하는 불변성과 반응성 부족으로 특징지어진다. 감각 자극에 대한 배경 주파수의 변화는 상대적인 피질 무결성을 나타내며, 이는 긍정적으로 볼 수 있다. 이러한 배경 패턴은 우세한 주파수의 이름을 따서 명명되는데, 예를 들어 알파 혼수 상태 또는 세타 혼수 상태로 명명되며, 혼수의 졸림으로부터 둔화 혼수까지 혼수의 깊이에 관련이 있다.117 혼수 상태가 이러한 질환의 증상일 수 있으므로 이 섹션의 앞부분에서 언급한 주기적 방전 및 삼상파도 나타날 수 있다.\n버스트 억제(burst suppression)는 버스트 스파이크, 폴리스파이크 또는 급격한 파동으로 구성된 모호한 패턴으로, 기록의 50% 이상을 차지하는 매우 낮은 진폭의 중간 시기로 구성된다.53 이 패턴은 중증 미만성 뇌병증으로 인한 혼수 상태의 가장 깊은 단계에서 볼 수 있지만, 예를 들어 프로포폴 마취 또는 바비튜레이트계 마취제 투여 시 같은 약물에 의해서도 나타날 수 있다. 마취 및 앞서 언급된 뇌 기능의 중환자실 모니터에 사용되는 지수는 버스트 및 억제 간격을 사용하여 계산된다. 그림 7.11은 8세 래브라도 리트리버의 뇌전증지속증 치료를 위해 20 mg/kg의 페노바비탈을 정맥으로 투여한 후의 발작 억제 정도를 보여준다. 오른쪽 Y축은 진폭을 나타내며, 각 채널의 가장 왼쪽에서 측정한 값이다.\n마지막으로, 대뇌 비활동성(electrocerebral inactivity; ECI)은 진폭이 2 μV 미만인 뇌전도로 정의된다. 이 뇌전도는 오래된 용어를 사용하여 “등전성” 또는 “평면”이라고 할 수 있다.26,53 일반 용어로는 종종 “뇌사”와 동일시된다. 대뇌 비활동성 상태는 머리 전체에 걸쳐 대뇌 피질의 식별 가능한 전기적 활동이 없음을 나타낸다.53 이는 자연적으로 발생하거나 약제에 의해 유발될 수 있다. ECI 진단을 위해서는 다음을 수행해야 한다. 감도를 최대 2 μV/mm로 조정하여 저전압 뇌파와 구별하고, 광범위한 범위를 커버하기 위해 머리에 충분한 전극을 배치하고, 패턴이 변하지 않도록 충분한 시간 동안 기록하여(강도 높은 감각 자극), 전기 활동이 없는 인위적인 원인을 배제한다.26 확실하지 않은 경우, 다음 날 다시 기록해 보는 것이 좋다.\n뇌전도의 보고양식\n모든 동물 병원의 검진보고서는 기본 요건을 준수해야 한다. 여기에는 환자정보, 복용 중인 약물, 뇌전도 검사 요청 이유와 같은 기본자료가 포함되어야 한다. 뇌전도 검사신청서에는 과거 병력 및 진단 검사 외에도 관심 있는 이벤트에 대한 설명과 해당 이벤트의 비디오기록이 포함되어야 검토자가 뇌전도의 이상 이벤트를 보다 쉽게 발견할 수 있다.\n보고서에는 기록에 대한 사실적 설명과 결과에 대한 임상적 해석이 포함된 표준 형식이 있어야 한다. 임상적 해석은 결과를 요약하는 것 외에도 뇌전도 검사가 요청된 임상적 질문을 고려해야 한다. 뇌전도를 전문으로 하지 않는 수의사 팀원도 이해할 수 있도록 전문 용어는 해석에서 피해야 한다.\n기록지에는 주파수, 진폭, 파형, 국소화, 뇌전도 현상의 양과 변동성 등을 정확하게 기록해야 한다.53,59 대표적인 이미지(예: 화면 캡처)가 누락되어서는 안 된다. 이상적으로는 기록을 다시 확인할 필요가 없을 정도로 설명이 명확하고 간단해야 한다.\n뇌전도 기록에서 정상 소견을 보여도 뇌전증을 완전히 배제할 수 없다는 사실도 인식하고 있어야 한다. 인의의 경우, 민감도는 첫 번째 기록에서 50%이며 두 번째 기록에서는 80%까지 상승한다.118 또한, 국소발작의 뇌파 상관관계는 발병 시기가 매우 제한적일 수 있으며 두피 뇌전도에서는 놓칠 수 있다.89 반대로, 뇌파 이상이 있는 정상 개와 고양이의 비율은 알 수 없으므로 열정을 억제하고 뇌전도를 과도하게 해석하는 것을 피할 필요가 있다. 예를 들어, 정상 뇌전도 기록에서 IED로 의심되는 파형이 하나만 발견되었다고 해서 뇌전증을 진단하는 것은 신중해야 한다. 뇌전도 소견을 전체 임상 상황과 연관시키는 것이 중요하며, 이는 주치 수의사의 책임이다. 발작중 및 발작간의 심각도 또는 빈도의 변화를 객관적으로 확인하기 위해, 반복적인 뇌전도 검사를 표준 검사로 사용하는 것이 좋다.\n기타 뇌전도 교육 리소스\n뇌전도와 관련된 표준과 프로토콜을 발표하는 국제 학회가 많이 있다. 대부분의 프로토콜은 사람에서 올바른 뇌전도 기록 방법을 다루고 있다. 수의용 프로토콜은 국제 수의 뇌전증 태스크포스(IVETF)와 미국 수의과대학 내과학회에서 발표한 바 있다.2,62,119-124 국제 뇌전증 방지 연맹(ILAE)에서 발표한 동물의 기록에 대한 한 가지 표준이 있으며, 이는 실험실 기반 뇌전증 연구에 사용되는 일반적인 동물 모델에 중점을 두고 있다.97 ILAE는 포괄적인 업데이트와 용어집을 제공한다.7,53 국제 임상 신경생리학 협회(IFCN)는 다른 신경 진단 검사를 포함하여 약간 더 광범위한 내용을 다루고 있다.65,125\nILAE는 전 세계 지역별로 지부 및 컨퍼런스가 있는 포괄적인 조직이다. 미국의 해당 조직은 미국 뇌전증 학회(AES)로, 임상보다 더 중점을 둔 연례 컨퍼런스를 개최한다. 미국 임상 신경생리학 학회(ACNS)는 최소한의 기술적 요건을 다루는 유용한 가이드라인을 발표한다.26,58,64,98,126-132 캐나다에서는 캐나다임상신경생리학회(CSCN)는 표준과 용어를 검토하고 의사를 인증하기도 한다.59,88 유용한 정보를 제공하는 기타 글로벌 학회 웹사이트 또는 간행물에는 미국 전기신경진단기술자협회(ASET), 미국신경학아카데미(AAN), 국립뇌전증센터협회(NAEC), 캐나다전기신경생리학기술자협회(CAET) 및 국립보건및의료우수성연구소(NICE)가 포함된다.\n추가 온라인 리소스로는 코크란 데이터베이스 및 국립생명공학센터정보센터(NCBI) 서가 등이 있다. 수의학 정보 네트워크(VIN)는 수의학 컨퍼런스와 수의신경학 및 신경외과 저널에 발표된 유용한 자료를 보관하고 있다.\n\n\n"
}