{
    "title": "개와 고양이의 실전 뇌전증 관리",
    "author": "현창백 역",
    "publisher": "(주)범문에듀케이션",
    "department": "내과",
    "disease": "14\n조니사마이드(ZNS)\nZonisamide\n조니사마이드(ZNS)는 비교적 최근에 개발된 ASD (antiseizure drug) 약물 중 하나로, 미국에서는 2000년에 인의용으로 허가되었으며, 유럽(Zonegran®)에서는 2005년에 허가되었다. 하지만 ZNS는 1972년에 처음으로 합성되어 1989년부터 일본에서는 ASD 약물로 사용되어 왔다. 따라서 ZNS는 일본의 수의사들 사이에서는 충분하지 못한 임상 자료에도 불구하고 인기 있는 ASD 약물로 널리 알려져 있었다. ZNS는 benzisoxazole을 기본 골격으로 하는 합성 설폰아미드 화합물(1,2-benzisoxazole-3-methanesulfonamide)이다. 인의학에서 ZNS는 비교적 광범위한 뇌전증성 발작증에 적용되고 있으며, 성인에서는 전신 뇌전증 발작으로 진행되거나 되지 않는 국소 뇌전증 발작을 치료하기 위한 단일요법으로 사용되고 있다. 또한 성인과 어린아이에서 모든 유형의 전신 발작증에 단일 요법 또는 보조요법으로 사용되고 있다. 수의 분야에서는 미국이나 유럽 등지에서 개의 뇌전증 치료를 위한 제2선 또는 제 3선의 ASD 약물로 간주되고 있지만, 일본에서는 개의 뇌전증 치료의 제1선 ASD 약물로 사용되고 있다. ZNS의 사용상 특징은 다음과 같다:\n페노바르비탈(PB) 또는 포타슘 브로마이드(KBr)와 비교했을 때, 안정 상태 농도에 도달하는 시간이 더 짧다(5~7일).\nPB 및 KBr과 다른 기전의 약물로 PB와 KBr이 억제 작용을 항진시키는 효과를 보인다면, ZNS는 흥분작용을 억제하는 효과를 보인다.\n효소 방출을 유도하지 않는다(비록 효소 유도제의 영향을 받을 수 있지만).\n다른 신약들이 하루 3회 이상의 투약법이 필요한 반면 ZNS는 하루 2회 투약법으로 충분하다.\n이에 대한 자세한 이유는 아랫부분에 자세히 설명되어 있다.\n최근 사람에서는 ZNS가 파킨슨병, 본태성 근진전, 일부 정신 질환과 및 비만증 치료 같은 여러 가지 질병의 치료를 위해 그 사용영역이 확대되고 있다. 따라서 앞으로 수의 분야에서도 그 사용 영역이 확대될 것으로 기대하고 있다.\n작용 기전\nZNS의 작용 기전은 완전히 밝혀지지 않았다. 그러나 그 항뇌전증 효과는 주로 T형 칼슘 채널과 전압 의존성 나트륨 채널 억제에 기인한다고 생각되고 있다. 이 이온 채널을 억제하면 neuronal hypersynchronization이 억압된다. 따라서 ZNS는 세포의 과흥분성을 억제하는 ASD 약물 그룹에 속한다. 그렇기 때문에 ZNS는 억제작용을 강화시키는 작용 기전을 가지고 있는 PB, KBr, imepitoin (IMP)과 같은 다른 ASD 약물로 분류된다. 하지만 ZNS 또한 일부 억제효과를 강화시키는 작용을 가지고 있다. ZNS는 γ-아미노뷰티릭산(GABA)A 수용체에 알로스테릭적으로 결합하여 기능을 증가시키고, glutamate transporter (수송체)를 상승시키고 GABA 수송체를 감소시킴으로써 시냅스 간에 glutamate 감소시키고 GABA를 증가시킨다. 또한 ZNS는 free-radical scavenger로 작용하여 신경 보호 효과를 발휘한다. 위에서 언급한 항뇌전증 효과 외에도, ZNS는 모노아민산화효소(MAO) B 효소를 억제하여 도파민의 합성과 방출을 증가시키고, δ1 글루타메이트 수용체의 기능을 강화시킨다. 이러한 기전들이 ZNS의 항파킨슨증 및 신경 보호 효과를 발휘한다고 생각되고 있다. ZNS의 항근진전 효과는 T형 칼슘 채널 억제로 인한 것으로 여겨지고 있다. 마지막으로, ZNS는 acetazolamide보다 100~1000배 더 약한 탄산수화효소 활성 억제제로 작용한다. 요약하면, ZNS는 여러가지 작용 기전을 가지고 있으며, 그 항뇌전증 효과는 주로 신경흥분작용을 억제하여 발휘되지만, 추가로 억제작용을 강화시키는 작용때문에 항뇌전증, 항파킨슨증, 항근진전 및 신경 보호 효과가 발휘된다.\n약동학\n분포 및 단백 결합\n경구 투여 후 ZNS는 위장관을 통해 빠르게 혈류로 흡수된다. 개에서 약물의 경구 생체이용율과 단백 결합율은 각각 약 70%와 40%이다. ZNS는 적혈구(RBC)에 높은 친화성을 가지며 적혈구에 축적된다. 이로 인해 혈청, 혈장 및 RBC 또는 전혈의 ZNS 농도는 서로 다르다. 혈청과 혈장 시료내 약물 농도와 약동학적 지표에는 큰 차이가 없다. 하지만 ZNS의 혈청 및 혈장에서의 최고 농도는 RBC 및 전혈보다 현저히 낮으며, 반감기(t1/2) 역시 혈청과 혈장 시료가 RBC 및 전혈 시료보다 짧다. 쥐에서 방사성 동위원소로 표지된 ZNS를 이용하여 약물의 분포를 평가했을 때, 대부분의 조직에서 혈장 농도와 유사하게 관찰되었지만, 간과 신장에서 약간 더 높은 농도로 분포되어 있었다. ZNS는 지질막과 blood-brain barrier를 효과적으로 투과하며, 쥐를 대상으로 한 연구에서 ZNS가 혈장보다 중추 신경계에 더 오래 남아있는 것으로 관찰되었다.\n대사 및 배설\n개에서 ZNS는 투여 후 72시간 이내에 주로 소변으로 배설된다(83%), 나머지 부분(17%)은 대변으로 배설된다. 소변으로 배설되는 ZNS의 약 70%가 대사되어 있다(다시 말해, ZNS의 약 10%가 변하지 않고 소변으로 배설된다). 사람에서 ZNS는 N-acetyl ZNS로 아세틸화되거나 2-sulfamoylacetyl phenol로 환원되며, 주로 간에서 cytochrome P450 (CYP) isozyme 3A4에 의해 대사된다. 개에서 ZNS의 대사에 대해 명확히 밝혀진 바는 없지만, 동시에 PB를 투여할 경우 ZNS의 배설이 용이해진다는 점에서 사람과 유사한 것으로 생각된다. 이에 대한 임상적 의미는 나중에 약물 상호작용 부분에서 설명될 예정이다. ZNS는 사람이나 개에서 간 효소를 유도하지 않는다. 또한, 개와 고양이가 N-acetylation이나 glucuronidation의 결핍이 있어서 종 간 대사의 차이를 유발하는 것 같으며, 이로 인해 축종 간 약동학적 지표에 차이가 있다.\n임상 약동학\nZNS는 적혈구에 높은 친화성을 가지고 있지만, 적혈구 내에서의 흡수와 제거는 비선형적으로 이루어지므로 일반적으로 수의사는 혈청(또는 혈장)에서 농도를 측정해야 한다. 개와 고양이에서 일회성으로 경구 투여된 10 mg/kg의 ZNS에 대한 연구를 통해 얻은 약동학적 지표값은 표 14.1에 나와 있다. 이러한 데이터와 ZNS의 만성 투여에 관한 약동학적 연구 결과 9-15를 토대로, 개에서 ZNS의 최고 농도 도달 시간(Tmax), 반감기(t1/2) 및 안정 상태 도달 시간은 각각 약 3~6시간, 15시간, 5일로 생각된다. 다행히도, 투여된 ZNS 용량과 안정 상태 농도에는 선형 관계가 있으므로, 이 정보를 사용하여 주어진 용량으로 얻을 수 있는 혈청 또는 혈장 농도를 예측할 수 있다. 음식과 함께 ZNS를 투여하면 약동학적 지표가 어느 정도 연장되지만, 개에서는 이 연장이 임상적 의미를 가지지 않는 것으로 보고되어 있다.\n효능\n임상 시험들을 통해 ZNS의 단일요법 및 부가요법으로서의 효능이 입증되었다.16-19\nZNS는 다양한 유형의 뇌전증 발작증에 대해 효과가 있었으며, 안전성도 우수하였다.16-19 이 약물에 대한 연구결과는 주로 일본어로 발표되었지만, 영어로된 리뷰도 발표되어있다. 이러한 연구 결과를 바탕으로 일본 수의신경학회에서는 ZNS를 성인 환자의 국소 발작성 뇌전증에 대한 제1선 치료제로 사용하기를 권고하고 있으며, 전신 토닉-클로닉 발작을 보이는 뇌전증에 대한 제2선 치료제로 사용하기를 권고하고 있다.\n일본에서는 ZNS가 개의 뇌전증에 대한 제1선 치료제로 사용되고 있고, Consave® 또는 Epiless®라는 상표명으로 시장에 나와 있다. 이 약물은 2015년에 특발성 뇌전증이 있는 개의 치료를 위해 사용 승인을 받았다. 또한, 일본에서는 structural epilepsy와 같은 다른 원인의 뇌전증 발작의 치료를 위해 수의사의 재량으로 ZNS를 사용하고 있다. 현재, ZNS는 북미나 유럽에서 개와 고양이에 대한 사용을 허가받지 않았으며, 일반적으로 제 2선 또는 제 3선의 ASD 약물로 사용되고 있다. ZNS의 임상 효능을 평가하고 입증한 연구결과는 제한적이며, 그마저도 소규모 케이스 시리즈이거나 사례 보고 수준이다.\nZNS의 단일요법은 새롭게 특발성 뇌전증으로 진단내려진 63마리의 개를 대상으로 한 두 연구에서 그 효능이 평가되었다. Chung 등은 전신 발작을 보이는 뇌전증이 있는 10마리의 개에서 ZNS의 임상연구 결과를 보고하였다. 개들은 5~15 mg/kg, q12h로 ZNS를 투여받았다. 6마리(60%)의 개는 ZNS 투여 전 월간 발작 빈도와 비교하여 월간 발작 빈도가 50% 이상 감소하였으며, 추적 기간은 12~36개월이었다.22 이 중 4마리의 개는 더 이상 발작 증상을 보이지 않았다. Nomura 등은 특발성 뇌전증이 있는 53마리의 개에서 ZNS의 단일요법의 임상시험 결과를 보고하였다. 개들은 2.7~14.4 mg/kg, q12h의 ZNS를 투여받았으며, 12주 동안 상태를 추적하였다. 40마리(76%)의 개는 치료 전 대비 발작 빈도가 50% 이상 감소하였으며, 이 중 29마리(55%)의 개는 발작 증상을 더 이상 보이지 않았다.\nZNS의 보조요법으로 효능을 확인하기 위한 두번의 임상시험이 실시된 적 있고, 이 연구에서는 PB 1/2 다른 ASD 약물에 내성을 보이는 22마리의 뇌전증 환견이 사용되었다. 이 개들 중 대다수가 전신 발작을 보이는 상태였다. ZNS의 보조요법 치료로 인해 발작 빈도가 투약 전 대비 50% 이상 감소한 개는 58~80%이며, 추적 기간(8~71주; 평균 24.6주) 동안 발작이 없었던 개는 17~20%였다.24,25 Dewey 등의 연구에서는 PB 1/2 KBr 1/2 다른 ASD 약물로 충분한 치료를 받았지만 발작을 제어할 수 없었던 12마리를 사용하였다. 이 환견들에게 5~11 mg/kg, q12h의 ZNS를 투여하여 혈중 약물 농도가 약 10~40 μg/mL이 되도록 조절하였다. 7마리(58%)의 개는 ZNS 투여 전 대비 발작 빈도가 50% 이상 감소하였으며, 추적 기간은 8~71주였다. 이 중 2마리의 개는 발작 증상이 더 이상 나타나지 않았다. von Klopmann 등의 임상시험에서는 PB 1/2 KBr 치료에도 불구하고 증상제어가 어려웠던 뇌전증이 있는 10마리의 개에게 ZNS를 10 mg/kg, q12h를 투여하였다. 이 연구에서 환견들의 월간 발작 빈도는 투약전 대비 50% 이상 감소한 증례가 8마리(80%)였으며, 추적 기간은 4개월이었다. 그러나 이 8마리 중 3마리의 개는 치료 후 10~17개월 후에 발작 증상이 다시 악화되었다. PB나 레베티라세탐(LEV)과 마찬가지로, ZNS도 일부 개체에서 일시적인 최대 효과, “허니문 효과”를 보일 수 있다. 저자 중 한 연구자는 ZNS를 최소 6개월 동안 단일요법 또는 보조요법으로 투여된 개의 진료 기록을 검토하여 치료의 장기적인 영향을 조사하였다. 국제 수의뇌전증 테스크포스(IVETF) 지침에 따라 최소 Tier 1 수준의 신뢰도로 특발성 뇌전증의 진단이 내려졌으며, 이때 모든 개에서 혈청 담즙산과 암모니아의 측정 및 요분석은 이루어지지 않았다. 추가적인 신경계 검사가 일부 개에서 실시되었다: 뇌 MRI(10마리), 뇌척수액 분석(5마리), 뇌파 검사(9마리). 총 31마리의 개 중 추적 기간의 중앙값은 3년 (범위: 6~68개월)이었다. 이 중 24마리(77.4%)의 개에서 유효한 효과가 관찰되었으며(발작 빈도가 기준시점 대비 50% 이상 감소하였으며, 이 패턴이 평가 기간의 2/3 이상 동안 유지된 경우를 말함), 그 중 7마리의 개는 적어도 12개월 동안 발작을 보이지 않았다(발작증상 소실의 비율은 22.6%이였다). 5마리의 개에서 일시적이고 심각하지 않은 부작용이 관찰되었다(일부 연구 결과는 Yoshioka 등의 연구26에서 보고되어 있다).\n미국 수의내과학회(ACVIM)에서 발표된 뇌전증 치료에 관한 가이드라인에서는 효능을 제대로 평가한 임상 연구 자료가 부족하였기 때문에 단일 요법의 경우 낮은 레벨의 추천 약물로 분류되었지만 보조요법(add-on)으로는 중등도 레벨의 추천약물로 분류하였다. 특발성 뇌전증을 가진 개에 대한 치료를 연구한 여러 논문들을 체계적으로 검토한 결과, ZNS의 단일요법이나 보조요법은 사용을 권장하기에는 충분한 증거가 부족하다고 결론내렸다. 개에서 ZNS 효능을 체계적으로 평가한 연구자료는 아직까지 부족하다. 따라서 개에서 ZNS의 효능을 보다 명확하게 입증하기 위해서는 보다 체계적이고 규모가 큰 추가 연구가 필요하다.\n\n임상적 사용\n투여량\n개의 유지 치료로 ZNS의 시작 경구 권장용량은 다음과 같다:\n2.5~5.0 mg/kg, q12h\n또는\nPB와 함께 투여할 경우, 5.0~7.5 mg/kg, q12h\n이 용량은 ZNS을 단일요법으로 치료했던 53마리 특발성 뇌전증 환견에 대한 연구자료를 기반으로 만들어진 것이다. 반응견으로 분류된 개의 90% 이상에 대한 평균 ZNS 용량은 4.8 mg/kg, q12h(범위, 2.7~8.6 mg/kg, q12h)이었으며, 평균 혈중 ZNS 최저농도는 18.9 μg/mL(범위, 8.0~48.0 μg/mL)였다.23 다른 연구에서는 3~7 mg/kg의 비슷한 시작 용량을 추천하고 있다. 심한 발작 이력이 있는 개나 발작이 심할 것으로 예상되는 경우(예: 종양이 있는 개, 두개 내 출혈 등), 저자들은 일반적으로 5 mg/kg 이상의 높은 용량으로 치료를 시작한다. 초기 투여 후, 유지 용량은 발작 증상 제어 상황이나 부작용에 따라 1~4주 간격으로 약 2.5~5.0 mg/kg씩 점진적으로 증량할 수 있으며, 최대 10 mg/kg를 12시간마다 투여할 수 있다.\nZNS가 PB나 다른 간 효소 유도제(hepatic microsomal enzyme inducer)와 동시에 투여되는 경우, 투여량을 높여야 한다. ZNS는 주로 간에서 CYP 효소에 의해 대사된다. PB에 의해 CYP 효소가 유도되기 때문에 PB와 동시에 투여할 경우, ZNS의 청소율이 증가된다. 다른 연구에서는 ZNS 단독 투여 또는 ZNS와 PB의 병용 투여를 받은 개를 대상으로 발작 증상 억제 정도를 ZNS 용량 및 혈중 농도에 초점을 맞추어 후향적으로 평가하였다. ZNS 투여 후 발작 빈도가 감소한 25마리의 개 중, ZNS 단독 투여를 받은 개의 중간값 ZNS 용량은 6 mg/kg, q12h(범위, 3.0~12.3 mg/kg, q12h)였으며, ZNS와 PB를 병용 투여받은 개의 경우, 9 mg/kg, q12h(범위, 8~13.7 mg/kg, q12h)였다. 그러나 평균 혈중 ZNS 농도는 두 그룹 간에 동일하였다(19.7 vs 20.5 μg/mL).35 이 연구의 결과는 PB를 병용 투여하는 경우, ZNS 용량을 약 1.5배 늘려야만 단독 투여 시와 같은 혈중 농도를 얻을 수 있다는 것을 시사하고 있다. 따라서 PB를 투여받는 개에게 ZNS를 치료 계획에 추가할 때는 ZNS 용량을 1.5배 늘려서 투여해야 한다. 다시 말해, 권장 ZNS 시작 용량은 5.0~7.5 mg/kg, q12h이며, 이후의 용량 조절은 혈중 ZNS 농도와 발작 증상 제어 정도에 따라 이루어져야 한다. PB와 병용 투여할 때는 혈중 ZNS 농도와 투여 용량 사이의 상관관계가 좋지 않으므로 주의해야 한다. 필요한 경우, 발작 증상 제어 정도와 부작용에 따라 약 2.5~5.0 mg/kg를 1~4주 간격으로 점진적으로 증량해 볼 수 있으며, ZNS 최소농도가 40 μg/mL에 도달할 때까지 이러한 유지 용량을 늘려 볼 수 있다. 목표 최저농도의 최대치에 도달하면 용량을 더 이상 증가시키지 않아야 한다.\n모니터링\nZNS의 개와 고양이에 대한 혈장내 참고 범위는 확립되지 않았지만, 사람의 참고 범위를 기반으로 종별 약동학 연구가 수행되고 임상적 용법이 설정되어 있다. 또한 이를 근거로 목표 혈중 농도가 제시되어 있다. 개의 경우, 최소 혈청 또는 혈장 ZNS 농도가 10~40 μg/mL, 고양이의 경우, 10~35 μg/mL을 목표 범위로 사용하기를 추천하고 있다. 혈액을 채취할 때 용혈이 발생하지 않도록 주의해야 하며, 용혈된 RBC로 인해 ZNS 농도가 가짜로 높아질 수 있다. 단독 치료로 ZNS를 투여받은 53마리의 개를 대상으로 한 전향적 연구에서 반응자의 90% 이상이 최소 혈장 농도로 18.9 μg/mL(범위, 8.0~48.0 μg/m)를 보였다.23 ZNS 최소 혈청 또는 혈장 농도가 50 μg/mL을 초과하면 부작용의 빈도가 증가하는 경향을 보였다. 따라서 ZNS 최소 혈청 또는 혈장 농도를 10~40 μg/mL 사이로 유지하는 것이 좋다. 개에서는 ZNS의 약동학적 지표는 상당한 개체 차이가 존재하므로, 치료 시작 후 혈청/혈장 농도, 치료 효능 및 부작용의 존재에 따라 개체 맞춤형 최적 용량 설정이 필요할 수 있다.\nZNS를 5~30 mg/kg, q12h 용량으로 투여할 때, 개에서 혈청 또는 혈장 ZNS 농도는 3~5일 후에 균형 상태에 도달한다. 따라서 치료 시작 또는 용량 조절 후 최소 5일 이후에 혈청 또는 혈장 ZNS 농도를 다시 측정해 보아야 한다. 일부 개에서는 ZNS의 최고 및 최소 농도 사이에 상당한 차이가 나타날 수 있다. 일상 모니터링을 위해 혈액 채취는 다음 투여 전에 (최저점) 수행되어야 한다. 개와 고양이에서 ZNS의 임상 모니터링에 유용한 투약 및 약동학적 변수는 표 14.2에 요약되어 있다.\n최소 혈장 ZNS 농도는 개에서 10~60 mg/kg/day 용량 범위에서 투여된 약물의 양과 선형적인(linear) 관계를 보이므로, 약물의 모니터가 다소 용이하다. 투여량 조절은 다음 공식을 사용하여 계산할 수 있다: 새로운 투여량 5 현재 투여량 3 [목표 혈청농도/현재 혈청농도]\n저자들은 ZNS 치료를 시작한 후 약 12주가 경과한 후와 투여량 조정 후에 혈청 ZNS 농도를 측정하고, 이때 환자에서 나타나는 부작용도 평가하고 있으며, 그 이후로는 6~12개월마다 모니터링하고 있다(박스 14.1). 유지 용량은 발작 증상 제어정도, 부작용 및 혈청 농도에 따라 개별적으로 조정되어야 한다. ZNS 투여, 혈중 농도 측정 및 환자 모니터링에 대한 권장사항이 포함된 치료 알고리즘이 그림 14.4에 기술되어 있다.\nACVIM 가이드라인과 IVETF의 의견서에 따르면, 개에서 ZNS 치료 시작 전과 주기적으로 다음과 같은 검사를 권장하고 있고, 이를 통해 발생 가능한 부작용을 모니터링해야 한다고 한다.1,2\nCBC\n간 효소 및 전해질을 포함한 혈청 생화학 검사\n혈액 가스 분석\n혈청 염소 농도가 증가되고 TCO2이 감소되면 개에서 ZNS 투여와 관련되어 발생하는 특이한 세뇨관 산증이 의심되므로 즉각적으로 추가 조사가 이루어져야 한다.\n부작용 및 약물 상호작용\nA형 부작용\nZNS는 개에서 내약성이 우수하다. 대표적인 A형 부작용으로는 식욕 감소, 활동성 감소, 운동 실조, 구토, 설사 및 체중 감소가 보고되어 있다.22-25 이러한 증상은 일반적으로 심하지 않고 일시적이다. ZNS를 보조요법으로 사용한 개의 절반에서 부작용이 보고되었지만, 저자들의 경험에 따르면 ZNS를 단일요법으로 사용할 때 부작용이 훨씬 더 적게 발생하는 것 같다.\n다른 A형 부작용처럼, 이러한 부작용은 용량과 관련이 있다. 이러한 부작용은 일반적으로 치료 시작 후 처음 며칠 동안 나타나며 시간이 지남에 따라 완화된다. 드물게는 부작용을 완화하기 위해 ZNS의 투여량을 감량하거나 중단이 필요할 수 있다. 특히 진정 작용을 유발하는 항경련 치료제와 동시에 ZNS를 투여할 경우, 부작용의 발생과 심각성을 줄이기 위해 목표 용량까지 점진적으로 증량하는 것이 좋을 수 있다. 개의 만성 독성 연구에서 ZNS의 최대 내약 허용량은 30 mg/kg/day로 결정되었으며, 이 용량이 식욕 감소와 같은 경미한 부작용이 나타나기 시작하는 용량이다. 따라서 임상에서 최대 투여 용량의 지침으로 30 mg/kg/day을 사용하고 있다.\n2마리의 개에서 의심되는 급성 이상반응성 간병증의 경우, ZNS 투여시작 후 10~21일에 식욕부진과 구토가 나타났다. 간효소치 상승(특히 현저한 AST 상승)이 관찰되었다. ZNS 중단에도 불구하고 한 마리의 개는 증상이 악화되어 안락사되었으나 다른 개는 ZNS 중단 및 보조 대증 치료 후 회복되었다. ZNS를 1년 동안 투여받은 한 마리의 개에서 담관 증식과 만성 간손상도 보고된 바 있다.\n1마리의 개에서 ZNS 투여 2개월 후 erythema multiforme가 발생한 적 있다. 이 증례의 경우, ZNS 중단 후 3일 내에 상당한 호전이 보였으며 2주 후에는 임상 증상이 완전히 해소되었다. 이 환자의 경우, ZNS에 대한 이상적인 피부 과민성 약물 반응이 가장 가능성이 높은 것으로 보고 있다.\nSulfonamide계 항생제는 뇌전증환, 피부 반응, 건조결막염 및 다발성 관절염을 비롯한 다양한 과민 반응을 유발할 수 있다. ZNS는 sulfonamide와 화학적으로 관련이 있지만, sulfonamide 항생제와 달리 방향족 아민(aromatic amine)을 포함하고 있지 않다. 방향족 아민은 아민 산화물을 생성함으로써 sulfonamide 항생제와 관련된 면역 반응을 유발하는 데 중요한 역할을 한다.\nZNS는 탄산탈수소효소 활성을 억제함으로써 대사성 산증을 유발할 수 있지만, 그 효능은 극히 약하며(아세타졸아마이드의 1/100) 이에 대한 정확한 메커니즘은 아직 알려지지 않았다.47 신장 또는 폐 기능이 저하된 환자는 대사성 산증 발생 위험이 높기 때문에 이 경우, ZNS 사용에 주의가 필요하다.\n장기간의 ZNS 투여는 사람의 약 1%에서 신장 결석을 유발하는 것으로 보고되어 있다. 이 부작용의 정확한 기전은 확실하게 밝혀지지 않았다. ZNS는 신 결석을 앓은 환자에게 금기되지 않지만, 이러한 환자에서는 충분한 수분 섭취를 권장하고, 탄산탈수소효소 억제제(예: topiramate)와 케톤원성 식이(ketogenic diet)를 피해야 한다. 수의학에서 ZNS가 요로결석을 유발하는지는 확실하게 밝혀지지 않았다. 하지만 앞에서 언급한 인의의 추천안에 따라 환견에게 충분한 음수량과 케톤원성 식이 자제를 추천하는 것이 좋다.\n다른 항경련제와 마찬가지로 ZNS는 행동 변화를 유발할 수 있다. 특정 용량의 ZNS 투여와 관련하여 1마리의 개에서 공격적인 행동 증세가 보고되었으나 투여된 용량은 보고되지 않았다. 증세는 ZNS 중단 후 7일 이내에 완전히 회복되었다.\n"
}