{
    "title": "개와 고양이의 실전 뇌전증 관리",
    "author": "현창백 역",
    "publisher": "(주)범문에듀케이션",
    "department": "내과",
    "disease": "18\n개의 뇌전증 치료를 위한 신경자극술\nNeurostimulation for Canine Epilepsy\n뇌전증을 치료하기 위해 다양한 약물이 사용되지만, 뇌전증을 지닌 사람과 개 중 약 1/3은 복합 ASD 약물치료에 저항성을 보인다. 뇌전증은 사람과 개에서 동반질환(comorbidity, 다른 질환이 함께 동반된 상태), 사망률과 중요한 연관성이 있으므로 대체할 수 있는 비약물 치료 전략이 필요하다. 사람에서는, 1~2가지의 ASD 약물치료에 실패하였으나 뇌전증 발생 부위를 제거할 수 있는 경우, 약물치료에 비해 수술 치료의 우수성이 확실하게 입증되었다. 그러나, 수술과 약물치료에 실패하거나 수술이 적합하지 못한 경우, 약물 저항성 뇌전증에 대한 대안적 치료 전략으로 신경자극술이 고려된다.\n사람의 뇌전증 신경자극 기반 치료는 1997년 미주신경자극술(vagus nerve stimulation; VNS)의 승인 이후로 상당한 관심을 받았다. 신경자극술의 목표는 뇌나 뇌신경 중 어느 하나를 전기적으로 자극하여 대뇌의 과도한 흥분을 억제하고 뇌전증 발작 빈도, 지속 시간 및 심도를 감소시키는 것이다. 현재 VNS,6 심부 뇌 자극술(DBS) 및 반응성 신경자극술(RNS)은 승인된 기술로, 약물 저항성을 보이는 뇌전증 치료에 사용되고 있다. 미주신경자극술과 DBS는 개방형 루프 방식으로 자극을 가하며, 환자의 임상 증상이나 질병 특성과 상관없이 미리 프로그램된 고정 설정에 따라 치료가 이루어진다. 반응성 신경자극술은 뇌전증 병소 안, 또는 위에 1~2개의 해당 깊이 위치 전극 또는 대뇌 피질 전극을 위치시켜야 한다. 이는 폐쇄형 루프 방식으로 전극들은 지속적으로 뇌전증 병소의 전기 활동을 모니터링하고 비정상적인 뇌전증 추정 활동에 대해 간단하고 약한 전기 자극을 제공하여 뇌전증 발작이 나타나기 전에 억제한다. 폐쇄형 루프 방식은 더 효과적이고 효율적인 치료를 제공할 수 있다. 미주신경자극, DBS 및 RNS는 침습적인 신경자극 방법이다. 이는 전극 및 기타 장치를 삽입하기 위해 수술적 과정이 필요함을 의미한다. 사람의 경우, 현재 전세계 뇌전증 센터에서 약물 저항성 뇌전증 관리를 위해 경두개(transcranial) 미주신경자극(tVNS), 삼차신경자극(TNS), 경두개 마그네틱 자극(TMS) 및 경두개 직류 전기 자극(tDCS)과 같은 비침습/비수술적 대안들에 대한 연구가 증가하고 있다. 하지만 다양한 신경치료 기술을 언제, 어떻게 사용해야 하는지에 대한 표준화된 지침이 없다는 것과 뇌전증 센터 간에 공통된 합의가 되지 않았다는 점은 신경자극 치료의 심각한 단점이 되고 있다.\n신경자극의 작용 기전은 대상 및 자극 매개변수에 따라 달라지며, 아직까지 완전히 분석되지 않았다. 흥미로운 사실은, 약물치료나 절제 수술 치료 경과와는 달리 관찰 기간이 길어질수록 이러한 여러 유형의 신경자극 치료의 효과가 증가하는 것이 확인된 것이다.\n사람의 뇌전증에서, ASD 약물에 대한 저항성을 가지는 환자에 대한 VNS, DBS 및 RNS의 효과와 안전성의 검증 정도는 평균치 미만이다. tDCS의 검증 정도는 더욱 낮다. 경피를 통한 VNS, TMS 및 TNS는 효과적인 것으로 보이지만, 현재 이러한 방법들이 약물 저항성을 가진 뇌전증에 어떤 효과를 보이는지에 대해서는 연구 자료가 부족하다.\n사람의 신경자극 치료 중 제한된 일부 방법만 개의 뇌전증에 적용되었다. 현재, 많은 약물 저항성 뇌전증을 가진 개는 제어되지 않는 뇌전증으로 인해 결국 사망하거나 안락사 된다.\n이 장은 최근 몇 년간 특발성 뇌전증(IE)을 가진 개들에서 연구된 VNS와 TMS 두 가지 신경자극 치료에 대해서만 다루고 있다.\n미주신경자극술(vagus nerve stimulation; VNS)\n미주신경자극술(VNS)은 이식 가능한 장치를 사용하여 간헐적으로 마주신경에 전기적 자극을 가하는 치료 방법을 의미한다. 이 장치는 수술을 통해 좌측 경부 부근에 이식되며, 미주신경 주위를 감싸는 나선형 전극과 쇄골(사람의 경우)이나 어깨뼈 앞등쪽(carniodorsal) (개의 경우) 아래에 이식된 펄스 생성기 또는 신경자극기로 구성된다. 피하로 삽입된 와이어가 자극기와 전극을 연결한다.\n침습적이지만 두개 외부에서 이루어지는 이 자극 방법은 1980년대에 개발되었으며 현재 세계 각지의 사람 뇌전증 센터에서 일상적으로 사용되고 있다. 첫 번째 미주신경자극기는 1989년에 이식되었다. 개에서 이루어지는 수술 기술과 장치는 사람과 유사하며, 현재까지 두 건의 증례가 보고되어 있다. 프로그래밍 완드가 자극기와 프로그래머 간의 무선 통신에 사용된다. \n미주신경은 두 가지 뇌신경이 혼합되어 구성되어 있다. 그중 대략 80%를 구성하는 구심성 신경섬유는 심장, 대동맥, 폐 및 위장관에서 기원하며, 20%의 원심성 신경섬유는 이러한 구조물에 부교감 신경을 분포시키고 후두 및 인두의 가로무늬 수의근(voluntary striated muscles)을 주로 자극한다. 구심성 신경섬유는 주로 단일 섬유핵으로 투사된다. VNS 치료에서 전극은 특정 방향으로 배치되며(음극이 양극보다 앞에 위치하도록), 전극은 주로 구심성 신경섬유를 활성화시키지만, 불가피하게 원심성 신경섬유 또한 함께 활성화시킨다.\n미주신경 중 원심성 신경섬유가 심장에 미치는 영향을 고려할 때, 약물 저항성 뇌전증 치료로 VNS가 도입된 당시 초기 심각한 우려사항은 심장 부작용(cardiac adverse effects; AEs) 발생 가능성이었다. 이러한 우려가 있었으나, 사람의 경우 VNS와 임상적으로 관련 있는 심장 부작용은 드물었다. 사람 및 개의 VNS 치료 시, 심장에 대한 부작용을 피하기 위해 일반적으로 우측보다 좌측 미주신경을 선호하는데 이는 좌측 미주신경의 심장에 끼치는 영향이 더 적기 때문이다. 또한, 사람의 경우 VNS 치료 중 이러한 신경섬유를 자극하지 않기 위해 나선형 전극을 미주신경 심장 가지에서 먼 쪽으로 배치한다. 이는 해부학적 차이로 인해 개에서는 불가능하며, VNS가 심장에 끼치는 영향은 사람보다 개에서 더 민감하게 작용할 수 있다. 하지만 통원이 가능한 건강한 개들을 대상으로 한 VNS 연구에서 유의미한 심박수 변화는 보이지 않았다. Muñana 등에 의해 이루어진 연구에 따르면, IE를 가진 10마리의 개에서 해당 장치의 수술적 이식은 안전하고 부작용이 적은 것으로 밝혀졌다. 수술 중 장치의 임피던스 시험(impedance testing)을 수행하는 동안 일시적인 서맥(3/10) 또는 심정지(1/10)가 관찰되었다. 이식 후 6개월 동안 술 후 합병증을 모니터링하였으며 가장 흔하게 보고된 합병증은 호너 증후군(2/10), 장액종 형성(2/10) 및 펄스 발생기의 이동(1/10)이었다. Martlé 등은 10마리의 건강한 비글 집단을 이용한 임상 연구를 통해 추적 관찰한 결과, 좌측 경부 지역에 VNS 시스템을 이식하는 것이 안전하고 용이하며 부작용이 적다고 보고했다. 수술 중 문제는 발생하지 않았으나 술 후 몇 가지 합병증이 확인되었는데, 여기에는 장액종 형성(7/10), 발성장애(1/10), 호너 증후군(1/10), 장치의 꼬임(5/10), 리드의 외부 자극에 의한 손상(3/10) 및 distal helix(앵커 테더)의 이동(4/10)이 포함되었다. 장액종 형성과 같은 일시적인 합병증은 시스템의 이동과 손상에 영향을 끼칠 수 있으므로, 이를 예방하기 위해 모든 노력이 기울여져야 한다. 정기적인 임피던스 시험은 외과적인 개입이 필요한 심각한 결함을 나타내는 변조된 임피던스 값을 확인하기 위해 중요하다. 절개가 필요 없는 경피성(transcutaneous) VNS는 IE를 가진 개에서 안전성이 확인되었으며 그 부작용은 경미했다. 시험 대상 중 25%에서 부작용이 발생하였으며, 쉰 목소리로의 변화, 사지의 떨림, 무기력, 행동 변화 및 뇌전증 발작 빈도 증가 등이 보고되었다.\n사람의 경우, VNS 치료는 일반적으로 효과적이며 부작용이 발생할 확률 또한 낮다. 박스 18.1과 18.2에는 사람과 개에서 가장 흔히 나타나는 부작용이 각각 나열되어 있다.\n사람을 대상으로 한 많은 연구 결과로부터 해당 작용 기전에 대한 폭넓은 지식을 얻을 수 있었으며, 효과적인 자극은 주로 원심 신경섬유 중 A-와 B-섬유에 의해 매개됨을 알 수 있었다. 일방적인 자극은 여러 기능적 영상 연구에서 보여진 것처럼 양쪽 대뇌 반구에 영향을 미친다. 시상, 청반, 고립핵, 그리고 변연계와 같은 중추신경계 구조는 아마도 VNS의 작용 기전에서 기능적인 역할을 수행할 것으로 추정된다. VNS의 두개 내 효과는 γ-아미노뷰티르산(GABA) 농도의 지엽적인 증가 및 글루타메이트과 아스파르트산 농도의 감소에 따라 변할 수 있으며, 과거 발작 임계치 조절을 위해 쓰인 세로토닌, 노르에피네프린과 같은 다른 신경 전달 물질 또한 이에 영향을 미칠 수 있다. Follesa 등은 VNS 직후 쥐의 뇌 전두 피질에서 노르에피네프린 농도가 증가하였다고 보고했다. VNS 후 노르에피네프린 농도의 증가는 쥐의 해마 및 편도체에서도 확인되었다. 건강한 성견 비글에서 단일 광자 단층 촬영(SPECT) 평가 시 VNS 직후 왼쪽 전두엽 및 우측 두정엽에서 국소적인 뇌혈류 감소가 확인되었다(더 자세한 SPECT에 대한 논의는 제6장을 참조하라). 뇌척수액 내 노르에피네프린 농도 증가 또한 VNS 직후 확인되었다. 이와 같은 결과는 VNS가 청반-노르에피네프린 시스템(coeruleus-norepinephrine system)에 영향을 미치는 것을 나타낸 이전 연구 결과를 뒷받침한다.\nVNS는 현재 사람에서 사용하고 있는 모든 신경자극 치료 방법 중에서 가장 효과적인 치료 방법 중 하나로 알려져 있다. 발작 증상이 완전히 사라지는 환자 수는 적지만, 대략 절반 정도의 환자에서는 50% 이상의 발작 빈도 감소 효과를 나타내는 것으로 확인되었다. Zabara는 화학적으로 유발된 발작이 미주신경자극으로 사라질 수 있음을 보임으로써 건강한 개를 대상으로 한 VNS 개념에 대한 초기 근거를 제시하였다. 개에서는 약물 저항성 IE를 가진 10마리의 개를 대상으로 한 무작위 위약 효과 제한 이중 맹검 교차 연구(randomized, placebo-controlled, double-blinded crossover study) 하나만이 VNS의 안전성과 효능을 평가했다. 13주의 실험 기간 동안 개들은 무작위로 신경자극을 받는 집단과 신경자극을 받지 않는 집단으로 나뉘었다. 13주 전체 기간을 놓고 보았을 때는 실험군과 대조군 사이에서 발작 빈도와 지속시간, 또는 심각성에서 유의미한 차이가 발견되지 않았다. 그러나 마지막 4주간의 기간에서는 대조군에 비해 실험군의 평균 발작 빈도가 유의미하게 감소(34.4%)하는 것을 확인할 수 있었다. 최근에는 약물 저항성 개 뇌전증 치료의 부가적인 요소로서 비침습적 VNS (nVNS) 시스템의 안전성과 효능을 조사하기 위해 open-label study가 실시되었다. 보호자들에게 휴대용 VNS 장치를 제공하고 장치 사용 방법을 교육하였다. 각 개의 목 좌측면을 삭모하고, 보호자는 매일 세 번 신경 전도성 젤을 삭모한 곳에 바르고 장치를 고정시킨 채 1.5~2분 동안 자극을 주어 VNS를 진행하도록 교육했다. 8주간의 기준 평가 시험 진행 후, 무작위로 개들을 두 개의 그룹으로 나누었다. 첫 번째 그룹 9마리는 처음 8주간 nVNS 치료를 진행하였으며, 이후 8주 동안에도 지속적인 치료가 진행되었다. 두 번째 그룹 7마리는 처음 8주 동안 기존 치료 방식을 유지하였으며, 이후 8주 동안에는 nVNS 치료를 받았다. 개들은 각 그룹으로 할당된 시점에서 8주, 16주, 24주 후에 검사를 받았다. 연구가 끝나기 전 첫 번째 그룹에서 두 마리의 개가 탈락했다. 한 마리는 행동학적 부작용 때문이었으며, 다른 한 마리는 발작 빈도 증가 때문이었다. 시간대별로 비교하였을 때, nVNS 치료 여부에 따라 발작 빈도나 발작 유형 증상 발현 빈도에 유의미한 차이가 나타나지는 않았다. 연구 종료 시점에서는 14마리의 개 중 9마리에서 발작 빈도가 감소했으며, 그중 2마리는 치료 도입 이후 발작이 없었고, 2마리는 기준 평가 기간부터 최종 치료 기간까지 발작 빈도가 50% 이상 감소하여 해당 치료에 반응하는 것으로 간주되었다. 14마리 중 1마리는 변화를 보이지 않았고, 4마리는 발작 빈도가 증가하였다.\nVNS는 다양한 신경 경로와 네트워크를 활용하여 빠르고 꾸준한 효과를 보이는 것으로 판단된다. 더욱 지속적인(more chronic) 효과는 대뇌 피질 영역에 영향을 미칠 수 있는 잠재력을 가진 피질 하부 특정 시냅스의 변조가 반영된 것으로 여겨진다. 뇌 복합체에서는 이러한 신경 변조 과정을 수립하는 데 시간이 소요된다.\n일단 한 번 설정된 이후라면 특정 항뇌전증 신경망은 각 환자의 개별적인 필요에 따라 적정된 자극 매개변수 변경 등을 통해 더 쉽게 구성될 수 있다. 이는 긍정적으로 VNS가 장기간 최적화된 자극 매개변수(오랜 시간에 걸쳐 구성된 병리적 과정에 영향을 미치고 잠재적으로 이를 바꿀 수 있는)를 통해 뇌전증을 제어할 수 있는 잠재력을 지님을 의미한다. 그러나 현재까지 임상적인 관점에서 VNS는 효과 있는 치료로 간주되고 있지 않고 있다.\n경두개 마그네틱 자극술(transcranial magnetic stimulation; TMS)\n경두개 마그네틱 자극술(TMS)은 비침습적이고 통증이 없는 신경자극 기술로, 사람에서 1985년 최초로 사용되었다. 일반적으로 단일 펄스 TMS (paired-pluse TMS 포함)는 뇌 기능을 탐구하는 데 사용되며, 반복 TMS (rTMS)는 자극 기간을 초과하여 지속되는 뇌 활동을 변화시키는 데 사용된다. rTMS의 원리는 페러데이의 전자기 유도 법칙이다. 더 정확히 말하면, 짧은 교류 전기가 자극 코일을 통과하여 주전류와 병렬이면서 반대 방향의 이차 교번 자기장을 생성한다. 이러한 자기장은 머리에 수직으로 배치될 경우 두피를 우회하고 뇌척수액과 뇌에 도달할 수 있으며, 두개골와 연부 조직에 방해받지 않는다. 자기장은 이차적인 전류를 유발하며, 이는 대뇌 피질 뉴런을 변조하여 원하는 신경생물학적 효과를 창출한다.\n작용 메커니즘은 정확히 밝혀지지 않아 여전히 연구 중에 있지만 rTMS는 뇌 혈류, 특정 효소의 활동, 신경 전달 물질, 흥분성 시냅스 전달 및 억제성 개재 뉴런, 수상 가지의 성장과 신경 영양 인자, 대뇌 피질 및 피질 하부 구조 간 상호작용 및 유전자 발현에 관여할 수 있다. 따라서 뇌의 가소성(외력에 의해 변한 물체가 외력이 없어져도 원래의 형태로 돌아오지 않는 물질의 성질)과 새로운 신경 네트워크 형성에 영향을 끼칠 수 있다.\nrTMS에서는 특정 반복 프로토콜을 따라 펄스가 적용된다. 주로 두 가지 주요 rTMS 치료 프로토콜이 사용된다. 저주파 rTMS는 주파수 ≤1 Hz의 자극으로 정의되며 고주파 rTMS는 주파수 >5 Hz의 자극으로 정의된다. 고주파 rTMS는 대뇌 흥분성을 촉진하는 효과를 가지고 있는 반면, 저주파 rTMS는 반대로 억제하는 효과를 가지는 것으로 여겨진다. 뇌전증은 대뇌의 과도한 흥분 상태로 특징지어지므로, 약물 저항성 뇌전증 치료에 저주파 rTMS를 사용하는 것에 대한 관심이 더욱 증가하고 있다. 사람에서는 약물 저항성 뇌전증에 대한 rTMS의 효과를 조사하기 위해 일련의 증례 보고(case report), 개방 표지 연구 및 무작위 임상 시험이 수행되었으며, 이러한 연구들은 상반된 결과를 보였다. 이러한 연구들은 뚜렷한 방법론적 차이를 가지고 있는데, 이는 약물 저항성 뇌전증 관리에서 rTMS의 역할이 아직 논쟁의 여지를 가지는 이유를 설명해 준다. 사람에서도 현재까지 rTMS의 효과를 확실히 증명하는 임상 근거는 부족하지만 제한적으로 발표된 몇몇 연구는 고무적이고 유망한 결과를 보여 주었다.\nrTMS 치료 중, 또는 이후에 부작용이 발생할 수 있으며, 사람의 경우 대부분 가볍고 일시적인 부작용을 보인다. 이러한 부작용에는 두통, 어지러움, 이명, 치료 자극 중 팔의 움직임, 구토가 포함되며 연구 대상자의 12~18.3%에서는 일시적인 시각 장애가 나타났다. 두통은 저주파 자극에서 더 흔하게 나타나는 것에 반해 피부 자극, 팔의 움직임, 그리고 일시적인 시각 장애는 고주파 자극 치료 시에만 확인되었다. 발작 유발은 rTMS 치료 직후 가장 흔한 부작용이며, 발작 빈도가 높은 환자에서 더 위험할 수 있다. 최근 사람의 뇌전증 환자를 대상으로 한 체계적 문헌 고찰(systematic review)에서는 rTMS 치료 후 2.9% 확률로 발작이 발생하는 것으로 확인되었다.64\n한 학회의 연구 개요에서 뇌전증을 가진 3마리의 개에 대한 rTMS의 적용 효과를 확인할 수 있다. 자극 치료 후 기존에 비해 발작 없이 유지되는 기간이 증가한 결과를 보여주나 추가 세부 정보는 보고되지 않았다. 2020년에는 약물 저항성 뇌전증을 가진 개에서 rTMS의 효능과 안전성을 평가하기 위해 처음으로 무작위 위약 효과 제한 단일 맹검 연구(placebo-controlled, randomized, single-blinded, placebo-controlled)가 수행되었다.57 해당 연구는 두 가지 시험으로 구성되었다: (I) 무작위 단일 맹검 허위 제어[허위 제어: sham-controlled, 연구 대상인 치료의 핵심(또는 활성, active) 치료 요소를 생략하고 유사한 대체 방법으로 진행되는 것] 임상 시험(active rTMS [n 5 7] 또는 sham [n 5 5]) 및 (II) 개방 표지 미통제 임상 시험[이전에 허위 제어(sham) 자극을 받은 개[n 5 5]에게 활성 rTMS 치료 진행]. 연속된 5일 동안 개들에게 매일 1시간씩 rTMS (active 또는 sham)을 진행했다. rTMS 치료 전/후 기간 3개월 동안 월간 발작 빈도(monthly seizure frequency, MSF), 월간 일일 발작 빈도(monthly seizure day frequency, MSDF) 및 군집발작(cluster seizure, CS) 수와 안정성을 평가했다. 전반적안 자극 매개변수와 치료 환경은 두 그룹 모두에서 동일하며, 유일한 차이점은 허위 제어 그룹에게 뇌의 자극을 주지 않기 위해 작동(원형) 코일을 두개골과 머리 위 20 cm 위에 수직으로 배치하여 비활성 자극을 준 것이다. 활성 rTMS 치료를 받는 개에게는 원형 코일의 중심이 머리 정점에 위치하도록 개의 두개골과 평행한 방향으로 배치했다. 양쪽 그룹 모두에게 진정제(dexmedetomidine과 butorphanol)를 투여했다. 시험 I의 경우, 활성 그룹(n 5 7)은 기존과 비교하여 MSF와 MSDF의 유의미한 감소를 보였다. 허위 제어 그룹(n 5 5)에서는 MSF, MSDF의 유의미한 변화가 확인되지 않았다. CS 빈도는 양쪽 그룹 모두에서 큰 변화를 보이지 않았다. 시험 II에서는 이전에 허위 제어 자극 치료를 받은 개(n 5 5)에게 활성 rTMS를 진행하였고, MSF와 MSDF에서 유의한 감소가 관찰되었다. 전반적인 rTMS의 효과는 4개월 동안 지속되었다. rTMS를 진행하는 동안이나 그 이후의 부작용은 보고되지 않았다.\n이 시험 결과를 토대로 보면, 저주파 rTMS는 개의 발작 빈도를 감소시키는 데 안전하고 효과적인 비침습적 치료로 고려될 수 있다. 반복 TMS는 일반적인 약물 저항성 특발성 뇌전증을 가진 개에 있어서 ASD 약물치료를 보완하는 좋은 치료일 수 있으며, 잠재적인 신경 조절 효과를 보인다. rTMS의 효과는 일시적이다; 각 개체마다 다른 지속 시간을 보이며 이는 단기간 뇌 네트워크 신경 조절과 관련된 것으로 보인다. rTMS은 그 효과가 일시적이기 때문에, 충분한 뇌전증 제어와 함께 삶을 질을 향상시키고 잠재적으로 해당 기술을 약물 저항성 뇌전증을 가진 개들의 장기 치료 방법으로 사용할 수 있도록, 개체별 맞춤 설정된 반복적인 rTMS 세션이 추천된다. 사용된 자극 매개변수는 rTMS의 항뇌전증 효과의 정도와 지속 시간에 중요한 영향을 끼치므로 각 개체에 맞추어 자극 프로토콜을 변경하여 최적화시키면 보다 오래 지속되는 효과를 얻을 수 있다. 따라서, 보다 정확한 rTMS의 뇌전증 치료 작용 메커니즘에 대한 이해는 임상의와 연구자들로 하여금 더욱 원활한 뇌전증 제어를 위해 이상적인 자극 매개변수를 선택하도록 할 것이다. 더불어 뇌전증을 가진 사람 및 수의학 환자 모두에게 적용되는 프로토콜 최적화를 위해 더 많은 환자를 대상으로 하는 개 기반 연구 발전에도 기여할 수 있을 것이다.\n결론\n특발성 뇌전증을 가진 개에서 다중 신경자극 기술이 보여주는 잠재력 있고 유망한 결과에도 불구하고, 신경자극술은 여전히 일반적으로 사용되고 있지 않고 있다. 비용, 정교한 장비 사용 문제, 전문성 부족 및 효과를 입증하는 연구 결과 부족 등이 이러한 치료법의 보편적 적용을 방해하는 주요 요인으로 작용하고 있다. 또한 개의 약물 저항성 뇌전증에서 비침습적 신경자극술의 치료 효과를 입증하는 것은 수의 분야에서 여전히 중요한 과제로 남아 있다.\n신경자극 치료는 또한 각 환자 상황에 맞추어 자극 매개변수를 개별적으로 조정할 수 있으며, 가역적인 치료라는 이점을 가진다. 신경자극 치료를 통해 많은 환자들에게서 상당한 발작 빈도 감소와 삶의 질 개선이 이루어질 수 있지만, 뇌전증이 완전히 해소되는 경우는 드물기에 신경자극 치료는 임시 치료법으로 간주된다. 신경자극의 효과는 종종 시간이 지남에 따라 개선되며, 이는 분자 수준에서의 장기적인 신경 조절 효과나 특정 뇌 회로의 재구성에 의한 것일 수 있다. 그러나 정확한 작용 메커니즘은 알려져 있지 않다. 뇌전증과 같은 만성 질환에서 이러한 장기적인 효과는 치료 옵션의 순위 평가나 선택한 치료의 가능성과 위험성에 대한 환자와의 상담에 중요하게 작용한다. 가장 큰 과제는 어떤 환자가 특정 유형의 신경자극에 가장 민감하게 반응하는지를 확인하는 것이다. 개와 사람의 뇌전증은 많은 임상, 병태 생리 및 치료 메커니즘 유사성을 공유하고 있으므로,72 미래의 변역 연구는 개와 사람의 약물 저항성 뇌전증 치료에 대한 새로운 비전을 제공할 수 있을 것이다.\n"
}