{
    "title": "개의 이첨판 폐쇄부전증",
    "author": "현창백",
    "publisher": "(주)범문에듀케이션",
    "department": "내과",
    "disease": "04\n증례 연구\nCase Studies\n\n환자정보\n9세 암컷 말티스(체중 3.2 kg)\n병력 및 신체검사\n호흡곤란과 실신, 빈호흡, 청색증, 기침 증상으로 인해 지역병원에 내원하여 diltiazem 1 mg/kg tid, furosemide 1 mg/kg bid, pimobendan 0.25 mg/kg bid, ramipril 0.환자는 125 mg/kg sid를 처방받아 투약을 받았다고 한다. 환자는 올 봄부터 거위 우는 소리를 내어 기관지 확장제를 처방받아 복용 후 증상이 다소 개선되었다고 한다. 평소 기침을 자주 하였으며(특히, 밤과 아침에) 심한 기침으로 실신하기도 했다고 한다. 신체검사상 좌심첨부의 범수축기성 심잡음(grade V/VI)이 청진되었고 수축기 혈압은 150 mmHg, 심박수 153 bpm, 호흡수 35회로 검진되었다.\n진단검사\n실험실 평가\n일반 혈액검사상 특별한 소견은 관찰되지 않았고, 경미한 고혈당과 BUN 수치 상승 이외에는 특별한 이상 소견이 관찰되지 않았다.\nECG 검사\n심박수는 180~190 bpm 정도이며, 심박동 자체는 동성 리듬이었다. QRS의 높이는 ~2.0 mV였고 QRS duration은 0.05~0.06 sec로 경미하게 좌심실 종대를 의심하게 되었고 P-mitrale 소견은 좌심방 종대를 암시하는 것이었다. 대체로 regularly regular한 심장박동이었으며 특별한 부정맥 소견은 관찰되지 않았다.\n방사선 검사\n복배상 흉부 방사선 소견상, 좌심방(이)의 확장(화살표)과 후폐정맥의 확장소견이 관찰되었지만 폐엽에 침윤소견은 관찰되지 않았다. 외측상 흉부 방사선 소견상, 기관거상, 심각한 좌심방 확장(화살표), 주기관지의 압박, 심종대(VHS 5 11V, L 5 6.5V, S 5 4.5 V) 및 심첨의 라운딩(rounding) 소견이 관찰되었다. 이러한 소견은 전형적인 좌심종대를 나타내는 소견이다. 또한 환자는 심각한 수준의 기관허탈tracheal collapse을 동반하고 있었다.\n심초음파 검사\n환자는 B-mode 좌측 심첨부 2강 장축단면에서 뚜렷하게 비후되고 곤봉상으로 변형된 이첨판 소편을 확인할 수 있었다. 또한 이첨판 판막의 coaptation이 좌심방으로 돌출된 이첨판 돌출증 역시 확인할 수 있었다. 그 부위에서 촬영된 컬러 도플러 검사에서 수축말기에 좌심방으로 역류되는 모자이크 모양 혈류 역류를 확인할 수 있었다. 우측 부흉골 대동맥 단축단면에서 측정된 LA/Ao ratio는 2.99:1로 ISACHC III 단계 환자에서 관찰되는 심각한 좌심방 확장이 관찰되었고 M-mode 우측 부흉골 좌심실 단축단면 이첨판 레벨에서 이첨판 판막팁의 비후와 F-slope의 완만한 경사각 및 EPSS의 단축소견 등을 확인할 수 있었다. 좌심실 유두근 수준의 단축상 M-mode 영상에서 좌심실의 내강직경은 증가되어 있었으며, %FS (fractional shortening)와 EF (ejection fraction)는 좌심에 걸려 있는 용량부하에 의해 hyper-dynamic movement 때문에 정상보다 오히려 증가되어 보였다. 또한 폐정맥의 혈류 속도 측정 시 PVa의 속도가 0.2 m/s 이상으로 증가되어 있었고 이는 좌심방의 용량부하가 있음을 암시하는 소견이다. CW 도플러로 측정한 이첨판의 역류속도는 3.9 m/s (~64 mmHg PG)였고 dP/dT는 1,880 mmHg 이상으로 좌심실의 과운동성을 암시하는 소견이 관찰되었다. 또한 환자의 E-peak velocity는 1.8 m/s (reference range 0.5~1.0 m/s)로 심각한 좌심실 종대를 의미하는 소견이 관찰되었고 2.23:1로 restrictive filling pattern을 보였다. 이러한 소견은 심각하게 종대된 좌심방 확장으로 인해 발생한 것으로 보인다. Tissue Doppler 검사에서 e′/a′ ratio가 2:1 이상으로 유지되는 것으로 보아 transmitral flow profile에서 관찰된 restrictive filling pattern의 profile은 좌심실의 비대나 탄력성 저하 때문이 아니라 좌심방에 지나치게 용량부하가 걸려서 발생한 것임을 암시하는 소견이었다.\n이 환자의 경우, 영상 진단학적 검사 소견을 토대로 퇴행성 이첨판 판막폐쇄부전증chronic mitral valve insufficiency과 ISACHC IIIA 또는 IIIB 단계의 심부전으로 최종 진단되었다.\n치료 및 환자 관찰\n우선 이첨판 폐쇄부전증으로 진단된 이 환자의 좌심방 내압을 떨어뜨리기 위해 환자에게 furosemide (2 mg/kg, PO, BID)를 투여하고, 혈관 확장과 RAAS activation에 의한 심장 remodelling을 억제하기 위해 enalapril (0.5 mg/kg, PO, BID)과spironolactone (1.0 mg/kg, PO, BID)을 투여하였다. 또한 심장의 수축력을 향상시키고 대동맥과 폐동맥으로의 혈류 흐름을 호전시키기 위하여 pimobendan (0.3 mg/kg, PO, BID)을 투여하였다. 환자의 경우에 심박수가 180회 이상으로 빨라져 있는 상태였으므로 aminophylline 같은 기관지 확장제 대신 hydrocodone이 들어 있는 기침 억제약과 tramadol (0.3 mg/kg, PO, BID)을 처방하였다. 환자의 임상증상은 크게 개선이 되었고 더 이상 실신 증상이 나타나지 않았다.\n환자에 대해서는 한 달 간격으로 follow-up을 실시하였다. 그 결과 환자의 심장 크기가 점진적으로 감소되고 좌심계에 걸려 있는 용량부하도 점진적으로 줄어드는 심초음파적 수치변화를 확인할 수 있었다(표 4-3). 환자는 2년 넘게 생존하였고 이 기간 동안 장기간의 이뇨제 복용에 따른 급성 신부전이 발생하여 병원에서 복막투석과 적절한 수액처치로 회복된 적이 있다. 하지만 환자는 당시 발생한 신장 손상으로 신장 수치가 지속적으로 상승하였고, 결국 최근 신부전이 재발하여 폐사하게 되었다.\n증례 고찰\nCMVI는 노령화에 따른 퇴행성 변화로 모든 품종에서 발생하지만, 판막의 퇴행성 변화가 있다고 해서 모두 다 심부전으로 진행되는 것은 아니다. 다만 품종별로 심부전으로 진행되는 진행속도의 차이가 현격하게 다르고 판막 변성이 발생하는 호발 부위에 차이가 있으며 판막 변성에 따른 임상증상의 발현 양상에 약간의 차이가 있다. 이 증례처럼, Maltese나 Shih Tzu인 경우에는 다른 소형 품종에 비해 초기 내원 당시 나이가 상대적으로 어리고(보통 8~9세경 내원), 질병의 진행속도도 빠르다. 반면에 다른 소형 품종(예, Yorkshire Terrier)에서는 이보다 진행속도가 느리고 판막 변성이 있어도 심부전으로 잘 진행되지 않는다. 하지만 이 증례는 환자가 9세라는 비교적 어린 나이에도 불구하고 심한 이첨판 변성과 함께 심각한 심부전 상태로 내원했다는 점이 특이할 만하다.\nCMVI는 이첨판막에 퇴행성 변화가 일어나 판막 소편이 비후되고 결절화되면서 폐쇄부전이 일어나게 된다. 이첨판막의 폐쇄부전에 의해 좌심방으로 역류되는 혈액량은 증가되어 좌심방의 확장이 유도되고 그 결과 심실에 역류된 혈액에 의해 용적 과부하가 발생한다. 심실의 용적 과부하는 심실을 편심성으로 확장시키고, 장기적으로 수축력 저하와 혈액박출 감소를 유발한다. 심장은 심박출량을 증가시켜 주는 신경호르몬계 활성을 통해 심기능이 떨어지는 것을 보상할 수 있지만, 늘어난 순환 혈량과 혈관저항 증가에 의해 장기적으로 울혈성 심부전으로 진행하게 된다. 그 결과, 폐혈관계의 정수압이 상승하면서 간질로 체액이 축적되며, 이는 울혈성 좌심부전의 특징인 폐부종을 유발하게 된다.\n이 환자는 기침과 간헐적인 실신 증상으로 내원하였으며 신체검사 청진상 좌측 심첨부에서의 역류성 잡음이 확인되었고, 이러한 증상과 나이를 고려했을 때, 이첨판 폐쇄부전증이 의심되는 환자였다. 심전도상 좌심방 확장소견이 관찰되었다. 방사선 검사상 기관의 등쪽 변위, 심종대, 좌심방 확장, 폐정맥의 확장 소견은 이첨판 폐쇄부전증 환자에서 흔히 볼 수 있는 소견이었다. 심초음파상에서 이첨판의 prolapse와 nodular degeneration 소견이 관찰되고 MR fraction 70% 이상의 좌심방 역류, 거의 LA:Ao ratio 3:1 수준의 심각한 좌심방 확장 및 E-peak의 속도가 1.8 m/s에 해당하는 심각한 좌심실 확장 소견이 관찰되었다. 또한 LVIDd/Ao ratio 역시 2.84:1로 심각한 좌심실 종대소견이 관찰되었다. 이러한 검사결과를 종합적으로 검토하여 이 환자는 퇴행성 이첨판 폐쇄부전증으로 진단되었고 ISACHC IIIa-IIIb 등급의 심부전 상태로 진단되었다.\nCMVI 환자에 대한 심초음파의 진단적인 기준은 여러 가지가 있다. 대표적인 기준을 나열하자면, 1) 컬러 도플러를 이용하여 좌심실에서 좌심방으로의 혈액 역류의 정도를 측정하는 mitral regurgitationMR fraction, 2) 좌심방과 대동맥의 비율을 측정함으로써 좌심방의 확장 정도를 평가하는 LA:Ao ratio, 3) mitral valve areaMVA에서 도플러 초음파를 이용하여 좌심방에서 좌심실로의 혈액 유입 정도를 측정할 수 있는 E-peak velocity (E: ventricular diastolic filling wave), 4) 좌심실에서 좌심방으로 혈액이 역류하는 속도를 측정한 mitral regurgitationMR velocity, 5) 좌심방의 직경을 측정하는 left atrialLA diameter 측정법이다. 하지만 위의 네 번째 방법은 환자의 상태나 흥분상황에 따라 유동적이며, 다섯 번째 방법은 좌심방의 확장 정도를 평가하기에는 좌심방의 크기 기준에 대한 오차 범주가 너무 크기 때문에 신뢰적인 방법이 아니다. 그 외의 예후를 평가하는 심초음파적 소견은 본문을 참조하시기 바란다.\n본원에서 이첨판 폐쇄부전증 환자가 처음 내원할 때, 치료제의 종류와 투여량을 결정하는 몇 가지 기준이 있다. 환자가 방사선상 좌심방 또는 우심방 확장 소견을 보일 경우, 이뇨제를 처방한다. 또한 모든 이뇨제를 처방받는 환자에게는 RAAS activation을 차단하기 위해 ACEi를 처방한다. 피모벤단에 대한 처방은 무증상 환자군에 대한 투약의 유의성이 보고되어 있지 않기 때문에 무증상 환자군에서는 투약하지 않고 증상이 있는 환자군에서만 투약을 지시한다(최근에는 심종대가 있는 무증상 환자군에도 투약을 실시한다). 복수나 체액저류가 심한 환자들에게는 spironolactone을 추가 처방한다. Furosemide의 초기 투여량은 LA:Ao ratio에 근거하여 투여량을 설정하는데 주로 2:1 이상인 환자군에게는 2 mg/kg BID 이상을 투여하고 그 이하 환자는 1.0~1.5 mg/kg BID를 LA:Ao ratio와 환자의 증상에 따라서 처방한다. 신부전이 동반되거나 발병위험이 높은 환자군은 BID보다는 TID-QID 투약법을 추천한다. 이뇨제 일회 투여량은 줄이고 투약 간격을 줄임으로써 신장에 대한 손상을 줄여주기 위함이다. 피모벤단에 대한 투약 시점은 보통 LVIDd:Ao ratio가 2 이상이면 대부분 처방이 지시되고 초기 투약용량은 0.25~0.3 mg/kg BID로 투약을 시작한 후, 환자의 상태가 악화되면 0.5~0.75 mg/kg BID 또는 0.5 mg/kg TID까지 증량하는 방법을 사용한다. 이 환자의 경우, 내원 당시 LA:Ao ratio가 ~3 수준이었고 LA:LVIDd 수준 역시 ~2.9로 심각한 심부전 상태였다. 보통 이러한 환자의 경우에 furosemide 3 mg/kg BID, pimobendan 0.5 mg/kg BID가 처방되나 환자의 vital이 상대적으로 양호하고 폐에 침윤소견(폐부종)이 관찰되지 않아서 furosemide 2 mg/kg BID, pimobendan 0.3 mg/kg BID를 2주간 처방하였다. 다행히 2주 뒤에 전화로 확인해본 결과, 환자는 기침도 많이 줄고 더 이상 실신의 증상을 보이지 않았으며, 활력도 매우 양호한 것으로 보고되었다. 따라서 그 수준의 약물을 지속적으로 투약하도록 지시하고 매달 정기 검진을 진행하기로 결정하였다. 다행히도 환자는 한 달 뒤 초음파 검사에서 LA:Ao ratio와 LA:LVIDd 및 E-peak의 약 20% 정도의 양호한 수치 감소가 일어났고 그에 따라 초기 투약용량이 적절했음을 판단할 수 있었다. 두 달 후 검사에서도 큰 수치 변동이 없었기 때문에 투약용량을 더 이상 변화시키지 않고 그대로 투약하였다. 다만 3개월 뒤 검사에서 신장수치의 borderline 상승이 관찰되었고 이를 떨어뜨리기 위해 음수량을 늘리고 Azodyl®과 Rubenal® 같은 신장 보조제를 투여하도록 권고하였다. 환자는 2년 뒤, 귓병 치료의 부작용으로(네오마이신과 겐타마이신 항생제 치료) 갑작스러운 신부전이 발생하여 내원하였고 투석과 조심스러운 수액요법으로 회복되었다. 아마도 일반적인 외이염약에 포함된 neomycin이 이뇨제를 복용하는 환자에서 심각한 신독성을 유발한 것으로 추정된다.\n일반적인 CMVI 환자의 생존기간은 ISACHC I 심부전 상태의 경우 3년 이상, ISACHC II 심부전 상태의 경우 1~3년, ISACHC IIIa의 경우 ~1년, ISACHC IIIb 심부전 상태의 경우, 6개월 미만의 생존기간을 보인다. 이러한 예후는 약물치료의 종류, 모니터링 스케줄, 보호자의 적극성, 환자의 생존의지 등에 따라 크게 달라질 수 있다. 본원에서는 주로 환자의 심초음파 소견을 바탕으로 예후를 평가한다. LA:Ao ratio 2.0 이상, LVIDd:Ao ratio 2.5 이상, E-peak velocity 1.2 m/s 이상, MR fraction 75% 이상 같은 소견이 있는 환자는 ISACHC III 이상 단계로 분류하고 집중 치료와 관리를 실시한다. 보호자에게도 기대수명을 1년 이하로 이야기를 한다. 물론 이러한 환자들 중에서도 2년 이상 장기 생존하는 경우도 많다.\n\n환자정보\n환자는 14살의 수컷 말티즈로, 기침과 떨림 증상으로 강원대학교 심장센터에 진료 의뢰된 사례이다. 로컬병원에서는 기침을 주요 증상으로 감기치료를 받았으며, 이후 호흡곤란 증상으로 응급처치를 받았다고 한다.\n신체검사 및 심음도 검사\n청진상 좌측 심첨부에서 grade V-VI/VI의 수축기 역류성 심잡음이 청진되었다. 혈압은 수축기 115 mmHg였으며, 심박수는 145~150 bpm, 호흡수는 66 bpm이었고, 체온은 37.5 도였다. 환자의 심음도 검사에서는 좌심첨에서 decrescendo 형태의 수축기성 잡음이 관찰되었다.\n진단검사\n심전도 검사\n심박수는 145~150 bpm, rhythm origin은 정상 동박동(NSR)이며, P파의 모양은 좌심방 확장을 의미하는 넓고 notched 형태였고, R파의 모양은 좌심실 비대를 의미하는 tall R wave (.2.5 mV) 형태의 소견을 가지고 있었다. 환자의 R-R 간격은 regularly regular 했으며, PR 간격은 일정하였다.\n실험실 검사\n일반 혈액검사 및 생화학 검사에서 저알부민혈증, 질소혈증, 간수치 상승 이외의 이상 소견은 관찰되지 않았다(표 4-4). 하지만 신장은 IRIS III 단계의 신부전 상태를 나타내는 상황이다(IRIS III: creatinine 2.1~5.0 mg/dL, 개정판 기준 IRIS II).\n흉부 방사선 검사\n흉부 방사선상 소견은 심종대 소견(VHS 5 10.5 V, L 5 6.0 V, S 5 4.5 V), 좌심방의 확장 그리고 기관의 등쪽 변위에 따른 좌심계 확장 소견이 관찰되었다. 환자의 흉부 방사선 소견은 전형적인 이첨판 폐쇄부전증에서 볼 수 있는 소견과 유사했다.\n심장초음파 검사\n2D 심초음파상, 이첨판은 비정상적으로 비후되어 보였고, apical view에서 이첨판 탈출증이 관찰되었으며 이첨판의 비정상적인 폐쇄가 발생하여 이첨판 폐쇄부전이 유발되었다. 또한, 좌심방과 좌심실은 크게 확장되어 보였다. 컬러 도플러 심초음파상, 모자이크 모양의 와류성 혈류가 좌심방 전체에 결쳐서 관찰되었다. 이는 아주 심각한 CMVI를 의미한다. CW Doppler 초음파상에서 좌심실에서 좌심방으로의 도플러 검사를 통하여 좌심방으로의 심한 역류가 확인되었으며, 좌심방에서 좌심실로 흐르는 혈류의 E-peak velocity는 2.4 m/s (reference range 0.8~1.0 m/s)로 측정되었다. 이렇게 E-peak의 velocity가 높은 환자의 예후는 일반적으로 불량하다.\n환자는 질소혈증이 발견되어 신장초음파를 실시하였다. 신장의 크기는 정상적이었으나, 신장의 피질과 수질의 연접부에 고에코의 영상이 확인되었다. 일반적으로 이러한 변화는 ethylene glycol 중독이나 멜라닌 중독에 의해 유발된다. 이 환자는 심부전으로 인해 급성 신부전증이 발생한 것으로 의심되었다. 따라서 심부전의 치료와 동시에 신부전에 대한 교정도 필요하였다.\n환자는 신체검사상 기침과 부들부들 떠는 shivering의 증상을 보였고, 청진상 좌심첨의 역류성 잡음을 보이며 이첨판 폐쇄부전증이 의심되는 소견이 관찰되었다. 심전도 소견은 좌심방 확장의 전형적인 소견인 넓고 notched 형태의 P wave를 나타냈으며, 좌심실 비대를 의미하는 tall R wave 소견도 보였다. 방사선상 전체적인 심비대(cardiomegaly)와 좌심방 확장, 그리고 기관의 등쪽 변위에 따른 좌심계 확장을 관찰할 수 있었다. 심초음파 검사상 이첨판 판막의 비후와 탈출증이 관찰되었고, 컬러 및 CW 도플러 검사상, 좌심방에서의 2/3이 넘는 모자이크 패턴의 심한 역류를 관찰하였고, 좌심실로 유입되는 E-peak velocity는 2.4 m/s로 정상보다 빠른 속도를 보였고, 좌심실에서 좌심방으로 역류되는 혈류는 5.6 m/s로 아주 빠른 역류가 관찰되었다. 또한 이 환자는 실험실 검사상 질소혈증이 관찰되었으며, 이에 따른 신장 초음파에서는 좌측 신장에서 피질과 수질 연접부에 부동액(ethylene glycol) 중독 또는 멜라닌 중독으로 의심되는 고에코 영상(medullary rim sign)이 발견되었다. 상기의 소견을 종합적으로 검토한 결과, 이 환자는 최종적으로 이첨판 폐쇄부전증과 신부전이 합병된 것으로 진단되었다.\n치료 및 환자 관찰\n이 환자에게는 질소혈증의 교정을 위하여 복막투석을 실시하였다(그림 4-16, 동영상 자료 4-6). 총 3일 동안 13회의 복막투석을 한 환자의 질소혈증은 creatinine 2.2 mg/dL, BUN 126 mg/dL로 어느 정도 개선되었다. 이후 이첨판 폐쇄부전증에 대해서는 좌심방내압을 떨어뜨리기 위해 환자에게 furosemide (2.5 mg/kg, PO, BID)를 투여하였으며, 혈관 확장과 RAAS activation에 의한 심장 remodelling을 억제하고 체내 칼륨의 과도한 배설을 막기 위해 enalapril (0.5 mg/kg, PO, BID)과spironolactone (1 mg/kg, PO, BID)를 투여하였다. 또한 좌심의 수축력을 향상시키고 대동맥으로의 혈류흐름을 호전시키기 위하여 pimobendan (0.3 mg/kg, PO, BID)을 투여하였고, 신부전에 대한 조치로 azodyl (1 capsule/dog, PO, BID)과 kremezine (200 mg/dog, PO, BID)을 추가로 처방하였다. 이러한 약물 요법을 통해 환자의 상태는 더욱 향상되었다.\n약 3개월의 약물 처치 후 실시된 환자에 대한 평가에서, 체중이 4.6 kg으로 증가하였고, 질소혈증은 상당한 개선이 되었다(creatinine 1.1 mg/dL, BUN 55 mg/dL). 심초음파 검사에서, 환자의 상태는 크게 개선되었다.\n증례 고찰\n이첨판 폐쇄부전증의 진단적 특징은 흉부 방사선에서 좌심방 확장을 동반한 심종대 소견, 좌심첨의 수축기성 역류성 심잡음, 심전도상 넓고 notched된 P파, 심초음파상 좌심방과 좌심실의 종대 소견, 컬러 심초음파상, 수축기 때 좌심방으로 역류되는 와류성 혈류 등이 있다. 이 증례는 이러한 모든 진단적 특징을 보이는 전형적인 이첨판 폐쇄부전증이다. 또한, 이 환자는 신장의 피질과 수질 경계부에 고에코 병변이 관찰되며, 실험실 검사에서 심한 azotemia가 확인된 신부전 환자이기도 하다. 이 증례는 중등도의 이첨판 역류와 중독 또는 독성에 의한 신부전을 동시에 보이는 사례였기 때문에 복막투석을 통한 질소혈증의 교정이 우선적으로 이루어졌다. 우선 3일간 총 13회의 복막투석 이후 질소혈증의 안정화를 시도하여 환자의 상태를 안정화시키고 이후 좌심부전을 발생시키고 있는 이첨판 폐쇄부전증에 대한 약물 처치와 신부전의 완화를 위하여 azodyl과 kremezine이 꾸준히 처방 투약되었다. 3개월 후 환자의 상태는 실험실적 검사와 심초음파를 통해 어느 정도 개선된 것을 확인할 수 있었다.\n이첨판 폐쇄부전증의 경우, 판막 교체를 통한 외과적 치료법이 있지만, 아직까지 동물의 경우 외과적 시술은 보편화되지 않았다. 따라서 대부분의 이첨판 폐쇄부전증은 약물적 치료를 통해 관리되고 있다. 약물 요법의 목표는 환자의 삶의 질을 개선하는 데 있다. 이뇨제와 angiotensin converting enzyme inhibitorsACEi가 이러한 내과적 처치를 위해 주로 사용되는 약물이다. 하지만 체액 저류를 완전히 차단하기 위한 고용량의 이뇨제 요법은 환자의 장기간 관리차원에서 별로 바람직하지 못하다. 따라서 이 증례처럼 pimobendan과 같은 inodilator는 이첨판 폐쇄부전증 치료에 매우 유용하게 적용될 수 있다. 특히, 이 증례와 같이 질소혈증을 동반한 환자에게 고용량 이뇨제는 약물로 인한 신부전을 더욱 악화시킬 수 있으므로, pimobendan의 사용은 고용량 이뇨제 요법을 피할 수 있는 좋은 대안이 된다. 따라서 이 증례에 보이듯이 pimobendan 같은 inodilator는 이첨판 폐쇄부전증에 의한 좌심부전을 치료하는 데 유용하게 사용될 수 있음을 알 수 있다.\n이첨판 폐쇄부전증의 예후는 판막의 이상 정도와 심장의 remodeling 정도에 따라 결정된다. 환자는 좌심방의 심한 확장 소견과 이로 인한 ISACHC IIIa에 준한 심한 좌심부전 증상을 보이고 있었다. 따라서 치료를 하지 않는다면 6개월 미만의 생존 가능성을 보인다. 이 증례의 경우, 꾸준한 약물 요법으로 환자의 상태가 매우 개선되었음을 알 수 있었다.\n인의의 한 회고 연구 결과에 따르면 만성 심부전을 가진 755명의 환자  60%가 만성 신부전을 동시에 가지고 있음이 확인되었으며, 사구체 여과율과 만성 심부전의 예후 사이에 밀접한 관련성이 보고된 바 있다. 최근 수의학에서도 심부전의 정도가 심할수록 질소혈증과 신장 손상이 더 자주 나타난다는 보고가 있다. 신장은 심장에서 박출되는 혈액의 25%를 받는 중요한 장기이므로, 두 장기는 혈역학적 및 신경-호르몬학적 측면에서 여러 가지 항상성 기전을 공유하고 있다. 문제는 두 장기의 항상성 반응이 정상적인 경우, 서로의 기능에 영향을 주지 않지만 신부전이나 심부전이 있을 경우, 이러한 항상성 반응이 상대 장기에 악영향을 가하게 된다. 예를 들어 울혈성 심부전의 경우, 좌심방 용적 과부하를 줄이기 위한 이뇨제 처방은 심장병 증상 완화에 큰 도움이 되지만, 순환혈액량 감소로 신장 혈류량을 떨어뜨려 사구체 여과율을 감소시키므로 신장 기능을 떨어뜨리고 만약 환자가 신부전 상태라면 신장 관류량 저하에 따라 신부전이 더욱 악화될 수 있게 만든다. 반대로 신부전이 심한 환자는 사구체의 섬유화 등에 의해 사구체 내압이 높고 사구체성 고혈압을 가지는 경우가 많다. 궁극적으로 이런 사구체성 고혈압은 전신 고혈압을 유발하는 경우가 많다. 전신 고혈압 상태라면 좌심실에 압력 부하가 증가하여 좌심실벽의 작업부담을 증가시키고 wall stress를 증가시킨다. 적절한 처치를 하지 않는다면, 좌심실벽은 concentric hypertrophy(구심성 또는 중심성 비대, 고혈압에 대한 심장의 보상작용으로 좌심실의 벽이 현저하게 두껍고, 심실 내강은 넓어지지 않는 특징을 가진 심비대)되고 결국 심부전을 유발하게 된다.\n심부전 환자에게 enalapril 같은 ACEi를 장기간 사용하면 혈중 creatinine 농도가 증가되는 것을 흔히 볼 수 있다. 이것은 ACEi는 신장의 수출 세동맥을 확장시키고 사구체 내압을 떨어뜨려 신장을 저관류 상태에 놓이게 한다. 결국 신장의 사구체 여과율이 감소하여 혈중 creatinine의 농도를 높일 수 있다. 그러나 다양한 ACEi를 심부전 환자에게 적용한 전향적, 후향적 연구 결과를 살펴보면 ACEi의 심장과 신장 기능에 대한 긍정적인 작용이 더 크다. ACEi는 신장 실질의 섬유화 진행을 늦추고, 혈관 확장 효과가 있어 사구체 혈관의 손상을 줄여 단백뇨를 완화시킨다. ACEi의 신장에 대한 부정적인 효과 또한 일시적이며, 장기간 enalapril의 효능을 실험한 연구결과에서 enalapril을 정용량(0.5 mg/kg) 투여한 심부전 환자의 질소혈증 발생률이 대조군에 비해 더 낮았다고 한다.\n심장-신장 증후군 환자의 치료와 관리는 매우 까다로울 뿐 아니라 효과적인 치료법 역시 아직 제대로 정립되어 있지 않다. 궁극적으로 장기간 심부전 치료를 받는 모든 환자에게 신장기능 저하가 발생할 것이라는 가정하에, 주기적인 신기능 모니터링이 중요하다.\n가장 효과적인 심장-신장 증후군 환자의 치료법은 예방이기 때문에 환자의 심부전 진행상태에 맞는 적절한 심부전 치료전략을 수립하고 무엇보다도 이뇨제의 용량을 최적화시키는 것이 가장 중요하다. 이러한 전략으로는 다량의 이뇨제를 한꺼번에 먹이는 방법보다는 소량을 세분해서 투약하는 방법(BID-TID), 한 이뇨제에 내성을 보이는 경우, 다른 이뇨제와 병용하거나 다른 이뇨제로 교체해 주는 방법, 이뇨제의 사용량을 줄여주기 위해 다른 심부전 치료제를 추가해 주는 방법(예, spironolactone, nitrate patch, amlodipine) 등이 있다. 무엇보다도 환자를 철저히 모니터링하여 이뇨제 용량에 따른 반응을 살펴보고 환자에 맞는 최적의 이뇨제 용량을 사용하는 것이 중요하다.\n주기적인 신장 모니터링의 일환으로 초음파를 통해 신장의 resistive index (RI값)를 측정하면 신장의 혈류 저항이 증가되고 있는지를 어느 정도 평가할 수 있다고 한다. 그러나 일단 신부전이 발병하여 내원한 경우, 보통의 신부전 치료요법(공격적인 수액요법)을 그대로 적용하기가 어렵다. 용량 과부하 상태의 환자에게 공격적인 수액요법은 울혈성 심부전을 악화시켜 폐부종을 유발할 수 있다. 따라서 이러한 경우 보통의 신부전 환자보다 적은 용량의 수액요법(유지용량만 투여, 30 mL 3 체중(kg) 1 70 mL을 시간당 5~10 mL/kg 속도로 투여한다)을 실시하거나 복막투석을 실시하는 것이 효과적일 수 있다. 그러나 무엇보다 중요한 것은 심부전에 이환된 환자는 신부전 발생 위험이 높기 때문에 주기적인 모니터링이 필수적임을 보호자에게 인지시켜야 한다. 혈액검사와 요검사, UPC 검사, 혈압 등을 주기적으로 모니터링하여 이미 요독증 상태가 되어 내원 하지 않도록 주의를 기울여야 한다.\n일반적으로 예후는 심부전 상태가 얼마나 심한지에 따라 많이 달라진다. 대부분 환자가 기존에 장기간 이뇨제 처방을 받았던 환자들이 많아서 장기적 예후는 별로 좋지 않다.\n\n환자정보\n환자는 12살의 암컷 말티즈로, 사래 들린 것처럼 갑작스러운 기침으로 지역 병원에 내원하였다가 심원성 폐수종으로 진단받고 응급처치를 받았다. 환자는 이후 초음파 검사에서 이첨판 판막인대 파열로 진단받았고, 2~3개월밖에 생존할 수 없다는 예후를 듣고 정확한 진단과 처치를 위해 내원하였다.\n신체 검사\n환자는 좌심첨부 수축기 역류성 심잡음(4/6)이 청진되고 수축기 혈압은 120 mmHg이였다. 그 밖에 신체 검사상 이상 소견은 관찰되지 않았다.\n진단 검사\n실험실 검사\n혈액 검사상 경미한 PCV 감소(34.9%, RR 37~55), 낮은 질산혈증(BUN 55 mg/dl RR 7~27, creatinine 1.5 mg/dl, RR 0.5~1.8), 경미한 간수치 상승(ALT 335 U/L, RR 10~100)이 나타났다. Biomarker 검사에서, NT-proBNP 5105 (RR 0~900), SDMA 31 (RR 0~14), Spec cPL 38 (RR 0~200)으로 울혈성 심부전 상태를 나타내는 NT-proBNP 농도와 IRIS II 신부전 상태를 나타내는 SDMA 농도가 확인되었다.\n심전도 검사\n좌심종대 패턴 이외 특이 소견은 없었다.\n흉부 방사선 검사\n흉부방사선상, 심종대(VHS 11.5, VLAS 3, RLAS 2.6)와 심한 좌심방 확장이 있었으나, 기관지 압박이나 폐 침윤은 없었다. 다만 기관의 배측 거상 소견은 관찰되었다.\n심장초음파 검사\nLA/Ao SX는 2.5 (ISACHC III)로 측정되었으며 LVIDdN은 1.57(정상 범위), LVIDd/Ao 2.17 (ISACHC III)로 측정되었다. 컬러 도플러 검사상 좌심방으로 역류되는 모자이크성 혈류가 관찰되었고, 2D 심초음파 검사상 이첨판의 A1 판막 소편을 지지하는 인대의 파열이 확인되었다. PW 도플러 검사상 이첨판 혈류 E-peak 속도는 0.88 m/sec (ISACHC I)이였으며, CW 도플러 검사상 고속의 이첨판 역류 혈류가 확인되었다. TDI 도플러 검사를 통해 septal E/E’ 16.67과 lateral E/E’ 10.0으로 평균 E/E’ 13으로 울혈성 심부전을 암시하는 소견을 확인할 수 있었다. M-mode 대동맥 단축단면에서 측정한 %LA-FS값은 27%로 ACVIM C단계 이상의 심부전을 암시하는 소견을 보였다. 환자는 우심실 유출로 혈류에서 실시된 PW 도플러 검사상 AT 53 m, AT/ET 0.53으로 폐성 고혈압을 암시하는 소견은 없었고, M-mode 대동맥 단축단면에서 측정한 %RV-FS값 역시 77%로 폐성 고혈압을 암시하는 소견은 없었다. 좌심첨부에서 실시된 PW 도플러 검사상 IVRT 35 ms, LVET 163 ms, E/IVRT 2.51, LV Tei index는 0.45로 심실의 이완기 기능과 수축기 기능 모두 장애가 확인되고 울혈성 심부전을 암시하는 소견을 보였다.\n치료 및 환자 관찰\n환자는 흉부 방사선상 심종대 및 좌심방 종대, 심초음파상 심방과 심실 확장, 좌심방압의 압력증가를 암시하는 소견 및 이첨판 역류 소견 등을 토대로 ACVIM C (ISACHC IIIa) 단계의 울혈성 심부전을 동반한 이첨판 판막 패쇄부전증으로 진단되었다. 또한 SDMA 수치를 근거로 IRIS II 단계 신부전이 동반된 것으로 진단하였다. 환자는 좌심방 확장 정도에 비해 상대적으로 좌심실 종대는 심하지 않았으며, 이첨판 판막을 지지하는 인대의 파열로 급성 폐수종이 발생한 것으로 추정하였다. 지역 병원에서 장시간의 고용량의 이뇨제를 처방받아 복용 중이었던 상태여서 IRIS II 단계의 신부전이 발생한 것으로 추정하였다. 결과적으로 치료는 이뇨제 용량을 최소화하는 방향으로 이루어졌다. 환자는 초기에 torsemide (0.15 mg/kg, q12h), enalapril (0.5 mg/kg, q12h), spironolactone (1 mg/kg, q12h)과 pimobendan (0.3 mg/kg, q12)으로 처방하였다. Torsemide 처방에 따른 저칼륨혈증이나 저나트륨혈증을 모니터하기 위해 2주 뒤에 전해질 검사와 신장 수치 평가를 지시하였고, 폐수종의 재발 여부를 확인하기 위해 매일 수면 시 호흡수를 기록하게 하였으며, 약 처방 2주 뒤에 지역병원에서 흉부 방사선 촬영을 지시하였다. 2주 뒤 흉부 방사선 검사에서 심종대 소견은 그대로였지만 폐의 침윤 소견은 없었고, 환자의 수면기 호흡수는 17~25회 사이를 유지하였다. 전해질 검사상 칼륨과 나트륨은 정상 수준이었으나 염소는 감소하고(99 mmol/L, RR 102~117), 인 수치(6.7 mg/dl, RR 1.9~5)와 칼슘 수치(12.6 mg/dl, RR 9.3~12.1)는 상승하였다. 더불어서 신장 수치도 상승하였다(BUN 130.8 mg/dl, creatinine 2.48 mg/dl). 하지만 환자의 SDMA 수치는 28로 감소하였다. 보호자 진술에 따르면, 환자는 숨쉬는 것이 편해졌고 훨씬 활력과 식사량이 늘었다고 했다. 또한 음수량과 배변 횟수가 약간 감소되었다고 진술하였다. SDMA 수치 감소를 근거로 환자의 신부전이 크게 악화되지 않았으나 신장 수치와 전해질 수치 변화가 관찰되어 torsemide 투여량을 0.1 mg/kg, q12h으로 감량하였다.\n환자는 다시 2주 뒤에 종합적인 심장 검사를 위해 내원하였다. 신체 검사상 별다른 차이는 없었지만 수축기 혈압이 180 mmHg(약간 흥분 상태에서 측정)으로 지난번 120 mmHg에 비해 크게 상승하였다. 환자 신장 수치는 BUN 76 mg/dl, creatinine 1.7 mg/dl로 크게 감소하였으나 SDMA는 29로 미비하게 상승하였다. 하지만 칼슘 10.8 mg/dl과 인 4.3 mg/dl은 정상 수치로 회복되었고, 나트륨과 칼륨도 정상 수치를 유지하였다. 흉부 방사선상, VHS 10.5, VLAS 2.3, RLAS 1.9로 크게 감소된 소견이 관찰되고 폐의 침윤 소견은 관찰되지 않았다.\n심장 초음파 검사상, LA/Ao Sx 1.74, LVIDd 20.3 mm, LVIDdN 1.56, LVIDd/Ao 2.16으로 좌심방 크기가 눈에 띄게 감소되었다. 또한 좌심방압을 간접적으로 나타내는 E/E’은 6.72 (septal 5.44 lateral 8.78)로 크게 감소되었다. %LA-FS가 52%로 측정되어 거의 정상 참고범위 수준으로 증가하였으며, 이는 좌심방의 압력 부하가 해소되었다는 소견을 나타낸다. 이러한 소견을 바탕으로 환자는 이뇨제 투여량을 50%로 줄였다. 환자는 torsemide (0.15 mg/kg, q24h), enalapril (0.5 mg/kg, q12h), spironolactone (1 mg/kg, q12h)과 pimobendan (0.이뇨제 투여량을 3 mg/kg, q12로 50% 감량하여 처방하였다. 이전과 같이 torsemide 처방에 따른 저칼륨혈증이나 저나트륨혈증을 모니터하기 위해 2주 뒤에 전해질 검사와 신장 수치 평가를 지시하였고, 폐수종이 재발하는지 확인하기 위해 날마다 수면 시 호흡수를 기록하게 하였고, 약 처방 2주 뒤에 지역병원에서 흉부 방사선 촬영을 지시하였다. 2주 뒤 흉부 방사선 검사에서 폐의 침윤 소견은 없었으며, 환자의 수면기 호흡수는 17~21회로 더욱 안정적이였고, 전해질과 신장 수치는 거의 안정적으로 감소하였고 SDMA 농도는 17로 감소되었다. 보호자 진술에 따르면, 환자는 거의 예전 수준의 활력과 식욕을 보였으 배변 배뇨에도 문제가 없었다고 한다. 환자의 증상이 크게 악화되지 않은 것으로 판단되어 환자의 처방약은 2주간 더 유지하였다.\n환자는 다시 2주 뒤에 종합적인 심장 검사를 위해 내원하였다. 신체 검사상 별다른 차이가 없었지만 수축기 혈압이 120 mmHg으로 안정적이였다. 환자 신장 수치는 BUN 84 mg/dl, creatinine 1.1 mg/dl로 감소하였고 SDMA는 10으로 정상 수준으로 감소하였다. 전해질 검사상 나트륨, 칼륨, 염소, 인, 칼슘 수치는 모두 정상이였고, 흉부 방사선상, 이전과 비슷한 수준의 소견을 보였으며 특별하게 심종대나 좌심방의 더 확장되지 않았다.\n심장 초음파 검사상, LA/Ao Sx 1.67, LVIDd 25.1 mm, LVIDdN 1.93, LVIDd/Ao 2.65으로 좌심방의 크기는 더욱 감소되었지만 좌심실은 약간 더 확장되었다. 하지만 좌심방압을 간접적으로 나타내는 E/E’은 7.75 (septal 6.99 lateral 8.68)로 여전히 안정적인 상태를 보였다. %LA-FS로 44%로 ACVIM B순으로 약간 증가되었다. 좌심방압이 약간 상승하고 좌심실이 약간 확장되는 소견이 관찰되었으나, 환자의 혈액검사 수치가 모두 정상화되었고, 특별한 임상 증상이 나타나지 않아 환자는 동일한 처방으로 유지되었다.\n증례 고찰\n본 증례는 급성 건삭인대 파열로 인한 폐수종 환자를 레스큐한 후, 어떻게 관리해야 하는지를 보여주는 증례이다. 비록 환자는 고농도 이뇨제(furosemide 3 mg/kg, q8h) 처치로 폐수종 증상을 완화할 수 있었으나 과도한 이뇨제 처치로 급성 심장-신장 증후군이 발생한 증례이다. 또한 장기간의 고농도 furosemide 처치로 인해 ceiling effect에 의한 furosemide tolerance가 발생한 증례이다. 또한 E/E’이나 %LA-FS 같은 좌심방압(LAP)을 나타내는 지표가 환자 모니터링에 얼마나 유용하게 사용될 수 있는지를 보여주는 증례이다.\n환자는 내원 당시 IRIS II 단계의 신부전 상태였으며, 과도한 이뇨제 사용으로 인해 식욕 부진과 활력 저하가 나타나는 상태였다. 그럼에도 불구하고 심장 초음파상 지표는 ACVIM C (ISACHC IIIa) 단계의 심부전 상태를 보였으며, 특히 과도한 좌심방 확장과 좌심방압 상승이 두드러진 증례였다. LV Tei index에 따르면, 환자는 수축기능과 이완기능 모두에서 문제가 발견되었다. 따라서 약물 처방은 ACVIM C 단계 환자에 준하여 시행하였으며, 다만 환자의 신장 상태를 고려하여 이뇨제를 보다 강력하고 ceiling effect를 거의 보이지 않는 torsemide로 교체하고 총 투여량도 0.3 mg/kg/day (furosemide 기준 3 mg/kg/day)로 대폭 감량한 후, spironolactone을 추가 투여하여 aldosterone escape 현상과 이뇨제 감량에 따른 좌심방의 용적 부하 증가에 대비하였다. Torsemide는 강력하고 꾸준한 약효를 보이기 때문에 종종 투약 2주 내 저카륨혈증, 저나트륨혈증과 과도한 탈수에 의한 질산혈증을 동반하는 경우가 있다. 이는 furosemide를 장기간 투여받았던 환자에서 특히 더 두드러지게 나타나는 현상이다. Furosemide는 투약 후 2주 정도가 지나면 ceiling effect가 나타날 수 있어 실제로 필요한 이뇨제량보다 과도하게 투여되는 경향이 있다. 환자의 경우도 급성 폐수종 처치와 환자 관리를 위해 고농도의 이뇨제를 처치받아왔기 때문에 이러한 부작용이 이 환자에서 두드러지게 나타났다. 따라서 환자는 실제 LA/Ao Sx 2.5였음에도 불구하고 좌심실 확장이 두드러지지 않았기에 furosemide 3 mg에 준하는 torsemide 0.3 mg으로 크게 감량하여 처방한 것이다. 하지만 전해질 수치, 신장 수치, 수면시 호흡수 및 흉부 방사선 검사를 가까운 지역병원에서 체크하게 하여 환자의 이뇨제 용량을 추가로 조정할 수 있었다. 이러한 수치를 기준으로 환자의 이뇨제량(torsemide)은 0.2 mg/kg/day 그리고 0.15 mg/kg/day의 용량으로 순차적이 지속적으로 감량할 수 있었다.\n환자의 검사 자료를 보면 알 수 있듯이 BUN 수치는 신장 상태를 정확히 나타내지 못했으며, creatinine 수치와 SDMA 수치는 환자의 신부전 상태를 더 정확하게 반영하고 있었다. 환자의 활력과 식욕을 특히 잘 반영한 수치는 SDMA다. 급성 신부전증이 있는 환자는 보통 갑작스러운 활력저하와 식욕부진을 동반하게 되는데 신부전이 해소되면 이러한 증상이 빠르게 개선된다.\nE/E’은 좌심방압을 반영하는 심초음파 지표로, 본 증례에서도 내원 당시 E/E’이 13으로 울혈성 심부전을 나타내는 수치였고, 적절한 약물 처치로 7.75(정상 9 이하)까지 감소하였다. 또한 %LA-FS 역시 27% (ACVIM C & D에 해당)에서 52% 수준까지 정상화되었다. 환자의 LA/Ao는 2.5 이상으로 이미 심각한 좌심방 종대와 좌심방압 상승이 있었으나 적절한 약물 처치로 1.7 수준(ACVIM B2)으로 감소시킬 수 있었다. 다만 좌심실 확장 지표들은 내원 당시 거의 정상 상태였거나 ACVIM B1 단계였으나 추적조사 과정 중에 ACVIM B2 단계로 확장되었다. 이러한 소견은 심각하지 않았던 CMVI 환자에서 갑작스러운 건삭 파열로 인해 급성 폐수종이 발생할 경우 흔히 나타나는 소견이다. 심장의 리모델링은 좌심방 확장 후 좌심실 확장이 발생하기 때문에 이러한 환자에서 심각한 좌심방 확장과 함께 경미한 좌심실 확장이 동반되는 경우가 종종 있다. 세균성 심내막염에 의한 급성 폐수종 환자에서도 유사한 심초음파 소견을 관찰할 수 있다. 이러한 환자에서 심장의 종대 정도를 나타내는 지표보다는 심장의 기능을 반영하는 지표들이 더 유용하게 사용될 수 있다. 이 환자에서도 E/IVRT, LV Tei index, IVRT 및 LVET 모두 심부전의 정도와 밀접하게 연관되어 있으며, 환자의 상태를 정확하게 반영하였다. 또한 이 환자의 추적 조사에서 E/E'와 %LA-FS와 같은 지표를 활용하여 심부전 상태에 맞춰 약물 조정이 어떻게 이루어졌는지를 보여주었다.\n폐성 고혈압은 CMVI 환자에서 흔히 발생하는 합병증이다. 이 환자에서도 삼첨판에서 경미한 TR 소견이 관찰되었으나, 이후 진행된 초음파 검사에서는 폐성 고혈압을 뒷받침하는 소견이 확인되지 않았다. 우심실 유출로인 폐동맥에서 측정한 AT와 AT/ET는 폐성 고혈압을 배제할 수 있는 수치(0.53이었으며, %RV-FS 수치 또한 72%로 폐성 고혈압을 배제할 수 있는 수준이었다. 이러한 지표들은 매우 간단하며 측정이 용이했고, 이후 추적 조사에서도 환자의 폐성 고혈압 발생 여부를 평가하는 데 매우 유용하게 활용되었다.\n\n환자정보\n환자는 12세의 중성화된 암컷 비글 믹스로, 지역 병원에서 ACVIM C단계의 심부전을 동반한 이첨판 폐쇄부전증으로 오랜 기간 동안 관리받고 있었다. 환자는 기침과 운동불내성 간헐적 빈호흡 증상을 보였다. 환자는 최근 들어 약물로 조절되지 않는 폐수종이 반복적으로 재발하는 상태였다. 환자는 이틀에 한 번씩 폐수종이 재발하여 입원 치료를 받았으며, 입원 당시에는 furosemide와 dobutamine CRI 처치를 포함한 산소 치료를 받았다. Furosemide 3 mg/kg q12h, enalapril 0가 환자의 마지막 경구 투여 약물이다.5 mg/kg q12h, sildenafil 2 mg/kg q8h,pimobendan 0.5 mg/kg q12h, spironolactone1 mg/kg q12h이었다..\n신체 검사\n환자는 좌심첨부에서 5/6 강도의 수축기 역류성 심잡음이 청진되었으며, 수축기 혈압은 112 mmHg였다. 그 밖에 신체 검사상 이상 소견은 관찰되지 않았다.\n진단 검사\n실험실 검사\n환자는 CBC상 이상 소견은 관찰되지 않았으나 지속적인 panting에 의한 호흡성 알카리증을 암시하는 소견이 관찰되었다(혈액 가스 검사상 pH 7.54, pCO2 25.1 mmHg). 혈액 생화학 검사상 BUN (81 mg/dL)과 creatinine (2.3 mg/dL) 상승이 관찰되었지만 SDMA수치는 정상이었다(12 mg). 그 밖의 이상 소견은 관찰되지 않았다. Biomarker 검사상, NT-proBNP 2308 (RR 0-900)로 심부전을 암시하는 소견을 보였다.\n심전도 검사\n동성 리듬으로 좌심종대 패턴과 심근 허혈을 암시하는 ST segment slurring 소견이 관찰되었지만 이상 박동은 관찰되지 않았다(HR 155 bpm).\n흉부 방사선 검사\n흉부 방사선상, 심종대(VHS 12.5, VLAS 3.5, RLAS 3.0)과 심한 좌심방 확장이 관찰되었고 오른쪽 후폐엽에 뚜렷한 침윤이 관찰되었다. 폐정맥의 노장이 두드러졌으며, 폐문 주위에서 좌측 주기관지 압박이 뚜렸했고 기관 복측 거상이 뚜렷하게 관찰되었다.\n심장초음파 검사\nLA/Ao SX는 2.74 (ISACHC III)로 측정되었고 LVIDdN은 2.99(정상 범위 1.6 이하), LVIDd/Ao 3.44 (ISACHC III)로 측정되었다. 이러한 소견은 말기 단계 심부전을 암시한다. 컬러 도플러 검사상 좌심방으로 역류되는 모자이크성 혈류가 관찰되었고, vena contractaVC 길이는 1.3 mm로 측정되었다. 환자의 VCL:Ao는 0.08로 기준치인 심한 MR을 암시하는 기준치인 0.24보다 작았다. PW 도플러 검사상 이첨판 혈류 E-peak 속도는 1.91 m/sec (ISACHC III)이었으며, CW 도플러 검사상 고속의 이첨판 역류 혈류를 확인할 수 있었다. TDI 도플러 검사를 통해 septal E/E’ 17.07과 평균 E/E’ 13.76으로 울혈성 심부전을 암시하는 소견을 확인할 수 있었다. 이첨판 혈류의 PW 도플러 검사상 IVRT는 36 msec로 크게 단축되어 있고(기준치 45 ms 이상), E/IVRT는 5.3(기준치 E/IVRT 2.5 이하)으로 울혈성 심부전을 나타내는 소견을 보이고 있다. CW 도플러 검사상 경미한 삼첨판의 역류(1.2 m/sec)가 관찰되었고 폐동맥 단축단면에서 MPA:Ao 직경비는 1.12이고 RPA:Ao 직경비는 0.69로 경미한 폐동맥 혈관계 확장소견이 보였다. 폐동맥 단축단면에서 CW 도플러 검사로 측정한 폐동맥 역류 속도는 1.6 m/s로 경미한 폐성 고혈압을 나타내고 있었다.\n치료 및 환자 관찰\n상기 영상 진단 검사를 토대로 환자는 ACVIM D 단계의 심부전 증상을 보이는 CMVI로 진단되었고 경미한 폐성 고혈압을 동반한 상태로 진단하였다. 비록 혈액 검사에서 IRIS II단계의 질산혈증 소견이 관찰되었지만 SDMA 농도가 정상 수준이고 과량의 이뇨제 복용 병력을 고려하여 신전성 질산혈증으로 간주하고 신부전에 대한 처치는 고려하지 않았다. 환자의 흉부 방사선상 폐수종이 있고 팬팅을 하는 등 호흡곤란 증상을 보여서 입원하여 다음과 같은 처치를 실시하였다. 환자의 수축기 혈압이 112 mmHg로 높지 않은 점을 고려하여 sodium nitroprusside 처치는 하지 않았고, butorphanol 0.2 mg/kg IV, dobutamine 5 mg/kg/min IV CRI와 furosemide 2 mg/kg bolus IV 투여 후 0.66 mg/kg/hr IV CRI를 투여한 후 산소케이지에서 환자를 넣은 뒤 1시간 간격으로 체온, 호흡수, 심박수와 혈압을 모니터하였다. 환자는 응급 치료 4시간 뒤에 호흡수가 40회 이하로 떨어졌고 이후 촬영한 흉부 방사선 사진에서 좌측 후엽에 경미한 침윤을 제외한 폐엽의 침윤 소견은 소실되어 있었다.\n환자는 계속 입원하여 다음과 같은 경구 처방으로 3일간 관리하였다: Pimobendan 0.5 mg/kg TID, torsemide 0.3 mg/kg BID, spironolactone 2 mg/kg BID, isosorbide dinitrate 0.5 mg/kg TID, enalapril 0.5 mg/kg BID, aminophylline 10 mg/kg BID, furosemide 2 mg/kg, BID(하루 중 경구 약물 투여 중간에 각각 1회씩 SC 투여). 환자는 이후 더 이상 폐수종이 재발하지 않아서 상기 처방을 가지고 퇴원하였고 1주일간 집에서 관리한 후 좌심방 감암술을 위해 다시 내원하였다.\n재내원 당시 흉부 방사선상 심종대 소견은 개선은 관찰되지 않았지만 더 이상의 미만성 폐침윤 소견은 관찰되지 않았다. 하지만 좌측 후폐엽의 침윤 소견은 여전히 지속되고 있었다. 심장 초음파 검사상 LA/Ao Sx는 2.78로 측정되었고 M-mode상 LVIDd는 44 mm이고, LVIDdN은 2.49, LVIDd/Ao 2.69이였다. 이러한 소견은 초진 시 측정한 심초음파 소견에 비해 좌심방 종대는 별다른 개선이 없지만 좌심실 이완말기 직경이 크게 감소했음을 보여주고 있었다. PW 도플러 검사상 이첨판 혈류 E-peak 속도는 1.21 m/sec이었고 TDI 도플러 검사상 lateral E/E’ 8.6으로 좌심방압이 20 mmHg 이하로 유지되고 있음을 보여주었다. 보호자 진술에 따르면 환자는 수면 시에도 호흡수가 30회 이하로 유지되고 일상 생활에 큰 어려움은 없었다고 했다.\n환자의 vital signs이 모두 정상 수준으로 유지되었고 재내원 당시 수축기 혈압이 130 mmHg 이상으로 유지되어 있어서 좌심방 감압을 위한 심방중격절개술(atrioseptotomy)을 실시하였다. 환자는 butorphanol (0.2 mg/kg, IV)과 midazolam (0.1 mg/kg, IV)으로 전신마취하고 alfaxalone (2 mg/kg, IV)로 마취를 유도한 후 기관내 삽관을 실시하고 isoflurane 1~4%로 마취를 유지하였다. 8 Fr introducer를 경정맥에 장착 후 3.3 mm flexible endoscope를 이용하여 심방 중격을 확인하고 10 mm balloon catheter를 이용하여 foramen ovale에서 인공적인 심방 결손을 만들었다. 환자는 시술 직후 바로 마취에서 회복하였고, 산소방에서 하루 입원 후 퇴원하였다. 이 기간동안 경구 투여약물만 시간에 맞추어 투여하였다. 환자는 중간에 맞추던 furosemide 피하 주사 처치를 중단하고 pimobendan 0.5 mg/kg TID, torsemide 0.3 mg/kg BID, spironolactone 2 mg/kg BID, isosorbide dinitrate 0.5 mg/kg TID, enalapril 0.5 mg/kg BID, aminophylline 10 mg/kg BID만을 1주일간 처방한 후 퇴원시켰다.\n환자는 다시 1주 뒤에 종합적인 심장 재검사를 위해 내원하였다. 신체 검사상 별다른 차이가 없었지만 수축기 혈압이 120 mmHg으로 안정적이었다. 환자의 신장 수치는 BUN 54 mg/dl, creatinine 1.1 mg/dl로 감소하였고 SDMA는 10으로 정상 수준으로 감소하였다. 전해질 검사상 나트륨, 칼륨, 염소, 인, 칼슘 수치는 모두 정상이였고, 흉부 방사선상, 심종대 소견도 개선되고 이전에 있었던 좌측 후엽의 침윤 소견이 완전히 소실되어 있었다. 또한 복배상에서 관찰되던 전폐엽 정맥의 확장 소견도 더 이상 관찰되지 않았다.\n심장 초음파 검사에서 좌심방과 우심방 사이의 션트 혈류가 관찰되었고 션트의 방향은 좌심방에서 우심방으로 유입되는 혈류였으며 결손부위의 최대 직경은 8 mm로 측정되었다.\n시술 1주일 뒤 촬영한 심장 초음파 컬러 도플러 검사상, 좌심방의 혈류가 우심방으로 유입되고 있고 션트의 직경은 8 mm로 측정되었다. 대동맥 단축단면에서 측정한 LA/Ao는 1.99로 측정되어서 시술 전 2.78에 비해 크게 감소된 상태였다. 하지만 좌심실 내강의 직경은 LVIDd 46.2 mm, LVIDdN 2.43과 LVIDd/Ao 3.14로 시술 직전 측정한 결과와는 큰 차이가 없었지만, 초진 내원 직후 측정한 직경에 비해 크게 감소된 상태였다. PW 도플러 검사상 이첨판 혈류 E-peak 속도는 1.25 m/sec로 내원 당시(1.91 m/s)보다 크게 감소되어 있었고, TDI 도플러 검사상 lateral E/E’ 6.6 및 평균 E/E’ 8.43으로 좌심방에 압력부하가 완전히 사라져 있었다(정상 E/E’ 9 이하). 이첨판 혈류의 PW 도플러 검사상 IVRT는 67 ms로 거의 정상 수준을 보였고, E/IVRT는 1.86으로 좌심방압의 상승을 암시하는 소견이 모두 소실되어 있었다. PW 도플러 검사로 폐동맥 혈류를 측정한 결과 AT 50 ms, ET 117 ms, AT/ET 0.42로 폐성 고혈압을 암시하는 소견은 관찰되지 않고 있다.\n환자는 시술 이후 활동량이 크게 개선되어 산책도 가능한 상태가 되었으며, 식욕이 크게 증가되어 시술 전보다 체중이 500 g 증가되어 있었다. 수면시 호흡수는 20회 이하로 꾸준히 유지되었고, 심장병 이전의 활발한 성격으로 회복한 상태라고 보호자는 진술하였다. 환자는 동일한 처방을 한 달간 실시한 후 점진적인 약물 감량 프로그램을 실시하기로 했다.\n증례 고찰\n본 증례는 만성 이첨판 폐쇄부전증에 의한 재발성/난치성 폐수종 환자를 좌심방 감압술로 치료한 증례이다. 환자는 내원 이전 병원에서 고농도의 이뇨제 처치와 강심제 처치에도 불구하고 폐수종이 하루 걸러 재발하는 상태였다. 내원 당시 흉부 방사선 검사에서도 폐수종을 보이고 있었다. 내원 당시 심초음파 검사상, LA/AoSx는 2.74로 ISACHC III 단계의 심각한 좌심방 확장이 있었고, LVIDdN은 2.99(정상 범위 1.6 이하), LVIDd/Ao 3.44로 ISACHC III 단계의 좌심실 확장 소견을 동반한 상태였다. 도플러 검사상 이첨판 혈류 E-peak 속도는 1.91 m/sec, TDI 도플러 검사상 평균 E/E’ 13.76으로 심각한 좌심방압 상승을 암시하는 소견을 보이고 있었다. 또한 IVRT와 E/IVRT는 각각 36 msec와 5.3으로 폐수종이 있는 환자 수준의 좌심방압 상승이 있었다. 이러한 단계의 환자는 ACVIM 가이드라인 기준으로 stage D 단계로 입원 처치가 필요한 환자를 나타내고 있었다. 환자는 심각한 좌심방 확장에 따른 type II 폐성 고혈압 소견을 동반한 상태였다.\n이러한 환자는 좌심방 감압술이 증상 개선에 큰 도움이 되는 환자군에 속한다. 하지만 이러한 환자에 대한 마취는 table death의 위험이 높기 때문에 즉각적인 시술보다는 시술에 앞서 환자를 안정화시키는 것이 더 중요하다. 따라서 환자는 입원 후 공격적인 이뇨제 처치와 강심제 처치로 폐수종을 완화시키고 환자의 vital signs을 안정화시키는 것이 더 중요하다. 따라서 환자는 FOND (furosemide, oxygen, nitrate, dobutamine) 기법을 이용한 처치가 계획되었으나 수축기 혈압이 낮은 관계로 sodium nitroprusside 처치를 제외한 FOD (furosemide, oxygen, dobutamine) 처치를 실시하였다. 다행히 환자의 상태는 안정화되었고, isosorbide dinitrate(정맥성 혈관확장제)와 torsemide (loop성 이뇨제)를 포함한 경구용 약물로 관리가 가능한 상태가 되었다. 폐성 고혈압에 대한 2020년 ACVIM 가이드라인에 따르면 울혈성 심부전 환자에서 폐수종이 있을 경우, sildenafil 사용을 금지하고 있다. Sildenafil 투여로 폐동맥 혈관이 확장되면 폐정맥으로 유입되는 혈류를 증가시켜 폐수종을 악화시키기 때문이다. 따라서 비록 환자가 경미한 폐성 고혈압 소견이 있었지만, 우심방 확장이나 복수 같은 소견이 관찰되지 않았기 때문에 경구용 약물에서 sildenafil 처방을 제외시켰다. 대신 정맥성 혈관 확장제인 isorsobide dinitrate를 대체 투여하였다. 환자는 처방 1주일 뒤 심초음파 검사에서 심방 확장 소견은 개선이 없었지만 좌심방압을 나타내는 지표인 E/E’의 큰 폭의 감소가 있었고, 좌심실 내강의 직경이 크게 감소되었다. 이는 좌심실에 걸린 전부하의 감소를 의미했다.\n환자의 상태가 마취를 견딜 수 있는 수준으로 완화되어서 butorphanol, midazolam, alfaxalone 및 isoflurane을 합제로 사용하는 마취를 실시하였다. 이러한 마취법은 이미 저자의 실험실에서 수의 마취학회지에 발표한 바 있는 심혈관계 질환 환자에게 가장 안정적인 효과를 보였던 마취법으로 빈맥이나 저혈압을 유발하지 않는 심혈관계 환자 전용 마취법이다. Alfaxalone은 propofol과 유사한 마취유도와 부드러운 마취회복을 유발하는 반면 propofol과 달리 저혈압을 유발하지 않는다. 또한 etomidate와 유사한 심혈관계 보존 효과가 있는 반면 etomidate처럼 각성 시 근강직 같은 부작용을 유발하지 않는다. 환자의 경우에도 마취 직후 바로 깨어나서 보호자 면회시 꼬리를 흔드는 등 부드럽고 빠른 각성을 보였다.\n좌심방 감압을 위한 심방중격절개술은 저자가 2015년부터 악성 폐수종이 있는 말기 CMVI 환자를 대상으로 실시하던 치료법이다. 최근 미국에서도 이와 유사한 시술법이 VCA동물병원의 Dr. Allen 등에 의해 시술되고 있고 2019년 ACVIM 정례 학회에서 발표되어 심장 전문의들 사이에서 큰 주목을 받았던 시술법이다. 이 시술의 배경은 지나치게 높아지는 좌심방압을 그대로 방치하면 지속적으로 폐정맥압을 높여 폐수종을 유발하기 때문에 심방중격에 인의적인 결손을 만들어 좌심방 내 압력을 우심방으로 우회시키는 원리를 가지고 있다. 우심방/우심실은 좌심방/좌심실과 달리 수동적 순환계로 신장력이 높고 low pressure chamber로 높은 compliance를 보이는 분방이다. 따라서 심장에 걸리는 용적 과부하에 저항하는 장기로 좌심계에 비해 울혈성 심부전이 되려면 많은 시간이 필요하다. 통상 우심계에 고압이 걸리면 폐성 고혈압이라는 합병증이 발생한다. 하지만 Dr. Allen에 따르면 3년 이상 시술한 뒤에도 심각한 폐성 고혈압이 합병증으로 발생하는 경우가 없었다고 한다. 본 증례에서도 시술 후에 우심계로 들어가는 인공적 션트가 만들어졌음에도 폐성 고혈압은 악화되지 않았다.\n시술 1주일 뒤 다시 내원했을 때 보호자는 높은 만족도를 보였다. 환자는 시술 이후 활동량이 크게 개선되어 산책도 가능한 상태가 되었으며, 식욕이 크게 증가되어 시술 전보다 체중이 500g 증가되어 있었다. 수면 시 호흡수는 20회 이하로 꾸준히 유지되었고, 심장병 이전의 활발한 성격으로 회복하여 보호자가 크게 만족하는 상태였다. 혈액 검사상 신장 수치도 정상 수준을 유지했고, torsemide 처방 후 우려되었던 나트륨이나 칼륨수치 저하도 관찰되지 않았다. 초음파 검사에서 좌심방과 우심방 사이의 션트 혈류가 지속적으로 관찰되었고 션트의 최대 직경은 8 mm로 밸룬 직경 10 mm보다 약간 작은 상태였다. 대동맥 단축단면에서 측정한 LA/Ao는 1.99로 측정되어서 시술 전 2.78에 비해 크게 감소된 상태였고, 좌심방압을 나타내는 모든 지표들은 크게 개선되어 있었다(E-peak 1.25 m/sec[내원 당시 1.91 m/s], E/E’ 8.43 [내원 당시 13.76], IVRT 67 ms[내원 당시 36 ms], E/IVRT 1.86[내원 당시 5.3]). 폐동맥 혈류를 이용한 폐성 고혈압 유무를 파악하기 위한 검사에서도 AT/ET 0.42로 폐성 고혈압을 암시하는 소견은 관찰되지 않았다. 특히, 좌측 후폐엽에 항상 남아있던 폐엽의 침윤소견도 완전히 소실된 상태였다.\n본 증례에서 볼 수 있듯이 중재적 시술을 통한 좌심방 감압술은 말기 이첨판 폐쇄부전증 환자의 치료에 새로운 대안적 치료법이다. 비록 개심을 통한 이첨판 폐쇄부전증의 치료가 개발되어 있지만, 비용과 수술 중 사망률을 고려하면 이 시술은 비용적 측면과 수술 위험성에서 큰 이점이 있는 치료법이다. 개심수술과 달리 장기간 입원치료가 필요하지도 않고 많은 인원과 장비가 필요하지 않다. 환자의 수술 후 경과는 매우 양호하고 폐수종은 장기간 재발되지 않고 이뇨제를 포함한 심장 약물 투여량을 줄일 수 있어서 심부전에 따른 합병증 관리에도 큰 도움이 된다. 다만 심방중격에 인의적 천공을 만들기 위해서는 고도로 숙련된 전문의에 의해 환자 상태를 잘 모니터하면서 시술해야 한다는 단점이 있다. 심방중격을 천공하는 과정에 심방 세동이라든지 심실성 빈맥이 발생할 수 있고, 정확하게 formamen ovale가 아닌 부위에서 천공을 시도하다가 우심방 파열을 유발하면 환자가 table death될 수 있다는 점을 명심해야 한다.\n\n\n1983년 사람의 위장 조직으로부터 최초로 Helicobacer pylori(H. pylori)균의 분리 배양이 성공한 이후로 Helicobacter 균속에 의한 위장염과 위·십이지장 궤양 발생에 관한 연구들이 심도 있게 진행되고 있다.15.24. 위장염, 위·십이지장 궤양 발병과 H. pylori 균과의 상관관계가 밝혀짐에 따라 위장염 발생과 치료에 대한 이해사항들도 점차적으로 변화되고 있는 실정이다. 즉 기존의 제산제만을 통한 위장염과 위·십이지장 궤양의 치료법에 새로이 Helicobacer 균 감염의 박멸에 효과적인 항생제의 투여가 지시되게 된 것이다. 현재까지의 연구에 의하면 개와 고양이에 있어서 이러한 Helicobacter균 감염율은 60~100%로 감염율이 상당히 높은 것으로 알려져 있으나 이들 소동물에서의 Helicobacter균 감염과 위·장관계 임상증상과의 상관관계는 명확하게 규명되지 않고 있는게 사실이다.3.6.7.10.12.25. 이는 현재까지 소동물에있어서 수행된 Helicobacter 균 감염에 대한 대다수 연구들이 위·장관계 임상증상을 나타내지 않는 개체들에 대한 연구로서 이들 대부분에서는 감염은 인정되나 위장관계 임상증상을 나타내지 않는 양상으로 조사 보고되고 있다. 그러나 근래의 몇몇 연구에서는 개와 고양이에서 Helicobacter균 감염과 연관되어 만성 구토와 설사, 식욕부진, 식분증, 다식증 등의 임상증상이 나타날 수 있는 것으로도 보고되고 있는바 H. pylori 감염증의 중요성이 근래에 입증되고 있는 것과 같이 소동물에 있어서도 위·장관계 임상증상을 나타내는 개체들을 대상으로 하는 연구의 필요성이 제시되고 있다.5.25\n이에 본 저자등은 수개월간에 걸친 제산제 투여에도 반응을 보이지 않는 만성 구토증을 나타낸 개에서 위내 Helicobacter heilmannii(H. heilmannii)감염을 확인하고 삼중요법을 통한 치료과정과 그 결과를 보고해 개에서의 Helicobacter균 감염에 대한 이해를 높이고자 한다."
}