{
    "title": "그림으로 보는 개 고양이의 면역과 전염병",
    "author": "유한상 옮김",
    "publisher": "(주)범문에듀케이션",
    "department": "내과",
    "disease": "01\n\n  골수와 흉선은 일차 림프 기관이다(개에서는 회맹부, 파이어판도 포함). 그곳은 림프구가 성숙하고 자가면역반응과 같이 자신의 항원에 반응하는 세포들을 제거하는 선택 과정을 거치는 기관이다(Chart 10 참고). 일차 림프 기관은 태아 초기에 발생한다.\n  골수는 장골 또는 편평골 내부에 있는 해면조직이다. 골수에는 다기능 줄기세포가 있어 혈액생성과정(hematopoiesis. Chart 2 참고)이라고 알려져 있는 과정을 통해 모든 혈액 세포가 만들어진다. B 세포가 성숙하는 장소 또한 골수이다.\n  흉선은 태아 발달 과정에서 형성되고 출생 시에 완전한 기능을 하는 첫 번째 림프 기관이다. 성성숙 전까지 큰 장기로서 유지되다가 그 이후에 기능이 떨어지고 T 세포의 증식과 분화가 감소한다. 매우 이른 단계에 골수에 의해 생성된 pre-T 세포(T 세포 전구체)는 흉선에서 T 세포로 성숙한다.\n  이차 림프 조직 및 기관은 늦은 태아시기에 발생하며 동물의 일생동안 지속된다. 여기에는 림프절, 비장 및 점막 관련 림프구 조직(MALT)이 포함된다(MALT에는 편도선과 파이어판, 장간막 림프절 등을 포함한다). 그들의 일차적인 기능은 항원 전달 세포(APC)와 림프구 사이의 상호 작용을 촉진하는 것이다.\n  이차 림프 기관에는 T 세포, B 세포, 그리고 APC(대식세포와 수지상세포)가 많이 존재한다. 여기에서는 특이 또는 후천적 면역 반응이 수행된다(Chart 5 참고). 전신 면역은 비장과 림프절에서 주로 일어나지만, 국소 면역은 MALT에서 발생한다(Chart 11 참고).\n  림프절은 면역 세포로 채워진 그물망으로 이루어져 있다. 그들은 임파선 순환을 따라 전략적으로 배치되고 림프구 유래 항원에 대한 반응이 시작된다.\n  비장에서 면역 반응은 면역 세포를 포함하고 있는 백색수질(white pulp)에서 발생한다. 혈액 유래 항원에 대한 반응이 이곳에서 시작된다.\n  섭취되거나 흡입된 항원 또는 잠재적으로 유해한 물질에 대한 면역 반응은 MALT에서 자주 시작된다. 이러한 항원은 국소면역반응을 유도하는 전문화된 세포에 의해 포획된다.\n림프 기관 및 조직_LYMPHOID ORGANS AND TISSUES\n면역체계는 면역 반응을 담당하는 세포가 생성, 축적, 성숙되는 장기와 구조로 이루어져 있다.\n림프구는 일차 림프 기관에서 생성되어 성숙하게 된다. 이차 림프 기관은 성숙한 림프구가 만나서 항원과 접촉하는 곳이다.\n면역 세포는 혈관과 림프관 그리고 조직과 혈액 사이를 끊임없이 순환한다. B 세포는 주로 이차 또는 말초 림프 기관에 위치하는 반면, T 세포는 지속적으로 몸속을 순환하여 혈액중에서 지배적인 림프구로 작용한다.\n\n면역계의 세포_CELLS OF THE IMMUNE SYSTEM\n출생 후, 모든 혈액 세포와 면역계의 세포들은 장골의 골수로부터 생겨난다. 특히, 조혈 줄기 세포는 다기능 줄기 세포를 만들어내는데, 이것은 두 개의 세포 계통에서 유래한다: 림프 계통 및 골수 계통.\n골수\n \n림프구 전구체는 B 세포, 혈장성 수지상세포(DC2), pre-T 세포 및 자연살해(NK)세포를 발생시킨다.\n  골수 전구체는 골수성 수지상세포(DC1), 단구 및 다형핵 과립구(호염기구, 호산구, 그리고 호중구)를 발생시킨다.\n  B 세포는 골수 및 파이어판에서 성숙되어 항원(BCR)의 인식을 위한 특정 수용체의 레퍼토리를 획득한다. 성숙한 B 세포는 먼저 혈액으로 이동하고 후에 이차 림프 기관으로 이동한다(Chart 1 참고). 그들은 특정한 체액성 반응을 담당한다.\n  수지상세포는 가장 중요한 항원 제시 세포(APC)이다. 그들은 항원 세포를 포획, 처리 및 T 세포에 제시하는 역할을 한다. 그들은 흉선, 이차 림프 기관과 골수 기원(DC1)의 세포, 또한 표피 및 기타 조직(간질 세포)에도 위치하고 있다.\n  B 세포 및 T 세포와는 달리, 자연살해세포는 빠르게 활성화되고 종양과 감염 세포를 공격하기 위해 자연 면역반응(innate mechanism) 또는 항체 의존적 세포독성(ADCC)에 의해 조직에 침투할 수 있다.\n  호염구 및 비만세포는 동일한 전구세포에서 유래했으며 형태학적으로 유사하다. 호염구는 혈액에서 우세하며 비만세포는 조직에서 우세하다. 두 가지 모두 염증 및 알레르기 반응에 관여한다.\n  호산구와 호중구는 주요 탐식세포이다. 호중구는 혈관 외 유출(diapedesis)에 의해 혈액에서 조직으로 빠르게 이동함에 따라 감염부위에 도달하는 첫 번째 탐식세포이다.\n  혈액은 간, 폐, 뼈, 이차 림프 기관 및 결합 조직과 같은 다양한 조직으로 단핵세포를 운반하며, 이곳에서 빠르게 대식세포로 분화된다. 그들의 주요 기능은 대식작용과 APC와 같은 역할을 하는 것이다.\n  흉선에서 T 세포는 성숙하고 항원인식(TCR)을 위한 특정 수용체의 레퍼토리를 획득하고 자기 항원에 관용을 갖는다. TCR유형에 기초하여, 그들은 2개의 하위 집합으로 분류된다: a) 기능을 결정하는 CD4 또는 CD8 마커를 얻는 αβ T 세포, 그리고 b) 일반적으로 분화 마커를 나타내지 않고(일부는 CD8을 발현할 수 있음) 점막 표면에 풍부한  T 세포.\n  성숙한 T 세포는 흉선을 떠나 이차 림프 기관으로 이동하여 수지상세포가 제시하는 항원 인식 후 활성화된다. 도움 T 세포(Th 또는 CD4+)는 B 세포 및 Tc 세포의 활성화에 관여하는 반면에 세포독성 T 세포(Tc 또는 CD8+)는 세포 매개 적응 반응을 담당한다(Chart 5 참고).\n  조직의 간질성 수지상세포(DC1)와 피부의 랑게르한스 세포는 골수 계통으로부터 유래하고 다양한 종류의 MHC II 분자를 세포 표면에 발현한다. 혈장성 수지상세포(DC2)와 달리, 간질성 수지상세포는 조직과 이차 림프 기관 사이의 림프와 혈액을 통해 재순환할 수 있다.\n면역계에서의 인식 분자_RECOGNITION MOLECULES IN THE IMMUNE SYSTEM\n면역 체계의 세포는 표면에 다른 분자들을 가지고 있으며, 이것들은 중요한 면역 기능을 수행한다. 이러한 분자들의 대부분은 이니셜 CD와 숫자로 명명한다.\n그것들은 T 세포 상의 CD3와 같은 세포 계통의 특징을 나타내는 지표일 수도 있고 활성화와 성숙 상태를 나타내는 지표일 수도 있다. 또한, 이들 분자는 진단 목적을 위한 면역 마커로 사용될 수 있다.\n \nCD4와 CD8 마커는 anti-CD4 및 anti-CD8 단클론 항체를 사용한 유동 세포 계측법을 통하여 Th 및 Tc 세포를 정량화할 수 있다. \n \n \n면역학적 연결\n  면역학적 연결은 면역 체계의 두 세포의 접촉 지점이다. 세포들 사이의 상호 작용은 결합 분자와 사이토카인을 통해 이루어진다. 림프구의 활성화를 위해서는 이러한 세포 간의 정보 교환이 필요하다.\n  림프구에 대한 CD4와 CD8마커뿐만 아니라 BCR(막 Ig-CD79)과 TCR-CD3은 항원의 특이적 인식부위에 관여한다.\n  CD4 및 CD8 마커는 T 세포에서 항원 인식을 위한 보조 수용체로 작용한다. CD4는 Th에 그리고 CD8은 Tc에 있어서 특징적이다. 다른 포유 동물과는 달리 개에서 CD4 마커는 호중구와 대식세포에 위치해 있다.\n  마커 CD19, CD81, 그리고 CD21은 B 세포에서 공동 수용체 역할을 하며 세포 활성화에 참여한다. 또한, CD21은 보체(CR2)의 성분인 C3b 및 C3d에 대한 수용체이다.\n  APC와 Th 세포 사이, Th 세포와 B 세포 또는 Tc 세포 사이의 면역학적연결에는 세포 상호 작용과 관련된 많은 결합 분자가 존재한다(CD2, CD28, CD54...). 이러한 상호 작용이 세포 활성화이다.\n  Type I MHC 분자(MHC-I)는 거의 모든 핵생성 세포에 존재한다. 반면에, Type II MHC 분자는 가공된 아미노산화합물과 결합하는 APC 상에만 존재한다. 이들 MHC 아미노산화합물 복합체는 T 세포의 TCR에 의해 인식된다.\n  “비-자기(non-self)” 항원의 인식에 관련된 분자 중 일부는 만노스 수용체와 toll-like 수용체(TLR)이다.\n  자연살해세포는 자기자신과 변형된 MHC-I의 인식에 관여하는 다른 수용체를 보유한다: LIL-R(CD85)와 C-타입 렉틴계 수용체.\n  TLR은 APC, 호중구 및 자연살해세포에서 발현된다. 이들은 선천성 면역 반응에 있어서 중요한 분자이며 PAMP (pathogen-associated molecular patterns)를 인식한다. TLR은 세포 표면에 위치하거나 세포 내에 위치할 수 있다. TLR 리간드에 대한 TLR의 결합은 대식 작용을 자극하는 효소 및 사이토카인의 생산 그리고 림프구의 활성화를 유도한다.\n  호중구 및 대식세포의 보체 부분 C3b와 C4b (CR3 및 CR4)에 대한 수용체는 탐식 작용을 자극한다. 또한, 다른 수용체는 면역복합체의 제거를 촉진한다; 예를 들면, 대식세포와 B 세포에 존재하는 CR1 (CD35). 대식세포, 비만세포, 그리고 호염기구의 C3a, C4a 및 C5a 수용체는 화학 주성과 알레르기 반응에 관여한다.\n  Ab의 Fc에 대한 수용체는 탐식작용 또는 ADCC(항체 의존성 세포독성)에 의한 면역 복합체와 감염된 세포의 제거를 촉진한다. 이들 수용체는 자연살해세포, 수지상세포, 대식세포, 그리고 호중구에서 발견된다(Chart 5, 13 참고).\n  사이토카인에 대한 세포막 수용체는 면역계의 다양한 세포에서 발현된다. 그들은 특정 세포의 기능을 중재하는 특정 유전자의 전사를 통하여 세포 간 소통에 관여한다. IL-2 수용체(IL-2R)는 활성화된 T 세포의 특징적인 마커이다.\n신체 표면과 호흡기, 소화기와 비뇨 생식계에는 물리적, 화학적, 그리고 생물학적 장벽이 있어 병원균의 침입을 막기 위해 노력한다. 이러한 반응과 구성 요소들은 지속적으로 작동한다.\n선천성 면역_INNATE IMMUNITY\n선천성 면역은 외부물질에 대한 첫 번째 방어선이다. 그 특성은 다음과 같다: 즉각적인 반응, 비특이성(항원 사이의 미묘한 차이를 구별할 수 없음), 그리고 기억 부재(동일한 항원에 반복적으로 노출된 후에도 동일한 구성 및 강도로 반응).\n  눈: 깜박임, 눈물 흘림.\n  호흡기: 기침과 재채기, 기관지 점막 섬모, 계면 활성제, 점액, 자생 미생물총.\n  피부와 머리카락: 무결성, 박리, 건조, 지방산, pH, 자생 미생물총.\n  위장관: 타액, 구토, 담즙산, 연동, 점액, pH, 자생 미생물총.\n  비뇨 생식기계: 점액, pH, 자생 미생물총.\n외래 항원이 표면 장벽을 침투하게 되면 내부 선천성 면역반응 성분과 기전이 활성화된다.\n  내부 선천성 요소는 세포(단핵세포, 대식세포, 다형핵 과립구, 수지상세포, 비만세포, 자연살해세포, 상피내 γδ T 림프구)와 가용성 인자(보완 체계 및 IFN와 TNF 같은 특정 사이토카인들)이다.\n단핵구\n \n비만세포\n대식세포\n자연살해세포\nγδ T 세포\n \n \n항체의존성 세포독성을 통한 세포파괴(ADCC)\n  선천적 면역의 내부기전에는 탐식 작용(Chart 9 참고), 보체 활성, 염증 반응(Chart 7 참고), 자연살해세포에 의한 변형된 세포 제거가 포함된다.\n  자연살해세포는 APC에 의해 생성된 IL-12에 의해 활성화된다. 자연살해세포는 여러 기능을 가진 선천성 감시 세포이다; 그것의 주요 기능은 후천성 면역 반응보다 훨씬 더 먼저 비정상적인 세포를 파괴하는 것이다.\n  자연살해세포는 MHC-I를 인식할 수 있는 수용체의 발현을 억제한다. 그리고 변형된 세포에서만 발현되는 단백질에 결합하는 수용체를 활성화시킨다. 두 종류의 수용체 사이의 균형의 소실(불균형)은 표적세포의 파괴와 세포 사멸을 활성화시키는 퍼포린(perforins), 그래눌로라이신(granulolysins), 그리고 NK-lysins의 분비를 자극한다.\n보체 시스템은 선천적 그리고 후천적 면역 체계에 있어서 필수 구성 요소이다. 그것은 혈장과 세포 표면에 존재하는 30개 이상의 다른 단백질로 구성되어 있고 접두사 C 또는 문자(B, D, P)와 함께 숫자로 나타낸다.\n  미생물 구성 성분(PAMP)이 존재하는 경우, 보체는 대체(alternative) 또는 렉틴 경로를 통해 직접적으로 활성화된다. 또한, 면역 복합체 형성 후에 활성화된다(기존 경로를 통해, Chart 13 참고). 보체 활성화는 효소 연쇄작용 경로를 시작하여 병원체의 표면에 막 공격 복합체(MAC)을 형성하여 병원체를 파괴한다.\n  보체 시스템의 구성 요소에 결함이 있으면 Breanny Spaniel 품종의 일부 개에 나타난 C3의 열성 상염색체 결핍과 같은 감염에 대한 감수성이 증가할 수 있다(Chart 23 참고).\n  또한, 보체 시스템의 활성화는 염증(Chart 7 참고), 후천성 면역체계의 조절, 그리고 항상성의 유지에 중요한 역할을 한다.\n* MBL: Mannose-Binding Lectin.\n** MASP-1 y MASP-2: Mannose-Associated Serine Protease.\n보체계의 기능\n선천성 면역\t획득 면역\t평형\n•\t옵소닌화\n•\t병원체의 용해\n•\t주화성\n•\t염증반응\n•\t세포의 활성화\t•\t면역복합체, 자멸세포의 제거\t•\t체액성면역의 증가\n•\tT 세포의 반응 활성화\n•\t자가반응 B 세포의 제거\n후천성 면역 반응_ADAPTIVE IMMUNE RESPONSE\n후천성 면역 반응(특정한 또는 습득한)의 특징은 특이성, 기억(항원에 대한 연속적인 노출에 더 강함), 큰 다양성(항원의 다양성에 반응함), 그리고 자기 제한(항원이 더 이상 존재하지 않으면 감소함)이다. 이러한 반응은 이중적이다: 체액성, 혈장 세포로 분화된 후 B 세포에 의해 분비된 항체에 의해 매개됨; 그리고 세포성, 세포독성 T 세포(Tc)에 의해 매개됨. 항체는 외부 항원 (세포 밖의 박테리아, 바이러스, 독성 등)에 효과적이다. Tc는 세포 내 병원균과 종양유사세포에 감염된 세포를 파괴한다.\n적응면역 요소 출현\n  후천성 면역 반응은 미감작 림프구(T 또는 B)가 항원을 특이적으로 인식할 때 시작된다. 이러한 인식은 그것의 클론 증식(모든 자손이 본래 림프구의 것과 같은 수용체를 가지고 있음)과 작동 세포 분화를 유도한다.\n  항원 제시 세포(APC)는 MHC의 분자와 관련된 항원 아미노산화합물을 T 세포에 제시한다(T 세포는 자유 아미노산화합물을 인식하지 못함): 내인성 항원은 MHC-I 분자와 결합하고 외인성 항원은 MHC-II 분자와 결합한다(Chart 8 참고).\n  T 세포는 두 개의 주요 하위 집단으로 구별된다: 도움 T 세포(Th, CD4+)와 세포독성 T (Tc, CD8+) 세포이다.\n  일단 항원이 제거되면 대부분의 작동 림프구가 세포 사멸로 죽고 항상성(휴식 상태)이 회복된다. 기억 림프구가 일반적으로 생성된다. 그들은 동일한 항원에 대한 후속 노출 후 제기되는 이차 반응을 유도한다.\nT 세포\n  T-의존성(또는 TD) 항원: 대부분의 항원에 대한 항체의 합성은 왼쪽에 보이는 도식에 따라 Th2 세포와 B 세포의 협력을 필요로 한다. 이것들에 대한 이차 반응은 기억 림프구의 영구성 때문에 일차 반응보다 더 강하다. TD 항원은 단백질성분이다.\n  T-비의존성(또는 TI) 항원: 다른 항원 (지질 다당류와 같은)은 T 세포의 도움이 필요 없는 항체를 생산하기 위해 B 세포를 직접적으로 자극할 수 있다. 기억 림프구는 생성되지 않으므로 이차 반응과 일차 반응의 강도는 동일하다.\n  TD 항원에서 일차 반응은 비교적 높은 IgM 농도에 의해 특징지어지는 반면, 이차 반응에서는 강도가 더 커짐과 더불어 IgG의 비율이 더 크다.\n \n\n  Th1 반응은 세포 면역을 촉진한다: Tc 세포를 활성화하면서 세포내 병원균 제거에 기여한다. 반면에, Th1에 의해 분비되는 IFN-γ는 만성 염증 반응을 증가시키고(Chart 7 참고) 대식세포를 활성화시켜 세포내 병원균을 제거한다.\n  CTL에 의한 세포독성: Tc상의 T 세포 수용체(TCR)는 수지상세포의 항원-MHC-I 복합체를 인식한다. Th1 사이토카인의 영향을 받아, 이들 Tc 세포는 높은 세포 용해 작용 세포(CTL)로 전환된다. CTL은 퍼포린과 그란자임을 방출하여 감염된 세포를 파괴한다.\n  Th2 반응은 플라스마 세포(항원 세포를 인식한 후 B 세포로부터 분화됨)에 의한 항체의 합성과 분비를 촉진한다(Chart 9 참고). 항체는 중화, 보체와 결합하여 용해 등과 같은 다양한 작용에 의해 항원을 제거하는 데 기여한다.\n항체 농도\n  항원 제시 중에 APC에 의해서 생성된 사이토카인에 따라, Th 세포는 Th1 또는 Th2로 분화한다(Chart 9 참고).\n \n\n5\n \n  면역글로불린은 기본 단위로 4개의 사슬 구조를 가진다. 그것은 두 개의 동일한 무거운 사슬(H)과 두 개의 동일한 가벼운 사슬(L)로 구성되어 있다. 사슬은 사이 (inter-) 및 내부(intra-) 사슬에 이황화(-S-S-) 결합에 의해 함께 유지된다. 힌지 부위는 면역글로불린에 일정한 유연성을 부여한다.\n  각 사슬은 변성(V)와 불변성(C) 부위로 구성된다. 항원은 특이성이 있는 Ig의 변형 부위에 결합한다. 변수의 아미노산 서열의 비교는 파라토프 또는 항원 결정기 결합 부위(Ig에 의해 특이적으로 인식되는 항원의 서열)로 형성된 3개의 상보성 결정 영역 (CDR)을 나타낸다.\n  면역글로불린은 구형 부위(도메인)로 접혀 있다: Ig 아이소타입에 따라 2개의 L 사슬(VL, CL) 및 4 또는 5개의 H 사슬(VH, CH1, CH2, CH3 및 CH4)로 존재한다.\n면역글로불린_IMMUNOGLOBULINS\n면역글로불린(Ig) 또는 항체(Ab)는 특이적으로 반응할 수 있는 항원(Ag)에 반응하여 형질 세포에 의해 생성되는 당 단백질이다. Ig는 세포 밖 환경 (Chart 3 참고)에서 한때 분비된 B 세포 수용체(BCR)이며, 체액성 반응의 조절 인자이다. 그들은 주로 혈액에 존재지만 다른 체액(우유, 타액)과 점막 표면에 있을 수도 있다.\n불변성 부위의 서열에 따라 무거운 사슬은 그리스 문자(μ, γ, α, ε, δ)로 불리는 5개의 동형(isotype) 또는 부류로 분류될 수 있다. 그들은 Ig (IgM, IgG, IgA, IgE, IgD)의 다른 부류를 형성한다. 또한, 아미노산 서열의 작은 변화는 하위 부류를 정의하는데, 그것은 개와 고양이에 있어 다르다.\n  Ig는 단백질 분해 효소에 의해 다른 생물학적 성질을 갖는 3개의 단편으로 분해될 수 있다: 2개의 Fab 분획(항원 결합 부위의 단편)과 쉽게 결정화되는 분획, Fc, 이는 Ig의 생물학적 기능을 조절한다. Fc는 면역 체계의 다른 세포의 표면에 FcR 수용체에 의해 인식된다(Chart 3, 5 참고).\n  혈장 세포는 면역 반응을 통해 다른 Ig 아이소타입을 분비할 수 있지만 항상 동일한 유전자형(항원에 대한 특이성)을 유지한다.\nIgG. 혈액 내 주된 동형이며 이차 반응이 특징(Chart 5 참고). 단량체이며 혈관을 통과할 수 있다. 개와 고양이(IgG1-IgG4)에서 4개의 하위 부류가 확인되었으며, 단지 적은 비율이 태반을 통과할 수 있다(Chart 12 참고).\n  IgM. 일차 반응에 특이적인 동형(Chart 5 참고). 이황화 결합과 작은 아미노산화합물(J 사슬)에 의해 안정화된 오량체이다. 이것의 거대한 사이즈는 그들이 순환 기관 내에 머물게 한다. 하지만, 그들은 J 사슬의 결합에 의해 상피를 통과할 수 있다.\n  IgG 및 IgM은 중화, 응집, 침전, 그리고 항원의 탐식 작용(옵소닌으로서) 뿐만 아니라 ADCC(항체 의존적 세포독성)의 과정에 관여한다. IgM은 전통적인 경로에 의해 보체를 활성화 시킬 수 있다.\n  IgE. 알레르기(Chart 21 참고) 및 기생충에 대한 보호(Chart 18 참고)의 특징적인 동형. 그들은 비만세포와 같은 특정한 세포 표면의 특정 수용체(FcεR)와 결합한다. 개와 고양이에서 두 개의 하위 부류가 확인되었다(IgE1과 IgE2).\n  IgD. 동형은 표면 Ig (BCR)로만 존재한다.\n IgA. 대개 체내 분비물에 이량체로 존재한다. 이것은 분비체(secretory piece)라고 불리는 아미노산화합물에 의해 단백질 분해로부터 보호되며, 또한 IgA가 면역 방어 작용에 참여하고 병원균을 중화시키는 점막을 가로질러 이동하는 것을 돕는다.\n\n"
}